month,year,SNA_NAME,total_days_in_month,non_instructional_days_in_month,summer_weekdays_in_month,instructional_days_in_month,Avg_monthly_Per_Person,Avg_monthly_Per_hh,total_population_true_total,total_households,children_under_age18,children_5to14,children_15to17,hamilton_meal_cost,hh_snap_percent,meal_percent_income_covered,hh_size,free_reduced_estimate_f,month_meals,month_meal_dollars,snap_dollars,meal_percent_snap_covered,cps_meals,meal_percent_cps_covered,pre_charity_coverage
1,2019,Avondale,31,11,0,20,231.17,465.09,12570,5516,3724,1951,395,3.17,0.385605511,0.661131539,2.148326173,1,1169010,3705761.7,824372.025,0.222456837,60996,0.052177484,0.935765859
1,2019,Bond Hill,31,11,0,20,231.17,465.09,7174,3182,1642,974,210,3.17,0.166561911,0.861170719,2.209983273,1,667182,2114966.94,205414.75,0.097124331,30784,0.046140334,1.004435384
1,2019,California,31,11,0,20,231.17,465.09,976,373,197,71,77,3.17,0,0.995655354,2.62,0.13,90768,287734.56,0,0,500.24,0.005511193,1.001166548
1,2019,Camp Washington,31,11,0,20,231.17,465.09,1396,446,230,90,47,3.17,0.311659193,0.850194744,2.36,1,129828,411554.76,53872.925,0.130900989,3562,0.0274363,1.008532033
1,2019,Carthage,31,11,0,20,231.17,465.09,2940,1039,1017,569,245,3.17,0.26852743,0.798250225,2.82,1,273420,866741.4,108133.425,0.124758579,21164,0.077404725,1.000413529
1,2019,Clifton,31,11,0,20,231.17,465.09,8552,4156,1437,824,202,3.17,0.063282002,0.867285366,2.05898971,0.4,795336,2521215.12,101932.225,0.040429801,10670.4,0.013416217,0.921131384
1,2019,College Hill,31,11,0,20,231.17,465.09,16403,7201,3858,2424,568,3.17,0.147896126,0.848234995,2.259642139,1,1525479,4835768.43,412767.375,0.085357143,77792,0.05099513,0.984587267
1,2019,Columbia Tusculum,31,11,0,20,231.17,465.09,1573,741.3396774,288.7216129,145.6293548,42.11580645,3.17,0,0.985060788,2.12,0.13,146289,463736.13,0,0,634.5786452,0.004337843,0.989398631
1,2019,Corryville,31,11,0,20,231.17,465.09,3984,1863,206,56,28,3.17,0.088030059,0.707081154,2.07188253,1,370512,1174523.04,63562.3,0.054117542,2184,0.005894546,0.767093242
1,2019,CUF,31,11,0,20,231.17,465.09,16974,5547,607,271,122,3.17,0.07066883,0.757190222,2.238798162,1,1578582,5004104.94,151929.4,0.030360954,10218,0.006472898,0.794024074
1,2019,Downtown,31,11,0,20,231.17,465.09,3857,2785.980015,161.0910437,42.35603257,9.401184308,3.17,0.105997329,0.894340912,1.355066114,1,358701,1137082.17,114453.3934,0.100655341,1345.687639,0.003751558,0.998747811
1,2019,East End,31,11,0,20,231.17,465.09,1601,747,314,157,70,3.17,0.096385542,0.906127111,2.13,1,148893,471990.81,27905.4,0.059122761,5902,0.039639204,1.004889076
1,2019,East Price Hill,31,11,0,20,231.17,465.09,13848,5640,3857,2225,513,3.17,0.322695035,0.787443661,2.411106297,1,1287864,4082528.88,705386.5,0.172781754,71188,0.055276023,1.015501438
1,2019,East Walnut Hills,31,11,0,20,231.17,465.09,3905,2374.665167,354.968509,161.9228792,64.96015424,3.17,0.054825481,0.939804694,1.627011524,1,363165,1151233.05,50459.22617,0.043830592,5898.958869,0.016243192,0.999878478
1,2019,East Westwood,31,11,0,20,231.17,465.09,2503,1090.543121,808.9919768,456.4381182,169.6380157,3.17,0.33312742,0.744960522,2.271434279,1,232779,737909.43,140802.0505,0.190812103,16277.97948,0.0699289,1.005701526
1,2019,English Woods,31,11,0,20,231.17,465.09,474,204.5326969,158.8295943,87.10739857,25.11408115,3.17,0.369469027,0.633179512,2.26,1,44082,139739.94,29288.46,0.209592619,2917.758473,0.06618934,0.908961471
1,2019,Evanston,31,11,0,20,231.17,465.09,8382,3597.707265,1822.861401,1000.732867,406.494777,3.17,0.188057913,0.833913829,2.158989501,0.36,779526,2471097.42,262224.4546,0.106116599,13171.65075,0.016897,0.956927428
1,2019,Hartwell,31,11,0,20,231.17,465.09,5397,2651,829,241,190,3.17,0.105620521,0.916339072,1.98,1,501921,1591089.57,108521,0.068205462,11206,0.022326223,1.006870757
1,2019,Hyde Park,31,11,0,20,231.17,465.09,13291,6703,2567,1591,218,3.17,0.016261376,0.954528694,1.971784666,0.65,1236063,3918319.71,42245.675,0.010781579,30572.1,0.024733448,0.990043721
1,2019,Kennedy Heights,31,11,0,20,231.17,465.09,5057,2619,865,427,34,3.17,0.107674685,0.909102727,1.92,1,470301,1490854.17,109296.15,0.073311094,11986,0.025485806,1.007899627
1,2019,Linwood,31,11,0,20,231.17,465.09,687,268,202,127,39,3.17,0.28358209,0.750871946,2.56,1,63891,202534.47,29455.7,0.145435491,4316,0.06755255,0.963859987
1,2019,Lower Price Hill,31,11,0,20,231.17,465.09,761,249.3715139,284.9960159,83.37649402,51.54183267,3.17,0.531914894,0.52970774,2.29,1,70773,224350.41,51409.66198,0.229148955,3507.876494,0.04956518,0.808421875
1,2019,Madisonville,31,11,0,20,231.17,465.09,10838,5173,2288,1160,273,3.17,0.108061086,0.874742712,2.131092452,1,1007934,3195150.78,216654.425,0.067807262,37258,0.036964722,0.979514695
1,2019,Millvale,31,11,0,20,231.17,465.09,2150,863.3146461,890.4344779,502.4702172,66.29292221,3.17,0.530541012,0.571131307,2.48,1,199950,633841.5,177518.5844,0.280067784,14787.84163,0.073957698,0.925156789
1,2019,Mt. Adams,31,11,0,20,231.17,465.09,1629,1030,92,46,26,3.17,0,0.971985466,1.58,0.13,151497,480245.49,0,0,243.36,0.001606368,0.973591834
1,2019,Mt. Airy,31,11,0,20,231.17,465.09,8950,3913.515048,2508.398814,1501.777465,430.7405486,3.17,0.277678133,0.769444247,2.274527374,1,832350,2638549.5,421176.8044,0.159624371,50245.46835,0.060365794,0.989434412
1,2019,Mt. Auburn,31,11,0,20,231.17,465.09,4641,2132,961,570,133,3.17,0.166041276,0.844227446,2.01,1,431613,1368213.21,137201.55,0.100277902,18278,0.042348122,0.98685347
1,2019,Mt. Lookout,31,11,0,20,231.17,465.09,4996,2118.660323,1233.278387,701.3706452,159.8841935,3.17,0,0.972236101,2.369967974,0.13,464628,1472870.76,0,0,2911.041355,0.006265316,0.978501417
1,2019,Mt. Washington,31,11,0,20,231.17,465.09,12297,5492.241856,3154.57833,1700.554633,391.2559107,3.17,0.160947887,0.892556094,2.225589981,0.45,1143621,3625278.57,342602.6277,0.094503807,24474.18336,0.021400607,1.008460508
1,2019,North Avondale - Paddock Hills,31,11,0,20,231.17,465.09,4236,1513.627567,606.17009,288.3442539,103.5450687,3.17,0.20760095,0.852837131,2,1,393948,1248815.16,121787.8942,0.097522754,10189.12239,0.02586413,0.976224015
1,2019,North Fairmount,31,11,0,20,231.17,465.09,1621,699.4673031,543.1704057,297.8926014,85.88591885,3.17,0.369469027,0.633179512,2.26,1,150753,477887.01,100161.59,0.209592619,9978.241527,0.06618934,0.908961471
1,2019,Northside,31,11,0,20,231.17,465.09,7865,3918,1410,678,239,3.17,0.164369576,0.88677349,2.006624285,1,731445,2318680.65,249598.3,0.107646691,23842,0.032595752,1.027015934
1,2019,Oakley,31,11,0,20,231.17,465.09,12034,6473,1256,478,247,3.17,0.052216901,0.941124033,1.834845438,1,1119162,3547743.54,131000.35,0.036924977,18850,0.016842959,0.994891969
1,2019,Over-the-Rhine,31,11,0,20,231.17,465.09,5200,2498,1076,598,132,3.17,0.325060048,0.812888983,1.860265385,0.65,483600,1533012,314710.9,0.205289261,12337,0.025510753,1.043688997
1,2019,Pendleton,31,11,0,20,231.17,465.09,1083,571,238,111,49,3.17,0.218914186,0.824800105,1.9,1,100719,319279.23,48446.875,0.151738261,4160,0.041303031,1.017841397
1,2019,Pleasant Ridge,31,11,0,20,231.17,465.09,7182,3534.503299,1409.428841,690.7728558,255.6503299,3.17,0.085550603,0.945230719,2.006922863,1,667926,2117325.42,117194.4975,0.055350253,24607.00283,0.036840912,1.037421883
1,2019,Queensgate,31,11,0,20,231.17,465.09,243,79.62848606,91.00398406,26.62350598,16.45816733,3.17,0.531914894,0.52970774,2.29,1,22599,71638.83,16415.96302,0.229148955,1120.123506,0.04956518,0.808421875
1,2019,Riverside,31,11,0,20,231.17,465.09,1772,929.6467066,299.6766467,135.7784431,49.7005988,3.17,0.179142163,0.85078079,1.920112867,1,164796,522403.32,64546.32275,0.123556494,4822.45509,0.02926318,1.003600465
1,2019,Roselawn,31,11,0,20,231.17,465.09,7627,3442,2060,1154,384,3.17,0.29110982,0.733542471,2.123861282,1,709311,2248515.87,388350.15,0.172713991,39988,0.056375835,0.962632298
1,2019,Sayler Park,31,11,0,20,231.17,465.09,3001,1169,690,395,136,3.17,0.127459367,0.870307156,2.56,1,279093,884724.81,57748.675,0.065273037,13806,0.049467382,0.985047575
1,2019,Sedamsville,31,11,0,20,231.17,465.09,520,218.3532934,118.3233533,64.22155689,25.2994012,3.17,0.386809269,0.783156815,2.26,1,48360,153301.2,32735.00225,0.213533894,2327.54491,0.048129547,1.044820257
1,2019,South Cumminsville,31,11,0,20,231.17,465.09,704,282.6853539,291.5655221,164.5297828,21.70707779,3.17,0.530541012,0.571131307,2.48,1,65472,207546.24,58127.01556,0.280067784,4842.158374,0.073957698,0.925156789
1,2019,South Fairmount,31,11,0,20,231.17,465.09,1981,855,453,211,131,3.17,0.392982456,0.704799795,2.09,1,184233,584018.61,130225.2,0.222981251,8892,0.048264969,0.976046014
1,2019,Spring Grove Village,31,11,0,20,231.17,465.09,2171,862,599,373,70,3.17,0.212296984,0.889740215,2.51,1,201903,640032.51,70926.225,0.110816597,11518,0.057047196,1.057604008
1,2019,Villages at Roll Hill,31,11,0,20,231.17,465.09,2348,847,1244,487,48,3.17,0.710743802,0.410982508,2.77,1,218364,692213.88,233320.15,0.337063669,13910,0.063700976,0.811747154
1,2019,Walnut Hills,31,11,0,20,231.17,465.09,6368,3492,1070,513,163,3.17,0.452176403,0.7327332,1.799605842,0.69,592224,1877350.08,611980.925,0.32598125,12127.44,0.020477792,1.079192242
1,2019,West End,31,11,0,20,231.17,465.09,6695,3532.019985,1595.908956,1087.643967,210.5988157,3.17,0.363444591,0.744639173,1.909876027,1,622635,1973752.95,497527.5316,0.252071837,33754.31236,0.054212038,1.050923048
1,2019,West Price Hill,31,11,0,20,231.17,465.09,18343,7664.524854,5121.964782,2655.326325,847.0986757,3.17,0.237111692,0.852876947,2.387708663,1,1705899,5407699.83,704358.828,0.130251096,91063.05003,0.053381267,1.03650931
1,2019,Westwood,31,11,0,20,231.17,465.09,32316,14259.45688,8629.008023,4229.561882,1379.361984,3.17,0.223270087,0.84579064,2.254729236,1,3005388,9527079.96,1233926.475,0.129517804,145832.0205,0.048523525,1.023831969
1,2019,Winton Hills,31,11,0,20,231.17,465.09,6008,2268,3018,1748,402,3.17,0.547619048,0.548176713,2.65,1,558744,1771218.48,481368.15,0.271772317,55900,0.100045817,0.919994847
1,2020,Avondale,31,13,0,18,120.07,241.69,12719,5968,3390,1896,515,3.33,0.358746649,0.698973421,1.999154336,1,1182867,3938947.11,431215.2417,0.109474748,56417.4,0.047695472,0.856143641
1,2020,Bond Hill,31,13,0,18,120.07,241.69,7276,3243,1799,1169,149,3.33,0.134443417,0.864866589,2.200033454,1,676668,2253304.44,87814.03333,0.038971225,30841.2,0.045578038,0.949415852
1,2020,California,31,13,0,18,120.07,241.69,930.8790896,329.3826458,241.5704125,113.1493599,52.40967283,3.33,0,0.971241403,2.8,0.13,86571.75533,288283.9453,0,0,503.6305775,0.005817493,0.977058896
1,2020,Camp Washington,31,13,0,18,120.07,241.69,1128,412,112,33,24,3.33,0.191747573,0.893005193,1.9,1,104904,349330.32,15911.25833,0.045547888,1333.8,0.012714482,0.951267563
1,2020,Carthage,31,13,0,18,120.07,241.69,3021,1040,911,537,286,3.33,0.225961538,0.806840928,2.9,1,280953,935573.49,47330.95833,0.050590316,19258.2,0.068545985,0.925977228
1,2020,Clifton,31,13,0,18,120.07,241.69,8476,4118,1379,751,212,3.33,0.050995629,0.875841693,2.075568288,0.4,788268,2624932.44,42295.75,0.016113081,9013.68,0.011434791,0.903389566
1,2020,College Hill,31,13,0,18,120.07,241.69,16199,7263,3660,2115,618,3.33,0.144292992,0.842489456,2.210749863,1,1506507,5016668.31,211075.9333,0.042074923,63952.2,0.042450649,0.927015028
1,2020,Columbia Tusculum,31,13,0,18,120.07,241.69,1533.955374,712.7721151,250.8824927,120.0414576,40.70609982,3.33,0.027389277,0.962334613,2.15,0.13,142657.8497,475050.6397,3931.95656,0.008276921,488.9940697,0.00342774,0.974039274
1,2020,Corryville,31,13,0,18,120.07,241.69,4310,1868,192,75,9,3.33,0.051391863,0.705229009,2.254939759,1,400830,1334763.9,19335.2,0.014485858,1965.6,0.004903825,0.724618691
1,2020,CUF,31,13,0,18,120.07,241.69,16792,5439,516,180,190,3.33,0.05846663,0.775875336,2.201993048,1,1561656,5200314.48,64047.85,0.012316149,8658,0.005544115,0.7937356
1,2020,Downtown,31,13,0,18,120.07,241.69,3914.909697,2723.126573,201.8201332,37.58771281,0,3.33,0.115489662,0.908709516,1.400396681,1,364086.6018,1212408.384,63341.50456,0.052244364,879.5524796,0.002415778,0.963369658
1,2020,East End,31,13,0,18,120.07,241.69,1462,703,201,94,47,3.33,0.086770982,0.935705267,2.06,1,135966,452766.78,12285.90833,0.027135181,3299.4,0.024266361,0.987106809
1,2020,East Price Hill,31,13,0,18,120.07,241.69,14788,6063,4110,2240,563,3.33,0.309252845,0.802082883,2.421629116,1,1375284,4579695.72,377640.625,0.082459763,65590.2,0.047692113,0.932234759
1,2020,East Walnut Hills,31,13,0,18,120.07,241.69,3730.882391,2345.219794,238.0109254,95.55205656,27.90938303,3.33,0.042030472,0.949114357,1.57315749,1,346972.0623,1155416.968,19852.95921,0.017182506,2888.997686,0.008326312,0.974623175
1,2020,East Westwood,31,13,0,18,120.07,241.69,2594.407483,1110.703775,825.609913,480.56864,143.2812563,3.33,0.331502393,0.719523199,2.316640032,1,241279.8959,803462.0533,74158.74147,0.092298997,14598.08758,0.06050271,0.872324906
1,2020,English Woods,31,13,0,18,120.07,241.69,452.0534606,217.202864,136.4305489,76.47350835,21.49403341,3.33,0.252083333,0.721772965,2.03,1,42040.97184,139996.4362,11027.75518,0.078771685,2292.440477,0.054528722,0.855073373
1,2020,Evanston,31,13,0,18,120.07,241.69,8305.282307,3343.437259,1505.62945,782.1793541,288.1667115,3.33,0.14225908,0.880456912,2.1611644,0.36,772391.2545,2572062.878,95796.71353,0.03724509,9016.595257,0.011673611,0.929375613
1,2020,Hartwell,31,13,0,18,120.07,241.69,5213,2384,1046,412,203,3.33,0.117449664,0.913793044,2.12,1,484809,1614413.97,56394.33333,0.034931767,14391,0.029683855,0.978408666
1,2020,Hyde Park,31,13,0,18,120.07,241.69,13423,6632,2497,1401,325,3.33,0.012665862,0.953415044,2.009787826,0.65,1248339,4156968.87,16918.3,0.004069864,26252.46,0.021029913,0.978514821
1,2020,Kennedy Heights,31,13,0,18,120.07,241.69,5020,2564,821,456,28,3.33,0.097113885,0.910703138,1.95,1,466860,1554643.8,50150.675,0.032258627,11325.6,0.024259093,0.967220858
1,2020,Linwood,31,13,0,18,120.07,241.69,669.9474518,311.2997095,109.5716926,52.42751518,17.77818854,3.33,0.027389277,0.962334613,2.15,1,62305.11302,207476.0264,1717.262655,0.008276921,1642.813467,0.026367234,0.996978768
1,2020,Lower Price Hill,31,13,0,18,120.07,241.69,858.0199203,279.690239,281.9641434,89.44023904,42.44621514,3.33,0.482384824,0.59529547,2.3,1,79795.85259,265720.1891,27173.67532,0.102264248,3086.143028,0.038675482,0.7362352
1,2020,Madisonville,31,13,0,18,120.07,241.69,10708.11111,5353.468575,1880.752525,960.5347924,350.6116723,3.33,0.083063405,0.887632225,2.036783539,1,995854.3333,3316194.93,89561.71967,0.027007375,30680.82727,0.030808549,0.945448149
1,2020,Millvale,31,13,0,18,120.07,241.69,2172.59986,849.0014015,897.9677645,539.3833217,57.25297828,3.33,0.573203194,0.545278332,2.55,1,202051.787,672832.4506,98015.42893,0.145675835,13961.28942,0.06909758,0.760051746
1,2020,Mt. Adams,31,13,0,18,120.07,241.69,1617,975,115,69,28,3.33,0,0.968495181,1.66,0.13,150381,500768.73,0,0,295.074,0.001962176,0.970457357
1,2020,Mt. Airy,31,13,0,18,120.07,241.69,8806.992291,3766.476649,2421.760119,1321.154633,452.6658265,3.33,0.231938543,0.771281074,2.33455419,1,819050.283,2727437.442,175948.5284,0.064510564,41507.39875,0.050677473,0.886469111
1,2020,Mt. Auburn,31,13,0,18,120.07,241.69,4632,2374,708,325,162,3.33,0.136478517,0.876137822,1.804115492,1,430776,1434484.08,65256.3,0.045491129,11395.8,0.02645412,0.948083071
1,2020,Mt. Lookout,31,13,0,18,120.07,241.69,4936.097175,2131.928175,1133.545815,635.5310272,151.5157116,3.33,0.00888933,0.969493974,2.316645316,0.13,459057.0372,1528659.934,3816.972452,0.00249694,2394.19618,0.005215466,0.977206379
1,2020,Mt. Washington,31,13,0,18,120.07,241.69,12196.83526,5429.929707,3033.712291,1576.369099,438.2196687,3.33,0.151879582,0.908039547,2.222381882,0.45,1134305.679,3777237.912,166100.5367,0.043974073,21213.61972,0.018701854,0.970715475
1,2020,North Avondale - Paddock Hills,31,13,0,18,120.07,241.69,4209.835302,1701.342946,614.3596247,356.2685893,47.92390549,3.33,0.193256155,0.872082623,2.078163362,1,391514.6831,1303743.895,66222.05226,0.050793758,9458.104378,0.024157726,0.947034107
1,2020,North Fairmount,31,13,0,18,120.07,241.69,1545.946539,742.797136,466.5694511,261.5264916,73.50596659,3.33,0.252083333,0.721772965,2.03,1,143773.0282,478764.1838,37713.06149,0.078771685,7839.759523,0.054528722,0.855073373
1,2020,Northside,31,13,0,18,120.07,241.69,7789,3910,1374,665,222,3.33,0.135805627,0.900782894,1.987628735,1,724377,2412175.41,106947.825,0.04433667,20755.8,0.028653312,0.973772875
1,2020,Oakley,31,13,0,18,120.07,241.69,11666.88889,6491.531425,1354.247475,449.4652076,337.3883277,3.33,0.035326436,0.95188309,1.773530829,1,1085020.667,3613118.82,46187.49699,0.012783277,18412.37273,0.016969606,0.981635972
1,2020,Over-the-Rhine,31,13,0,18,120.07,241.69,5407,2800,872,458,96,3.33,0.251071429,0.865757332,1.735303846,0.65,502851,1674493.83,141590.0583,0.08455693,8426.34,0.016757131,0.967071394
1,2020,Pendleton,31,13,0,18,120.07,241.69,980,476,218,92,44,3.33,0.149159664,0.880294889,2.06,1,91140,303496.2,14299.99167,0.047117531,3182.4,0.034917709,0.962330129
1,2020,Pleasant Ridge,31,13,0,18,120.07,241.69,7044.73327,3555.784166,1513.62394,880.9359095,225.2940622,3.33,0.11101451,0.916917317,1.939781398,1,655160.1942,2181683.447,79504.65824,0.036441885,25885.78134,0.039510614,0.992869816
1,2020,Queensgate,31,13,0,18,120.07,241.69,273.9800797,89.30976096,90.03585657,28.55976096,13.55378486,3.33,0.482384824,0.59529547,2.3,1,25480.14741,84848.89088,8677.008018,0.102264248,985.4569721,0.038675482,0.7362352
1,2020,Riverside,31,13,0,18,120.07,241.69,1794.736527,917.6646707,227.8023952,131.2814371,36.76047904,3.33,0.14330832,0.87063014,1.913544018,1,166910.497,555811.955,26487.00489,0.047654615,3932.180838,0.023558619,0.941843374
1,2020,Roselawn,31,13,0,18,120.07,241.69,8119,3692,1820,1000,359,3.33,0.263001083,0.731864272,2.113471876,1,755067,2514373.11,195567.4917,0.077779821,31800.6,0.042116263,0.851760356
1,2020,Sayler Park,31,13,0,18,120.07,241.69,2993,1193,668,393,164,3.33,0.158424141,0.874458463,2.510073309,1,278349,926902.17,38066.175,0.041068169,13033.8,0.046825388,0.96235202
1,2020,Sedamsville,31,13,0,18,120.07,241.69,568.2634731,262.3353293,101.1976048,60.71856287,20.23952096,3.33,0.207715134,0.865068649,2.07,1,52848.50299,175985.515,10974.94511,0.062362775,1894.419162,0.035846222,0.963277646
1,2020,South Cumminsville,31,13,0,18,120.07,241.69,711.4001402,277.9985985,294.0322355,176.6166783,18.74702172,3.33,0.573203194,0.545278332,2.55,1,66160.21303,220313.5094,32094.3544,0.145675835,4571.510582,0.06909758,0.760051746
1,2020,South Fairmount,31,13,0,18,120.07,241.69,1843,853,423,199,54,3.33,0.296600234,0.745799126,1.94,1,171399,570758.67,50956.30833,0.089278203,5920.2,0.034540458,0.869617787
1,2020,Spring Grove Village,31,13,0,18,120.07,241.69,2239,889,645,434,64,3.33,0.282339708,0.824591244,2.51,1,208227,693395.91,50553.49167,0.07290711,11653.2,0.055963924,0.953462277
1,2020,Villages at Roll Hill,31,13,0,18,120.07,241.69,2382,844,1266,581,40,3.33,0.699052133,0.414767959,2.82,1,221526,737681.58,118830.9167,0.161087005,14531.4,0.065596815,0.64145178
1,2020,Walnut Hills,31,13,0,18,120.07,241.69,6382,3777,808,386,125,3.33,0.36457506,0.800911924,1.688450063,0.69,593526,1976441.58,277339.275,0.140322526,8250.606,0.013901002,0.955135451
1,2020,West End,31,13,0,18,120.07,241.69,7714.090303,3427.873427,2694.179867,1503.412287,292,3.33,0.479453827,0.679860872,2.280349515,1,717410.3982,2388976.626,331016.0121,0.138559753,42012.64752,0.058561526,0.876982151
1,2020,West Price Hill,31,13,0,18,120.07,241.69,17977.5585,7434.568795,5158.830696,2798.855275,984.6436493,3.33,0.241029518,0.843703751,2.41101074,1,1671912.941,5567470.093,360913.7701,0.064825453,88533.87483,0.052953639,0.961482843
1,2020,Westwood,31,13,0,18,120.07,241.69,32214.59252,14285.29622,8935.390087,4066.43136,1436.718744,3.33,0.197181703,0.852091822,2.25775622,1,2995957.104,9976537.157,567326.8002,0.056866104,128773.7124,0.042982495,0.951940422
1,2020,Winton Hills,31,13,0,18,120.07,241.69,6204,2646,2954,1360,331,3.33,0.555933485,0.611866919,2.34,1,576972,1921316.76,296271.6583,0.154202401,39569.4,0.068581144,0.834650465
1,2021,Avondale,31,13,0,18,212.18,421.14,13427,5961,3578,1817,782,3.67,0.336017447,0.678530718,2.129065235,1,1248711,4582769.37,702952.85,0.153390405,60816.6,0.048703503,0.880624626
1,2021,Bond Hill,31,13,0,18,212.18,421.14,7640,3312,1924,1160,158,3.67,0.125,0.873251239,2.280066908,1,710520,2607608.4,145293.3,0.055718988,30841.2,0.043406519,0.972376746
1,2021,California,31,13,0,18,212.18,421.14,930.8790896,333.8947368,238.0995733,113.4964438,53.10384068,3.67,0,0.974532007,2.77,0.13,86571.75533,317718.3421,0,0,506.7980654,0.005854081,0.980386088
1,2021,Camp Washington,31,13,0,18,212.18,421.14,1190,461,124,39,34,3.67,0.21691974,0.894907014,1.87,1,110670,406158.9,35095,0.086407069,1708.2,0.015435077,0.99674916
1,2021,Carthage,31,13,0,18,212.18,421.14,2889,1107,899,566,206,3.67,0.274616079,0.817363415,2.6,1,268677,986044.59,106688.8,0.108198758,18064.8,0.067236124,0.992798297
1,2021,Clifton,31,13,0,18,212.18,421.14,8544,4182,1386,828,171,3.67,0.055475849,0.869871483,2.043306829,0.4,794592,2916152.64,81420.4,0.027920486,9350.64,0.011767851,0.90955982
1,2021,College Hill,31,13,0,18,212.18,421.14,17085,7353,3947,2269,700,3.67,0.15871073,0.812452927,2.296748156,1,1588905,5831281.35,409558.65,0.070234761,69474.6,0.043724829,0.926412517
1,2021,Columbia Tusculum,31,13,0,18,212.18,421.14,1546.001056,742.6786374,243.4058622,126.2719831,30.32189068,3.67,0.035234899,0.96879115,2.08,0.13,143778.0982,527665.6205,9183.732255,0.017404454,476.358564,0.003313151,0.989508756
1,2021,Corryville,31,13,0,18,212.18,421.14,4438,1936,161,85,5,3.67,0.048553719,0.710637046,2.253644578,1,412734,1514733.78,32989.3,0.021778943,2106,0.00510256,0.737518549
1,2021,CUF,31,13,0,18,212.18,421.14,17351,5533,603,326,155,3.67,0.053677932,0.777781785,2.291218334,1,1613643,5922069.81,104232.15,0.017600628,11255.4,0.006975149,0.802357562
1,2021,Downtown,31,13,0,18,212.18,421.14,4608.323464,3019.737232,182.9837158,34.24870466,0,3.67,0.108420912,0.920791648,1.445595022,1,428574.0822,1572866.882,114901.9652,0.073052568,801.4196891,0.001869968,0.995714184
1,2021,East End,31,13,0,18,212.18,421.14,1497,707,222,117,41,3.67,0.111739745,0.96313056,2.09,1,139221,510941.07,27725.05,0.054262716,3697.2,0.026556338,1.043949614
1,2021,East Price Hill,31,13,0,18,212.18,421.14,15139,6027,4271,2175,643,3.67,0.296996848,0.752217016,2.480657857,1,1407927,5167092.09,628200.5,0.121577183,65941.2,0.046835667,0.920629866
1,2021,East Walnut Hills,31,13,0,18,212.18,421.14,3830.861183,2460.753213,256.2429306,125.5520566,25.67737789,3.67,0.026929441,0.946580765,1.542606914,1,356270.09,1307511.23,23256.3017,0.017786694,3538.768766,0.009932826,0.974300285
1,2021,East Westwood,31,13,0,18,212.18,421.14,2454.68656,1098.389607,811.9877463,519.3576096,102.613651,3.67,0.373575999,0.726996982,2.224302837,1,228285.8501,837809.0698,144006.0136,0.171884047,14554.1275,0.063753962,0.962634992
1,2021,English Woods,31,13,0,18,212.18,421.14,488.2539379,230.778043,135.073031,67.19713604,23.30405728,3.67,0.221568627,0.728074357,2.07,1,45407.61623,166645.9516,17945.18749,0.107684509,2117.727924,0.046638166,0.882397032
1,2021,Evanston,31,13,0,18,212.18,421.14,8672.297261,3470.777016,1628.718848,822.756491,335.9758535,3.67,0.14073521,0.866051248,2.181702458,0.36,806523.6453,2959941.778,171425.2236,0.057915066,9761.161271,0.012102759,0.936069073
1,2021,Hartwell,31,13,0,18,212.18,421.14,5084,2421,960,407,270,3.67,0.090458488,0.922572537,2.03,1,472812,1735220.04,76858.05,0.04429297,15841.8,0.033505495,1.000371002
1,2021,Hyde Park,31,13,0,18,212.18,421.14,14090,6696,2678,1434,361,3.67,0.009109916,0.950683326,2.093173576,0.65,1310370,4809057.9,21407.95,0.004451589,27301.95,0.020835298,0.975970213
1,2021,Kennedy Heights,31,13,0,18,212.18,421.14,5042,2478,890,418,40,3.67,0.086763519,0.863439283,2.02,1,468906,1720885.02,75454.25,0.043846189,10717.2,0.022855754,0.930141226
1,2021,Linwood,31,13,0,18,212.18,421.14,675.2083443,324.3612358,106.3063111,55.14866649,13.24293636,3.67,0.035234899,0.96879115,2.08,1,62794.37602,230455.36,4010.949815,0.017404454,1600.363507,0.025485778,1.011681383
1,2021,Lower Price Hill,31,13,0,18,212.18,421.14,857.2619522,274.3844622,282.7221116,110.6633466,18.94920319,3.67,0.497237569,0.566005899,2.41,1,79725.36155,292592.0769,47881.60458,0.163646279,3032.933665,0.038042269,0.767694447
1,2021,Madisonville,31,13,0,18,212.18,421.14,10328.1431,5116.823232,1645.746914,776.157688,339.3602694,3.67,0.089933637,0.863930384,2.048913084,1,960517.3081,3525098.521,161498.2488,0.045813826,26103.1202,0.027176106,0.936920315
1,2021,Millvale,31,13,0,18,212.18,421.14,2390.311843,890.4344779,964.2606868,522.8100911,59.51296426,3.67,0.611675127,0.483970406,2.67,1,222299.0014,815837.3351,191147.2416,0.234295776,13626.3595,0.061297439,0.779563621
1,2021,Mt. Adams,31,13,0,18,212.18,421.14,1611,940,134,89,31,3.67,0,0.947803977,1.71,0.13,149823,549850.41,0,0,365.04,0.002436475,0.950240452
1,2021,Mt. Airy,31,13,0,18,212.18,421.14,8782.733284,3929.412157,2344.556412,1316.05278,373.766642,3.67,0.226574217,0.744310778,2.229856983,1,816794.1954,2997634.697,312452.0077,0.10423285,39541.77447,0.04841094,0.896954567
1,2021,Mt. Auburn,31,13,0,18,212.18,421.14,4811,2573,712,390,151,3.67,0.158958414,0.860787614,1.750066796,1,447423,1642042.41,143538.55,0.087414642,12659.4,0.02829403,0.976496286
1,2021,Mt. Lookout,31,13,0,18,212.18,421.14,5051.790599,2169.960127,1191.287827,626.5793504,164.435173,3.67,0.011706647,0.969539695,2.336911529,0.13,469816.5257,1724226.649,8915.16793,0.005170531,2406.26618,0.005121715,0.979831941
1,2021,Mt. Washington,31,13,0,18,212.18,421.14,12483.0966,5465.23091,3053.730015,1620.465724,681.9047985,3.67,0.130170228,0.909940127,2.261685777,0.45,1160927.984,4260605.702,249669.4635,0.058599523,24243.9616,0.020883261,0.989422911
1,2021,North Avondale - Paddock Hills,31,13,0,18,212.18,421.14,4352.841557,1743.469771,617.038221,334.6914524,117.3467686,3.67,0.155593612,0.880778935,2.099291785,1,404814.2648,1485668.352,95203.17472,0.064081041,10577.69437,0.026129747,0.970989723
1,2021,North Fairmount,31,13,0,18,212.18,421.14,1669.746062,789.221957,461.926969,229.802864,79.69594272,3.67,0.221568627,0.728074357,2.07,1,155286.3838,569901.0284,61369.51251,0.107684509,7242.272076,0.046638166,0.882397032
1,2021,Northside,31,13,0,18,212.18,421.14,7965,4049,1390,654,270,3.67,0.097061003,0.896129559,1.963954228,1,740745,2718534.15,137923.35,0.050734456,21621.6,0.029188992,0.976053007
1,2021,Oakley,31,13,0,18,212.18,421.14,11310.8569,6355.176768,1271.253086,532.842312,163.6397306,3.67,0.033488522,0.946221026,1.75428702,1,1051909.692,3860508.569,74691.10115,0.019347477,16297.6798,0.015493421,0.981061924
1,2021,Over-the-Rhine,31,13,0,18,212.18,421.14,5712,2976,893,456,143,3.67,0.228158602,0.865310959,1.766196154,0.65,531216,1949562.72,238295.05,0.122229999,9110.79,0.01715082,1.004691778
1,2021,Pendleton,31,13,0,18,212.18,421.14,1018,509,223,116,30,3.67,0.106090373,0.892919279,2,1,94674,347453.58,18951.3,0.054543401,3416.4,0.036085937,0.983548617
1,2021,Pleasant Ridge,31,13,0,18,212.18,421.14,7326.252592,3596.025448,1421.01131,749.3854854,189.8831291,3.67,0.111246761,0.906729328,2.000969089,1,681341.491,2500523.272,140396.2079,0.056146731,21978.88558,0.032258252,0.995134312
1,2021,Queensgate,31,13,0,18,212.18,421.14,273.7380478,87.61553785,90.27788845,35.33665339,6.050796813,3.67,0.497237569,0.566005899,2.41,1,25457.63845,93429.5331,15289.39542,0.163646279,968.4663347,0.038042269,0.767694447
1,2021,Riverside,31,13,0,18,212.18,421.14,1612.790419,737.7125749,260.4850299,139.6047904,32.31736527,3.67,0.210060228,0.823390031,2.149051919,1,149989.509,550461.498,54384.64102,0.098798265,4022.978443,0.026821732,0.949010029
1,2021,Roselawn,31,13,0,18,212.18,421.14,7056,3035,1647,887,249,3.67,0.228336079,0.749102912,2.200778812,1,656208,2408283.36,243208.35,0.100988262,26582.4,0.040509107,0.89060028
1,2021,Sayler Park,31,13,0,18,212.18,421.14,3122,1287,721,462,133,3.67,0.172494172,0.836237043,2.427624125,1,290346,1065569.82,77910.9,0.073116654,13923,0.047953132,0.957306829
1,2021,Sedamsville,31,13,0,18,212.18,421.14,570.2095808,206.2874251,147.5149701,72.39520958,18.68263473,3.67,0.203773585,0.785877964,2.64,1,53029.49102,194618.232,14752.50898,0.075802297,2131.221557,0.040189365,0.901869626
1,2021,South Cumminsville,31,13,0,18,212.18,421.14,782.688157,291.5655221,315.7393132,171.1899089,19.48703574,3.67,0.611675127,0.483970406,2.67,1,72789.9986,267139.2949,62589.60841,0.234295776,4461.840505,0.061297439,0.779563621
1,2021,South Fairmount,31,13,0,18,212.18,421.14,1948,879,467,238,64,3.67,0.360637088,0.72152678,2.02,1,181164,664871.88,111251.15,0.1673272,7066.8,0.03900775,0.927861729
1,2021,Spring Grove Village,31,13,0,18,212.18,421.14,2167,885,569,353,63,3.67,0.246327684,0.829347783,2.44,1,201531,739618.77,76507.1,0.103441263,9734.4,0.048302246,0.981091293
1,2021,Villages at Roll Hill,31,13,0,18,212.18,421.14,2556,861,1464,770,35,3.67,0.766550523,0.394923892,2.97,1,237708,872388.36,231627,0.265509045,18837,0.079244283,0.739677219
1,2021,Walnut Hills,31,13,0,18,212.18,421.14,6121,3661,769,356,74,3.67,0.356186834,0.781163163,1.662482726,0.69,569253,2089158.51,457638.8,0.21905413,6942.78,0.012196299,1.012413593
1,2021,West End,31,13,0,18,212.18,421.14,8108.676536,3560.262768,2883.016284,1662.751295,282,3.67,0.4933898,0.676673033,2.308115011,1,754106.9178,2767572.388,616477.8348,0.222750392,45507.18031,0.060345793,0.959769218
1,2021,West Price Hill,31,13,0,18,212.18,421.14,19033.09943,7620.713062,5323.327424,2962.558573,1141.668963,3.67,0.227960123,0.832467257,2.488727035,1,1770078.247,6496187.167,609676.8993,0.093851498,96038.92435,0.054256881,0.980575636
1,2021,Westwood,31,13,0,18,212.18,421.14,33395.31344,14676.61039,9045.012254,4450.64239,1192.386349,3.67,0.209562557,0.822624938,2.291599517,1,3105764.15,11398154.43,1079405.686,0.094700041,132046.8725,0.04251671,0.959841688
1,2021,Winton Hills,31,13,0,18,212.18,421.14,6294,2662,3029,1366,361,3.67,0.51014275,0.569889451,2.36,1,585342,2148205.14,476590.1,0.221855023,40411.8,0.069039638,0.860784113
1,2022,Avondale,31,13,0,18,246.02,485.19,12792,5700,3094,1540,797,4.1,0.34877193,0.690980596,2.096732697,1,1189656,4877589.6,803798.1,0.164794123,54685.8,0.045967742,0.901742461
1,2022,Bond Hill,31,13,0,18,246.02,485.19,7287,3139,1780,1167,192,4.1,0.153552087,0.86942799,2.290075272,1,677691,2778533.1,194884.65,0.070139402,31800.6,0.046924926,0.986492318
1,2022,California,31,13,0,18,246.02,485.19,929.4907539,341.8776671,256.1479374,125.2972973,57.61593172,4.1,0.023350254,0.969585022,2.71,0.13,86442.64011,354414.8245,3227.698293,0.00910712,556.4220427,0.006436893,0.985129035
1,2022,Camp Washington,31,13,0,18,246.02,485.19,1151,479,106,59,17,4.1,0.219206681,0.888968813,1.78,1,107043,438876.3,42454.125,0.096733692,1778.4,0.016613884,1.00231639
1,2022,Carthage,31,13,0,18,246.02,485.19,2759,1055,821,527,173,4.1,0.232227488,0.783555874,2.61,1,256587,1052006.7,99059.625,0.094162542,16380,0.063837996,0.941556413
1,2022,Clifton,31,13,0,18,246.02,485.19,8311,4192,1066,556,124,4.1,0.070849237,0.872889824,1.977352666,0.4,772923,3168984.3,120084.525,0.037893695,6364.8,0.008234714,0.919018233
1,2022,College Hill,31,13,0,18,246.02,485.19,16578,7214,3674,1973,744,4.1,0.174383144,0.81169804,2.262897641,1,1541754,6321191.4,508640.85,0.080465978,63577.8,0.041237318,0.933401337
1,2022,Columbia Tusculum,31,13,0,18,246.02,485.19,1527.30948,742.2632691,232.6062847,103.0113546,34.47557433,4.1,0.040850588,0.969597306,2.05,0.13,142039.7816,582363.1046,12259.89845,0.021051983,418.2352379,0.002944494,0.993593783
1,2022,Corryville,31,13,0,18,246.02,485.19,4593,1944,313,99,2,4.1,0.036522634,0.654416473,2.308411145,1,427149,1751310.9,28707.075,0.016391764,2363.4,0.005532964,0.676341201
1,2022,CUF,31,13,0,18,246.02,485.19,17703,5839,590,332,135,4.1,0.047097106,0.778482266,2.260336397,1,1646379,6750153.9,111189.375,0.016472124,10927.8,0.006637475,0.801591866
1,2022,Downtown,31,13,0,18,246.02,485.19,5257.262028,3281.935603,263.9726129,50.43523316,0,4.1,0.057514217,0.93358807,1.474933886,1,488925.3686,2004594.011,76319.56099,0.038072328,1180.184456,0.002413834,0.974074231
1,2022,East End,31,13,0,18,246.02,485.19,1430,707,161,88,24,4.1,0.101838755,0.944726758,2,1,132990,545259,29111.4,0.05339004,2620.8,0.019706745,1.017823543
1,2022,East Price Hill,31,13,0,18,246.02,485.19,15908,6082,5021,2667,762,4.1,0.29118711,0.723129086,2.611281774,1,1479444,6065720.4,716059.575,0.118050211,80238.6,0.054235645,0.895414942
1,2022,East Walnut Hills,31,13,0,18,246.02,485.19,4012.088046,2493.270566,399.2056555,215.1201799,60.33868895,4.1,0.035380584,0.913265016,1.603667093,1,373124.1883,1529809.172,35666.86986,0.023314588,6445.737532,0.017275046,0.95385465
1,2022,East Westwood,31,13,0,18,246.02,485.19,2434.307438,1059.651077,735.5904287,462.9622519,116.2436471,4.1,0.373495044,0.696477431,2.276188574,1,226390.5917,928201.426,160021.4944,0.172399535,13553.41804,0.059867409,0.928744374
1,2022,English Woods,31,13,0,18,246.02,485.19,489.8377088,235.3031026,125.1178998,51.58568019,21.94653938,4.1,0.273076923,0.710655115,2.05,1,45554.90692,186775.1184,25980.24544,0.139099071,1720.653938,0.03777099,0.887525176
1,2022,Evanston,31,13,0,18,246.02,485.19,8354.011328,3434.786071,1417.954873,731.6112308,313.4879268,4.1,0.112565559,0.869583815,2.133520639,0.36,776923.0535,3185384.519,156327.6572,0.049076542,8803.915303,0.011331773,0.92999213
1,2022,Hartwell,31,13,0,18,246.02,485.19,5237,2448,965,379,237,4.1,0.100081699,0.917389358,2.04,1,487041,1996868.1,99059.625,0.049607495,14414.4,0.029595866,0.996592719
1,2022,Hyde Park,31,13,0,18,246.02,485.19,13530,6580,2465,1297,355,4.1,0.013981763,0.94137498,2.039088857,0.65,1258290,5158989,37197.9,0.007210308,25126.92,0.019969101,0.968554389
1,2022,Kennedy Heights,31,13,0,18,246.02,485.19,4714,2372,795,352,69,4.1,0.1306914,0.828223603,1.98,1,438402,1797448.2,125340.75,0.069732608,9851.4,0.022471157,0.920427367
1,2022,Linwood,31,13,0,18,246.02,485.19,667.0448904,324.1798257,101.5896488,44.98970161,15.05703723,4.1,0.040850588,0.969597306,2.05,1,62035.17481,254344.2167,5354.450244,0.021051983,1405.093689,0.022649951,1.013299241
1,2022,Lower Price Hill,31,13,0,18,246.02,485.19,877.7270916,288.0278884,288.0278884,91.71414343,47.75199203,4.1,0.621052632,0.517487295,2.37,1,81628.61952,334677.34,72325.8493,0.216106203,3263.50757,0.039979943,0.773573441
1,2022,Madisonville,31,13,0,18,246.02,485.19,10685.46577,5292.751964,1716.369809,732.0976431,342.6060606,4.1,0.099709447,0.845874785,2.041209633,1,993748.3165,4074368.098,213377.4136,0.052370677,25148.06667,0.025306273,0.923551735
1,2022,Millvale,31,13,0,18,246.02,485.19,2341.34548,890.4344779,1023.773651,662.1758935,74.57953749,4.1,0.602368866,0.476951667,2.62,1,217745.1296,892755.0315,216867.8031,0.242919721,17240.07708,0.079175489,0.799046877
1,2022,Mt. Adams,31,13,0,18,246.02,485.19,1643,977,114,80,16,4.1,0,0.941869806,1.68,0.13,152799,626475.9,0,0,292.032,0.001911217,0.943781022
1,2022,Mt. Airy,31,13,0,18,246.02,485.19,8913.806968,3893.991994,2475.059451,1374.247739,386.149444,4.1,0.250267048,0.711869148,2.277665922,1,828984.048,3398834.597,394030.0283,0.115930922,41193.29408,0.049691299,0.877491369
1,2022,Mt. Auburn,31,13,0,18,246.02,485.19,4705,2583,603,416,113,4.1,0.14324429,0.838284446,1.705475113,1,437565,1794016.5,149600.25,0.083388447,12378.6,0.02828974,0.949962633
1,2022,Mt. Lookout,31,13,0,18,246.02,485.19,5009.64563,2186.556905,1170.804067,611.9989438,164.4673884,4.1,0.013461883,0.972702418,2.299967974,0.13,465897.0436,1910177.879,11901.37631,0.006230507,2362.010583,0.005069812,0.984002737
1,2022,Mt. Washington,31,13,0,18,246.02,485.19,12436.34362,5527.69696,3001.501673,1566.027132,764.2803732,4.1,0.114884969,0.901115514,2.223608197,0.45,1156579.957,4741977.823,256766.306,0.054147513,24538.13803,0.021216119,0.976479146
1,2022,North Avondale - Paddock Hills,31,13,0,18,246.02,485.19,4240.900625,1687.943363,666.8394719,393.2685893,104.1733843,4.1,0.179003648,0.874775752,2.117322946,1,394403.7582,1617055.408,122165.998,0.07554843,11640.14218,0.029513264,0.979837446
1,2022,North Fairmount,31,13,0,18,246.02,485.19,1675.162291,804.6968974,427.8821002,176.4143198,75.05346062,4.1,0.273076923,0.710655115,2.05,1,155790.0931,638739.3816,88848.05456,0.139099071,5884.346062,0.03777099,0.887525176
1,2022,Northside,31,13,0,18,246.02,485.19,8200,4053,1354,559,240,4.1,0.098198865,0.899673792,2.025715194,1,762600,3126660,160921.35,0.051467492,18696.6,0.024516916,0.9756582
1,2022,Oakley,31,13,0,18,246.02,485.19,11265.53423,6513.248036,1219.630191,484.9023569,118.3939394,4.1,0.019999642,0.943024935,1.708637195,1,1047694.684,4295548.202,52668.43636,0.012261168,14117.13333,0.013474473,0.968760576
1,2022,Over-the-Rhine,31,13,0,18,246.02,485.19,5657,3047,795,406,143,4.1,0.208729898,0.875445421,1.708942308,0.65,526101,2157014.1,257150.7,0.11921605,8350.29,0.015872028,1.010533499
1,2022,Pendleton,31,13,0,18,246.02,485.19,1134,550,251,145,40,4.1,0.125454545,0.900215501,2.06,1,105462,432394.2,27898.425,0.064520812,4329,0.04104796,1.005784274
1,2022,Pleasant Ridge,31,13,0,18,246.02,485.19,7184.554194,3642.132893,1438.686145,853.2770971,149.8831291,4.1,0.135636621,0.887994463,1.938428014,1,668163.5401,2739470.514,199739.2176,0.072911614,23473.94929,0.035132042,0.996038119
1,2022,Queensgate,31,13,0,18,246.02,485.19,280.2729084,91.97211155,91.97211155,29.28585657,15.24800797,4.1,0.621052632,0.517487295,2.37,1,26065.38048,106868.06,23094.8507,0.216106203,1042.09243,0.039979943,0.773573441
1,2022,Riverside,31,13,0,18,246.02,485.19,2008.023952,826.0538922,418.1976048,213.6107784,33.59281437,4.1,0.19557669,0.824574948,2.420248307,1,186746.2275,765659.5329,65321.48802,0.085314014,5784.564072,0.030975534,0.940864496
1,2022,Roselawn,31,13,0,18,246.02,485.19,7692,3558,1970,1287,248,4.1,0.24480045,0.708884333,2.11616494,1,715356,2932959.6,352167.075,0.120072256,35919,0.050211363,0.879167952
1,2022,Sayler Park,31,13,0,18,246.02,485.19,2902,1186,710,402,133,4.1,0.15851602,0.861450757,2.442799067,1,269886,1106532.6,76013.1,0.068694858,12519,0.046386252,0.976531867
1,2022,Sedamsville,31,13,0,18,246.02,485.19,556.9760479,196.9461078,158.8023952,65.38922156,21.40718563,4.1,0.322134387,0.747090832,2.69,1,51798.77246,212374.9671,25651.63698,0.120784654,2031.035928,0.039210117,0.907085604
1,2022,South Cumminsville,31,13,0,18,246.02,485.19,766.65452,291.5655221,335.226349,216.8241065,24.42046251,4.1,0.602368866,0.476951667,2.62,1,71298.87036,292325.3685,71011.59692,0.242919721,5645.122915,0.079175489,0.799046877
1,2022,South Fairmount,31,13,0,18,246.02,485.19,1926,888,474,242,77,4.1,0.30518018,0.712572081,1.98,1,179118,734383.8,109572.075,0.14920274,7464.6,0.041674204,0.903449025
1,2022,Spring Grove Village,31,13,0,18,246.02,485.19,2220,922,515,362,65,4.1,0.245119306,0.782147981,2.4,1,206460,846486,91377.45,0.107949157,9991.8,0.048395815,0.938492953
1,2022,Villages at Roll Hill,31,13,0,18,246.02,485.19,2503,864,1444,819,77,4.1,0.706018519,0.369700104,2.9,1,232779,954393.9,246638.25,0.258423959,20966.4,0.090069981,0.718194044
1,2022,Walnut Hills,31,13,0,18,246.02,485.19,6431,3677,860,364,186,4.1,0.342398695,0.782790116,1.751691269,0.69,598083,2452140.3,509045.175,0.20759219,8880.3,0.014847939,1.005230245
1,2022,West End,31,13,0,18,246.02,485.19,7764.737972,3603.064397,2293.027387,1263.564767,234,4.1,0.464949237,0.690893072,2.177132188,1,722120.6314,2960694.589,677342.239,0.228778153,35043.01554,0.048527925,0.968199149
1,2022,West Price Hill,31,13,0,18,246.02,485.19,18961.63553,7517.694487,5411.251034,3232.174391,1144.64663,4.1,0.196647414,0.81024671,2.514935943,1,1763432.104,7230071.627,597727.8705,0.082672469,102417.6119,0.058078568,0.950997747
1,2022,Westwood,31,13,0,18,246.02,485.19,32780.69256,14571.34892,8579.409571,3879.037748,1322.756353,4.1,0.218389223,0.819417792,2.263472583,1,3048604.408,12499278.07,1286653.356,0.102938214,121721.982,0.039927116,0.962283121
1,2022,Winton Hills,31,13,0,18,246.02,485.19,6741,2746,3304,1617,595,4.1,0.494901675,0.542016339,2.45,1,626913,2570343.3,549477.675,0.213775987,51760.8,0.082564566,0.838356892
1,2023,Avondale,31,12,0,19,271.63,529.8,12825,5866,3070,1560,841,4.2845,0.423968633,0.688056323,2.051463803,1,1192725,5110230.263,1098010.5,0.214865171,59304.7,0.049722023,0.952643517
1,2023,Bond Hill,31,12,0,19,271.63,529.8,6723,3165,1495,1154,129,4.2845,0.165876777,0.861707486,2.105112908,1,625239,2678836.496,231787.5,0.086525438,31690.1,0.050684778,0.998917701
1,2023,California,31,12,0,19,271.63,529.8,954.8278805,335.9772404,260.6600284,135.3627312,45.46799431,4.2845,0.026859504,0.983597254,2.83,0.13,88798.99289,380459.285,3984.176387,0.010472018,580.6474595,0.006538897,1.000608169
1,2023,Camp Washington,31,12,0,19,271.63,529.8,1128,520,109,67,18,4.2845,0.309615385,0.86960362,1.61,1,104904,449461.188,71081.5,0.158148249,2099.5,0.020013536,1.047765405
1,2023,Carthage,31,12,0,19,271.63,529.8,2962,1094,905,576,145,4.2845,0.174588665,0.808487356,2.7,1,275466,1180234.077,84326.5,0.071448962,17808.7,0.064649358,0.944585676
1,2023,Clifton,31,12,0,19,271.63,529.8,8012,4101,1091,543,155,4.2845,0.058522312,0.895678177,1.940058466,0.4,745116,3192449.502,105960,0.033190815,6896.24,0.009255257,0.938124249
1,2023,College Hill,31,12,0,19,271.63,529.8,16324,7124,3721,2033,828,4.2845,0.20620438,0.813060802,2.238321039,1,1518132,6504436.554,648563.5,0.099710943,70666.7,0.046548456,0.9593202
1,2023,Columbia Tusculum,31,12,0,19,271.63,529.8,1597.922102,755.1396884,284.111962,159.086084,25.33747029,4.2845,0.048954895,0.980076407,2.11,0.13,148606.7555,636705.6439,16321.27687,0.025633944,592.1840327,0.003984907,1.009695258
1,2023,Corryville,31,12,0,19,271.63,529.8,4442,1987,267,78,1,4.2845,0.023653749,0.686047929,2.159706325,1,413106,1769952.657,20750.5,0.01172376,1951.3,0.004723485,0.702495174
1,2023,CUF,31,12,0,19,271.63,529.8,17903,6110,478,165,120,4.2845,0.052373159,0.77211139,2.154798515,1,1664979,7133602.526,141280,0.01980486,7039.5,0.004227981,0.796144232
1,2023,Downtown,31,12,0,19,271.63,529.8,5501.109548,3389.128053,229.8482605,28.20355292,0,4.2845,0.072973797,0.934914516,1.449603319,1,511603.188,2191963.859,109190.695,0.049814095,696.6277572,0.001361656,0.986090267
1,2023,East End,31,12,0,19,271.63,529.8,1306,681,172,111,38,4.2845,0.114537445,0.955370044,1.9,1,121458,520386.801,34437,0.066175775,3680.3,0.030301009,1.051846828
1,2023,East Price Hill,31,12,0,19,271.63,529.8,15955,6112,5263,2574,882,4.2845,0.296138743,0.73184202,2.599238879,1,1483815,6357405.368,799115,0.125698293,85363.2,0.057529544,0.915069856
1,2023,East Walnut Hills,31,12,0,19,271.63,529.8,3876.895887,2470.430591,361.3496144,200.8348329,39.33868895,4.2845,0.03423318,0.915068833,1.552788732,1,360551.3175,1544782.12,37337.96144,0.024170374,5932.28599,0.016453375,0.955692582
1,2023,East Westwood,31,12,0,19,271.63,529.8,2446.440728,1082.362735,662.7084265,423.8682901,112.1505178,4.2845,0.403008497,0.730271131,2.233280064,1,227518.9877,974805.103,192582.9089,0.197560423,13239.66456,0.058191471,0.986023025
1,2023,English Woods,31,12,0,19,271.63,529.8,494.8152745,231.9093079,114.9365155,56.78949881,23.98281623,4.2845,0.24195122,0.715299412,2.1,1,46017.82053,197163.352,24772.89165,0.125646533,1995.076181,0.043354426,0.884300371
1,2023,Evanston,31,12,0,19,271.63,529.8,8421.154843,3511.949534,1469.161852,755.5963693,308.2870928,4.2845,0.090933908,0.854076328,2.101616559,0.36,783167.4004,3355480.727,140995.3633,0.042019423,9460.051746,0.012079221,0.908174971
1,2023,Hartwell,31,12,0,19,271.63,529.8,5403,2462,852,527,174,4.2845,0.097887896,0.924583721,2.07,1,502479,2152871.276,106401.5,0.049423066,17314.7,0.034458554,1.008465342
1,2023,Hyde Park,31,12,0,19,271.63,529.8,13559,6539,2522,1119,401,4.2845,0.011010858,0.940017258,2.057848168,0.65,1260987,5402698.802,31788,0.005883726,24403.6,0.019352777,0.965253761
1,2023,Kennedy Heights,31,12,0,19,271.63,529.8,4275,2222,492,333,67,4.2845,0.143564356,0.848252783,1.91,1,397575,1703410.088,140838.5,0.082680325,9880,0.024850657,0.955783766
1,2023,Linwood,31,12,0,19,271.63,529.8,697.8846052,329.8035384,124.0844996,69.48006337,11.06601532,4.2845,0.048954895,0.980076407,2.11,1,64903.26829,278078.053,7128.237259,0.025633944,1989.488144,0.030653127,1.036363479
1,2023,Lower Price Hill,31,12,0,19,271.63,529.8,876.9691235,298.6394422,294.0916335,80.34462151,68.21713147,4.2845,0.631979695,0.466354618,2.32,1,81558.12849,349435.8015,83326.08914,0.238458935,3669.475299,0.044992147,0.7498057
1,2023,Madisonville,31,12,0,19,271.63,529.8,10561.56341,5445.440516,1620.369809,794.7861953,232.8462402,4.2845,0.096409902,0.87532009,1.957708987,1,982225.3973,4208344.715,231785.0224,0.05507748,25382.52116,0.02584185,0.95623942
1,2023,Millvale,31,12,0,19,271.63,529.8,2408.391731,825.648213,1009.460406,614.7161878,61.01962158,4.2845,0.515510949,0.498484702,2.9,1,223980.431,959644.1565,187915.9513,0.195818367,16690.67449,0.07451845,0.768821518
1,2023,Mt. Adams,31,12,0,19,271.63,529.8,1592,984,97,65,11,4.2845,0,0.934637005,1.62,0.13,148056,634345.932,0,0,244.036,0.001648268,0.936285273
1,2023,Mt. Airy,31,12,0,19,271.63,529.8,8855.104818,4117.800593,2459.034396,1515.051742,311.7610082,4.2845,0.246881058,0.716394854,2.140346369,1,823524.7481,3528391.783,448831.9764,0.127205822,45122.27493,0.054791644,0.89839232
1,2023,Mt. Auburn,31,12,0,19,271.63,529.8,5192,2640,771,558,145,4.2845,0.15719697,0.793266802,1.851103211,1,482856,2068796.532,183222.5,0.088564775,17364.1,0.035961239,0.917792816
1,2023,Mt. Lookout,31,12,0,19,271.63,529.8,5018.193293,2134.056773,1254.803538,660.4338527,168.5965144,4.2845,0.016816196,0.97521814,2.359967974,0.13,466691.9762,1999541.772,15843.98587,0.007923808,2662.016509,0.005704012,0.98884596
1,2023,Mt. Washington,31,12,0,19,271.63,529.8,11815.2445,5463.880907,2649.821269,1560.902515,620.874501,4.2845,0.13778012,0.908509681,2.133691957,0.45,1098817.738,4707884.6,332367.4543,0.070598046,24250.45153,0.022069585,1.001177312
1,2023,North Avondale - Paddock Hills,31,12,0,19,271.63,529.8,4209.94927,1687.619875,609.4885337,370.5687978,55.37421821,4.2845,0.135145368,0.902230071,2.084645892,1,391525.2821,1677490.071,100694.6753,0.060026987,10520.79249,0.026871298,0.989128356
1,2023,North Fairmount,31,12,0,19,271.63,529.8,1692.184726,793.0906921,393.0634845,194.2105012,82.01718377,4.2845,0.24195122,0.715299412,2.1,1,157373.1795,674265.3875,84719.10835,0.125646533,6822.823819,0.043354426,0.884300371
1,2023,Northside,31,12,0,19,271.63,529.8,8407,4175,1198,548,192,4.2845,0.123113772,0.879595765,2.010178004,1,781851,3349840.61,226931,0.06774382,18278,0.023377856,0.970717441
1,2023,Oakley,31,12,0,19,271.63,529.8,11405.43659,6478.559484,1361.630191,602.2138047,115.1537598,4.2845,0.016825594,0.946980836,1.739411667,1,1060705.603,4544593.155,48125.97755,0.010589722,17718.97884,0.016704898,0.974275455
1,2023,Over-the-Rhine,31,12,0,19,271.63,529.8,6180,3155,840,328,149,4.2845,0.203486529,0.849835918,1.818869231,0.65,574740,2462473.53,283443,0.115104994,7658.235,0.013324695,0.978265607
1,2023,Pendleton,31,12,0,19,271.63,529.8,1163,558,238,154,36,4.2845,0.082437276,0.89748322,2.08,1,108159,463407.2355,20309,0.043825384,4693,0.043389824,0.984698428
1,2023,Pleasant Ridge,31,12,0,19,271.63,529.8,7308.599434,3688.551367,1534.065033,828.6644675,150.332705,4.2845,0.131432997,0.883372961,1.952439432,1,679699.7474,2912173.568,214038.0349,0.073497692,24181.23016,0.035576341,0.992446994
1,2023,Queensgate,31,12,0,19,271.63,529.8,280.0308765,95.36055777,93.90836653,25.65537849,21.78286853,4.2845,0.631979695,0.466354618,2.32,1,26042.87151,111580.683,26607.41086,0.238458935,1171.724701,0.044992147,0.7498057
1,2023,Riverside,31,12,0,19,271.63,529.8,2088.550898,829.5508982,512.3952096,212.3473054,86.07784431,4.2845,0.216450716,0.830840211,2.513273138,1,194235.2335,832200.8581,79274.36527,0.095258692,7371.101198,0.037949352,0.964048255
1,2023,Roselawn,31,12,0,19,271.63,529.8,7449,3583,1509,1121,162,4.2845,0.234161317,0.728904,2.031551069,1,692757,2968117.367,370418.5,0.124799142,31690.1,0.0457449,0.899448042
1,2023,Sayler Park,31,12,0,19,271.63,529.8,2745,1184,682,423,106,4.2845,0.199324324,0.857092042,2.314898367,1,255285,1093768.583,104194,0.095261467,13066.3,0.051183187,1.003536696
1,2023,Sedamsville,31,12,0,19,271.63,529.8,590.4491018,200.4491018,187.6047904,48.65269461,38.92215569,4.2845,0.316504854,0.750546837,2.81,1,54911.76647,235269.4634,28010.13473,0.119055547,2163.098802,0.039392264,0.908994648
1,2023,South Cumminsville,31,12,0,19,271.63,529.8,788.6082691,270.351787,330.5395936,201.2838122,19.98037842,4.2845,0.515510949,0.498484702,2.9,1,73340.56903,314227.668,61531.5487,0.195818367,5465.225508,0.07451845,0.768821518
1,2023,South Fairmount,31,12,0,19,271.63,529.8,1960,852,478,231,108,4.2845,0.253521127,0.718636272,2.13,1,182280,780978.66,95364,0.12210833,8373.3,0.045936471,0.886681073
1,2023,Spring Grove Village,31,12,0,19,271.63,529.8,2163,927,549,327,132,4.2845,0.252427184,0.77983631,2.32,1,201159,861865.7355,103311,0.119869019,11337.3,0.056359894,0.956065223
1,2023,Villages at Roll Hill,31,12,0,19,271.63,529.8,2262,901,1261,630,135,4.2845,0.612652608,0.359694036,2.51,1,210366,901313.127,243708,0.270392156,18895.5,0.089822024,0.719908217
1,2023,Walnut Hills,31,12,0,19,271.63,529.8,6259,3678,829,359,193,4.2845,0.347471452,0.790895394,1.714202261,0.69,582087,2493951.752,564237,0.226242147,9407.736,0.016162079,1.033299621
1,2023,West End,31,12,0,19,271.63,529.8,7764.890452,3592.871947,2249.151739,1322.796447,198,4.2845,0.433269674,0.699608129,2.182286781,1,722134.812,3093986.602,687275.305,0.222132605,37563.67224,0.052017534,0.973758269
1,2023,West Price Hill,31,12,0,19,271.63,529.8,18811.14342,7650.011933,5370.627021,3261.091031,1051.858812,4.2845,0.201424858,0.815275332,2.450516273,1,1749436.338,7495459.99,680308.4842,0.09076274,106529.8611,0.06089382,0.966931892
1,2023,Westwood,31,12,0,19,271.63,529.8,34059.55927,15074.63727,9471.291574,4788.13171,1273.849482,4.2845,0.213391444,0.823986694,2.266125449,1,3167539.012,13571320.9,1420216.591,0.104648369,149730.9354,0.047270431,0.975905494
1,2023,Winton Hills,31,12,0,19,271.63,529.8,5401,2699,2102,1050,281,4.2845,0.519081141,0.64571331,2,1,502293,2152074.359,618541.5,0.287416416,32875.7,0.065451241,0.998580967
1,2024,Avondale,31,11,0,20,189.52,366.88,12501,5950,3040,1641,623,4.395897,0.398991597,0.690806134,1.963373111,1,1162593,5110639.081,725810.9333,0.142019603,58864,0.050631648,0.883457386
1,2024,Bond Hill,31,11,0,20,189.52,366.88,6399,3191,1417,905,151,4.395897,0.162331558,0.850134085,1.980091999,1,595107,2616029.076,158369.8667,0.060538267,27456,0.046136241,0.956808593
1,2024,California,31,11,0,20,189.52,366.88,928.7965861,340.1422475,242.2645804,132.5860597,50.6742532,4.395897,0.02755102,0.976559214,2.72,0.13,86378.0825,379709.1537,2865.108393,0.007545534,619.4198578,0.00717103,0.991275779
1,2024,Camp Washington,31,11,0,20,189.52,366.88,1143,548,90,45,12,4.395897,0.313868613,0.876434088,1.55,1,106299,467279.4552,52586.13333,0.112536797,1482,0.013941806,1.002912691
1,2024,Carthage,31,11,0,20,189.52,366.88,3183,979,1107,542,137,4.395897,0.269662921,0.733606197,3.25,1,296019,1301269.034,80713.6,0.062026835,17654,0.059638064,0.855271096
1,2024,Clifton,31,11,0,20,189.52,366.88,8028,4079,1068,501,166,4.395897,0.076244177,0.885250904,1.945491113,0.4,746604,3281994.284,95083.06667,0.028971125,6936.8,0.009291137,0.923513166
1,2024,College Hill,31,11,0,20,189.52,366.88,15930,7147,3555,1788,776,4.395897,0.226108857,0.804704983,2.172954947,1,1481490,6512477.447,494065.0667,0.07586438,66664,0.044997941,0.925567305
1,2024,Columbia Tusculum,31,11,0,20,189.52,366.88,1621.18273,765.9392659,265.8357539,148.7018748,29.49115395,4.395897,0.043383948,0.95904074,2.11,0.13,150769.9939,662769.364,10159.35639,0.015328645,602.2924373,0.003994777,0.978364162
1,2024,Corryville,31,11,0,20,189.52,366.88,4277,1968,256,101,1,4.395897,0.018800813,0.67161011,2.086822289,1,397761,1748516.387,11312.13333,0.006469561,2652,0.00666732,0.684746991
1,2024,CUF,31,11,0,20,189.52,366.88,18282,6192,456,180,92,4.395897,0.066860465,0.782651708,2.153319783,1,1700226,7474018.373,126573.6,0.016935147,7072,0.004159447,0.803746302
1,2024,Downtown,31,11,0,20,189.52,366.88,6070.715026,3633.99852,282.6447076,85.00592154,0,4.395897,0.063479574,0.918821977,1.484669432,1,564576.4974,2481820.131,70527.99556,0.028417851,2210.15396,0.003914711,0.951154539
1,2024,East End,31,11,0,20,189.52,366.88,1323,707,71,36,24,4.395897,0.099009901,0.948525224,1.86,1,123039,540866.771,21401.33333,0.039568586,1560,0.012678907,1.000772717
1,2024,East Price Hill,31,11,0,20,189.52,366.88,16286,6321,5352,2708,815,4.395897,0.332384116,0.71801936,2.593354997,1,1514598,6658016.804,642345.7333,0.096477037,91598,0.060476773,0.874973171
1,2024,East Walnut Hills,31,11,0,20,189.52,366.88,3934.501285,2474.03856,308.3309769,169.5122108,25.28534704,4.395897,0.021840688,0.93192842,1.586430218,1,365908.6195,1608496.603,16520.21028,0.010270591,5064.736504,0.013841534,0.956040544
1,2024,East Westwood,31,11,0,20,189.52,366.88,2601.088353,1064.265709,734.3991673,467.6568839,122.2488875,4.395897,0.419072549,0.699829171,2.409468638,1,241901.2169,1063372.833,136358.4557,0.128232029,15337.55006,0.063404187,0.891465387
1,2024,English Woods,31,11,0,20,189.52,366.88,496.1727924,239.8281623,148.874463,74.66348449,22.85155131,4.395897,0.324528302,0.687230934,2.04,1,46144.06969,202844.5775,23795.53909,0.11730922,2535.390931,0.054945109,0.859485262
1,2024,Evanston,31,11,0,20,189.52,366.88,8404.596004,3388.064636,1664.030385,884.24248,395.266425,4.395897,0.120803737,0.830442821,2.18067287,0.36,781627.4284,3435953.668,125133.8617,0.036418961,11976.20335,0.015322138,0.88218392
1,2024,Hartwell,31,11,0,20,189.52,366.88,5439,2426,1243,558,243,4.395897,0.23577906,0.843932863,2.1,1,505827,2223563.392,174879.4667,0.078648294,20826,0.041172179,0.963753337
1,2024,Hyde Park,31,11,0,20,189.52,366.88,13303,6483,2448,1036,436,4.395897,0.016813204,0.938358409,2.031959221,0.65,1237179,5438511.455,33324.93333,0.006127584,24876.8,0.02010768,0.964593673
1,2024,Kennedy Heights,31,11,0,20,189.52,366.88,4649,2401,684,380,165,4.395897,0.101624323,0.871139734,1.93,1,432357,1900596.839,74598.93333,0.039250267,14170,0.032773842,0.943163842
1,2024,Linwood,31,11,0,20,189.52,366.88,708.0435701,334.5202007,116.1024558,64.9448112,12.88011619,4.395897,0.043383948,0.95904074,2.11,1,65848.05202,289461.2543,4437.048851,0.015328645,2023.448112,0.03072905,1.005098436
1,2024,Lower Price Hill,31,11,0,20,189.52,366.88,943.6703187,306.2191235,283.4800797,132.6444223,68.21713147,4.395897,0.571782178,0.509650105,2.42,1,87761.33964,385789.8096,53531.04422,0.13875702,5222.400398,0.059506845,0.707913969
1,2024,Madisonville,31,11,0,20,189.52,366.88,10748.04938,5684.800786,1490.818182,744.3058361,233.9118967,4.395897,0.106730738,0.887988151,1.899867134,1,999568.5926,4394000.577,185501.5554,0.042217008,25433.66105,0.025444638,0.955649796
1,2024,Millvale,31,11,0,20,189.52,366.88,2757.182901,987.6138753,1198.5459,1093.079888,0,4.395897,0.745995423,0.335307065,2.78,1,256418.0098,1127187.16,225250.6938,0.199834333,28420.07708,0.110834949,0.645976346
1,2024,Mt. Adams,31,11,0,20,189.52,366.88,1631,1016,90,58,15,4.395897,0,0.950534229,1.61,0.13,151683,666782.8447,0,0,246.74,0.001626682,0.952160911
1,2024,Mt. Airy,31,11,0,20,189.52,366.88,9099.048036,4234.088213,2055.363973,1319.365456,150.7451446,4.395897,0.287523462,0.802446372,2.132741899,1,846211.4673,3719858.451,372199.6693,0.100057482,38222.87561,0.045169413,0.947673267
1,2024,Mt. Auburn,31,11,0,20,189.52,366.88,5046,2650,705,474,109,4.395897,0.103018868,0.81967643,1.783449688,1,469278,2062897.752,83465.2,0.040460173,15158,0.032300683,0.892437286
1,2024,Mt. Lookout,31,11,0,20,189.52,366.88,5096.773699,2144.540533,1239.06179,682.353314,134.6287299,4.395897,0.015041788,0.965245402,2.387742194,0.13,473999.9541,2083654.976,9862.261421,0.004733155,2761.399308,0.005825738,0.975804294
1,2024,Mt. Washington,31,11,0,20,189.52,366.88,11879.67519,5553.087735,2598.366801,1379.398705,642.950248,4.395897,0.115661466,0.905976425,2.117269253,0.45,1104809.793,4856630.055,196365.8752,0.040432537,23661.48275,0.021416793,0.967825755
1,2024,North Avondale - Paddock Hills,31,11,0,20,189.52,366.88,4878.90271,1839.896803,824.6386379,457.2453092,82.44822794,4.395897,0.066674624,0.919005919,2.27,1,453737.9521,1994585.302,37505.66139,0.018803739,14032.03197,0.030925409,0.968735067
1,2024,North Fairmount,31,11,0,20,189.52,366.88,1696.827208,820.1718377,509.125537,255.3365155,78.14844869,4.395897,0.324528302,0.687230934,2.04,1,157804.9303,693694.2197,81376.72757,0.11730922,8670.609069,0.054945109,0.859485262
1,2024,Northside,31,11,0,20,189.52,366.88,8550,4378,1275,664,146,4.395897,0.100502513,0.876720911,1.942498411,1,795150,3495397.5,134522.6667,0.038485656,21060,0.026485569,0.941692136
1,2024,Oakley,31,11,0,20,189.52,366.88,11411.95062,6598.199214,1267.181818,540.6941639,72.08810325,4.395897,0.015043046,0.952669194,1.708519196,1,1061311.407,4665415.632,30346.17793,0.006504496,15932.33895,0.015011936,0.974185626
1,2024,Over-the-Rhine,31,11,0,20,189.52,366.88,6291,3343,715,315,73,4.395897,0.169608136,0.868197339,1.784465385,0.65,585063,2571876.687,173350.8,0.067402454,6557.2,0.011207682,0.946807475
1,2024,Pendleton,31,11,0,20,189.52,366.88,1146,596,210,132,31,4.395897,0.08557047,0.943748038,1.92,1,106578,468505.9105,15592.4,0.033281117,4238,0.039764304,1.016793459
1,2024,Pleasant Ridge,31,11,0,20,189.52,366.88,7268.072573,3683.009425,1571.93968,901.1055608,227.2544769,4.395897,0.117650837,0.895783889,1.953138402,1,675930.7493,2971321.953,132477.0484,0.044585222,29337.36098,0.043402909,0.98377202
1,2024,Queensgate,31,11,0,20,189.52,366.88,301.3296813,97.78087649,90.51992032,42.35557769,21.78286853,4.395897,0.571782178,0.509650105,2.42,1,28023.66036,123189.1245,17093.35578,0.13875702,1667.599602,0.059506845,0.707913969
1,2024,Riverside,31,11,0,20,189.52,366.88,2268.610778,840.8323353,659.8922156,318.1556886,109.9520958,4.395897,0.34436223,0.807189532,2.771670429,1,210980.8024,927449.8763,88525.36128,0.095450292,11130.8024,0.052757418,0.955397242
1,2024,Roselawn,31,11,0,20,189.52,366.88,7375,3604,1483,1030,148,4.395897,0.249167592,0.716173201,1.98616494,1,685875,3015035.855,274548.5333,0.091059791,30628,0.044655367,0.851888358
1,2024,Sayler Park,31,11,0,20,189.52,366.88,2713,1183,739,439,160,4.395897,0.22569738,0.862711366,2.297347551,1,252309,1109124.376,81630.8,0.07359932,15574,0.0617259,0.998036586
1,2024,Sedamsville,31,11,0,20,189.52,366.88,715.3892216,196.1676647,256.1077844,77.84431138,56.04790419,4.395897,0.359126984,0.733303852,3.5,1,66531.1976,292464.292,21538.63872,0.073645362,3481.197605,0.052324289,0.859273503
1,2024,South Cumminsville,31,11,0,20,189.52,366.88,902.8170988,323.3861247,392.4540995,357.9201121,0,4.395897,0.745995423,0.335307065,2.78,1,83961.99019,369088.2608,73756.50624,0.199834333,9305.922915,0.110834949,0.645976346
1,2024,South Fairmount,31,11,0,20,189.52,366.88,2319,960,667,259,102,4.395897,0.2375,0.706564387,2.27,1,215667,948049.9183,69707.2,0.07352693,9386,0.043520798,0.823612115
1,2024,Spring Grove Village,31,11,0,20,189.52,366.88,1996,881,469,296,133,4.395897,0.238365494,0.769126803,2.25,1,185628,816001.5683,64204,0.078681221,11154,0.060087918,0.907895942
1,2024,Villages at Roll Hill,31,11,0,20,189.52,366.88,2196,895,1128,574,206,4.395897,0.612290503,0.413092065,2.45,1,204228,897765.2525,167541.8667,0.186621019,20280,0.099300781,0.699013866
1,2024,Walnut Hills,31,11,0,20,189.52,366.88,6176,3528,737,354,201,4.395897,0.306405896,0.805375246,1.741359925,0.69,574368,2524862.568,330497.7333,0.130897316,9956.7,0.017335053,0.953607615
1,2024,West End,31,11,0,20,189.52,366.88,6929.284974,3429.00148,2061.355292,1159.994078,178,4.395897,0.452993482,0.706312849,2.046430172,1,644423.5026,2832819.342,474900.2711,0.167642272,34787.84604,0.053982895,0.927938016
1,2024,West Price Hill,31,11,0,20,189.52,366.88,18669.39287,7441.500965,5187.970243,3128.862443,1039.131704,4.395897,0.184977762,0.814924436,2.495004634,1,1736253.537,7632391.714,420845.6617,0.055139421,108367.8478,0.06241476,0.932478617
1,2024,Westwood,31,11,0,20,189.52,366.88,34095.91165,15214.73429,9589.600833,5082.343116,1146.751113,4.395897,0.210256413,0.824646515,2.250008974,1,3170919.783,13939036.76,978039.5443,0.070165504,161956.4499,0.051075543,0.945887563
1,2024,Winton Hills,31,11,0,20,189.52,366.88,4681,2540,1351,691,121,4.395897,0.546850394,0.679619002,1.84,1,435333,1913679.029,424663.6,0.221909523,21112,0.048496209,0.950024734
1,2025,Avondale,31,13,0,18,186.5509,366.9672,12501,5950,3040,1641,623,4.510190322,0.398991597,0.683326044,1.963373111,1,1162593,5243515.697,725983.444,0.138453565,52977.6,0.045568484,0.867348093
1,2025,Bond Hill,31,13,0,18,186.5509,366.9672,6399,3191,1417,905,151,4.510190322,0.162331558,0.845204216,1.980091999,1,595107,2684045.832,158407.508,0.059018183,24710.4,0.041522617,0.945745016
1,2025,California,31,13,0,18,186.5509,366.9672,928.7965861,340.1422475,242.2645804,132.5860597,50.6742532,4.510190322,0.02755102,0.975963749,2.72,0.13,86378.0825,389581.5917,2865.789371,0.00735607,557.477872,0.006453927,0.989773746
1,2025,Camp Washington,31,13,0,18,186.5509,366.9672,1143,548,90,45,12,4.510190322,0.313868613,0.872120275,1.55,1,106299,479428.721,52598.632,0.109711058,1333.8,0.012547625,0.994378958
1,2025,Carthage,31,13,0,18,186.5509,366.9672,3183,979,1107,542,137,4.510190322,0.269662921,0.728993529,3.25,1,296019,1335102.029,80732.784,0.060469374,15888.6,0.053674257,0.843137161
1,2025,Clifton,31,13,0,18,186.5509,366.9672,8028,4079,1068,501,166,4.510190322,0.076244177,0.88110128,1.945491113,0.4,746604,3367326.135,95105.666,0.028243675,6243.12,0.008362023,0.917706979
1,2025,College Hill,31,13,0,18,186.5509,366.9672,15930,7147,3555,1788,776,4.510190322,0.226108857,0.800750723,2.172954947,1,1481490,6681801.86,494182.496,0.073959466,59997.6,0.040498147,0.915208335
1,2025,Columbia Tusculum,31,13,0,18,186.5509,366.9672,1621.18273,765.9392659,265.8357539,148.7018748,29.49115395,4.510190322,0.043383948,0.957522593,2.11,0.13,150769.9939,680001.3675,10161.77107,0.014943751,542.0631936,0.003595299,0.976061643
1,2025,Corryville,31,13,0,18,186.5509,366.9672,4277,1968,256,101,1,4.510190322,0.018800813,0.664814763,2.086822289,1,397761,1793977.813,11314.822,0.006307114,2386.8,0.006000588,0.677122465
1,2025,CUF,31,13,0,18,186.5509,366.9672,18282,6192,456,180,92,4.510190322,0.066860465,0.776454838,2.153319783,1,1700226,7668342.85,126603.684,0.016509914,6364.8,0.003743502,0.796708255
1,2025,Downtown,31,13,0,18,186.5509,366.9672,6070.715026,3633.99852,282.6447076,85.00592154,0,4.510190322,0.063479574,0.916223742,1.484669432,1,564576.4974,2546347.455,70544.75865,0.027704294,1989.138564,0.00352324,0.947451277
1,2025,East End,31,13,0,18,186.5509,366.9672,1323,707,71,36,24,4.510190322,0.099009901,0.947099586,1.86,1,123039,554929.307,21406.42,0.03857504,1404,0.011411016,0.997085642
1,2025,East Price Hill,31,13,0,18,186.5509,366.9672,16286,6321,5352,2708,815,4.510190322,0.332384116,0.712789168,2.593354997,1,1514598,6831125.241,642498.406,0.094054549,82438.2,0.054429096,0.861272813
1,2025,East Walnut Hills,31,13,0,18,186.5509,366.9672,3934.501285,2474.03856,308.3309769,169.5122108,25.28534704,4.510190322,0.021840688,0.930047984,1.586430218,1,365908.6195,1650317.515,16524.1368,0.010012702,4558.262853,0.01245738,0.952518066
1,2025,East Westwood,31,13,0,18,186.5509,366.9672,2601.088353,1064.265709,734.3991673,467.6568839,122.2488875,4.510190322,0.419072549,0.693822931,2.409468638,1,241901.2169,1091020.527,136390.8653,0.12501219,13803.79505,0.057063769,0.875898889
1,2025,English Woods,31,13,0,18,186.5509,366.9672,496.1727924,239.8281623,148.874463,74.66348449,22.85155131,4.510190322,0.324528302,0.680023897,2.04,1,46144.06969,208118.5365,23801.19481,0.114363647,2281.851838,0.049450598,0.843838142
1,2025,Evanston,31,13,0,18,186.5509,366.9672,8404.596004,3388.064636,1664.030385,884.24248,395.266425,4.510190322,0.120803737,0.8273407,2.18067287,0.36,781627.4284,3525288.463,125163.6035,0.0355045,10778.58302,0.013789924,0.876635124
1,2025,Hartwell,31,13,0,18,186.5509,366.9672,5439,2426,1243,558,243,4.510190322,0.23577906,0.836564704,2.1,1,505827,2281376.04,174921.032,0.076673476,18743.4,0.037054961,0.950293142
1,2025,Hyde Park,31,13,0,18,186.5509,366.9672,13303,6483,2448,1036,436,4.510190322,0.016813204,0.936164064,2.031959221,0.65,1237179,5579912.752,33332.854,0.005973723,22389.12,0.018096912,0.960234699
1,2025,Kennedy Heights,31,13,0,18,186.5509,366.9672,4649,2401,684,380,165,4.510190322,0.101624323,0.867217647,1.93,1,432357,1950012.357,74616.664,0.038264713,12753,0.029496458,0.934978819
1,2025,Linwood,31,13,0,18,186.5509,366.9672,708.0435701,334.5202007,116.1024558,64.9448112,12.88011619,4.510190322,0.043383948,0.957522593,2.11,1,65848.05202,296987.2469,4438.103449,0.014943751,1821.103301,0.027656145,1.000122489
1,2025,Lower Price Hill,31,13,0,18,186.5509,366.9672,943.6703187,306.2191235,283.4800797,132.6444223,68.21713147,4.510190322,0.571782178,0.501564864,2.42,1,87761.33964,395820.3447,53543.76748,0.135272904,4700.160359,0.05355616,0.690393928
1,2025,Madisonville,31,13,0,18,186.5509,366.9672,10748.04938,5684.800786,1490.818182,744.3058361,233.9118967,4.510190322,0.106730738,0.884097488,1.899867134,1,999568.5926,4508244.592,185545.6454,0.041156961,22890.29495,0.022900174,0.948154623
1,2025,Millvale,31,13,0,18,186.5509,366.9672,2757.182901,987.6138753,1198.5459,1093.079888,0,4.510190322,0.745995423,0.330463302,2.78,1,256418.0098,1156494.026,225304.2313,0.194816598,25578.06938,0.099751454,0.625031354
1,2025,Mt. Adams,31,13,0,18,186.5509,366.9672,1631,1016,90,58,15,4.510190322,0,0.949892152,1.61,0.13,151683,684119.1986,0,0,222.066,0.001464014,0.951356165
1,2025,Mt. Airy,31,13,0,18,186.5509,366.9672,9099.048036,4234.088213,2055.363973,1319.365456,150.7451446,4.510190322,0.287523462,0.797999977,2.132741899,1,846211.4673,3816574.77,372288.1337,0.097545091,34400.58805,0.040652472,0.93619754
1,2025,Mt. Auburn,31,13,0,18,186.5509,366.9672,5046,2650,705,474,109,4.510190322,0.103018868,0.81645244,1.783449688,1,469278,2116533.094,83485.038,0.039444239,13642.2,0.029070615,0.884967294
1,2025,Mt. Lookout,31,13,0,18,186.5509,366.9672,5096.773699,2144.540533,1239.06179,682.353314,134.6287299,4.510190322,0.015041788,0.964436361,2.387742194,0.13,473999.9541,2137830.005,9864.605482,0.004614308,2485.259377,0.005243164,0.974293833
1,2025,Mt. Washington,31,13,0,18,186.5509,366.9672,11879.67519,5553.087735,2598.366801,1379.398705,642.950248,4.510190322,0.115661466,0.902949553,2.117269253,0.45,1104809.793,4982902.436,196412.5475,0.039417297,21295.33448,0.019275114,0.961641964
1,2025,North Avondale - Paddock Hills,31,13,0,18,186.5509,366.9672,4878.90271,1839.896803,824.6386379,457.2453092,82.44822794,4.510190322,0.066674624,0.916421748,2.27,1,453737.9521,2046444.52,37514.57573,0.018331587,12628.82877,0.027832869,0.962586203
1,2025,North Fairmount,31,13,0,18,186.5509,366.9672,1696.827208,820.1718377,509.125537,255.3365155,78.14844869,4.510190322,0.324528302,0.680023897,2.04,1,157804.9303,711730.2694,81396.06919,0.114363647,7803.548162,0.049450598,0.843838142
1,2025,Northside,31,13,0,18,186.5509,366.9672,8550,4378,1275,664,146,4.510190322,0.100502513,0.873118951,1.942498411,1,795150,3586277.835,134554.64,0.037519302,18954,0.023837012,0.934475264
1,2025,Oakley,31,13,0,18,186.5509,366.9672,11411.95062,6598.199214,1267.181818,540.6941639,72.08810325,4.510190322,0.015043046,0.951589023,1.708519196,1,1061311.407,4786716.438,30353.3906,0.006341172,14339.10505,0.013510742,0.971440937
1,2025,Over-the-Rhine,31,13,0,18,186.5509,366.9672,6291,3343,715,315,73,4.510190322,0.169608136,0.865806618,1.784465385,0.65,585063,2638745.48,173392.002,0.065710014,5901.48,0.010086914,0.941603546
1,2025,Pendleton,31,13,0,18,186.5509,366.9672,1146,596,210,132,31,4.510190322,0.08557047,0.941729513,1.92,1,106578,480687.0641,15596.106,0.032445446,3814.2,0.035787874,1.009962832
1,2025,Pleasant Ridge,31,13,0,18,186.5509,366.9672,7268.072573,3683.009425,1571.93968,901.1055608,227.2544769,4.510190322,0.117650837,0.892514094,1.953138402,1,675930.7493,3048576.324,132508.5356,0.04346571,26403.62488,0.039062618,0.975042423
1,2025,Queensgate,31,13,0,18,186.5509,366.9672,301.3296813,97.78087649,90.51992032,42.35557769,21.78286853,4.510190322,0.571782178,0.501564864,2.42,1,28023.66036,126392.0417,17097.41852,0.135272904,1500.839641,0.05355616,0.690393928
1,2025,Riverside,31,13,0,18,186.5509,366.9672,2268.610778,840.8323353,659.8922156,318.1556886,109.9520958,4.510190322,0.34436223,0.804213119,2.771670429,1,210980.8024,951563.5731,88546.40198,0.093053585,10017.72216,0.047481676,0.944748381
1,2025,Roselawn,31,13,0,18,186.5509,366.9672,7375,3604,1483,1030,148,4.510190322,0.249167592,0.709520885,1.98616494,1,685875,3093426.787,274613.788,0.088773327,27565.2,0.040189831,0.838484043
1,2025,Sayler Park,31,13,0,18,186.5509,366.9672,2713,1183,739,439,160,4.510190322,0.22569738,0.859207145,2.297347551,1,252309,1137961.61,81650.202,0.07175128,14016.6,0.05555331,0.986511735
1,2025,Sedamsville,31,13,0,18,186.5509,366.9672,715.3892216,196.1676647,256.1077844,77.84431138,56.04790419,4.510190322,0.359126984,0.73035819,3.5,1,66531.1976,300068.3635,21543.75802,0.071796166,3133.077844,0.04709186,0.849246215
1,2025,South Cumminsville,31,13,0,18,186.5509,366.9672,902.8170988,323.3861247,392.4540995,357.9201121,0,4.510190322,0.745995423,0.330463302,2.78,1,83961.99019,378684.5556,73774.03668,0.194816598,8375.330624,0.099751454,0.625031354
1,2025,South Fairmount,31,13,0,18,186.5509,366.9672,2319,960,667,259,102,4.510190322,0.2375,0.700960253,2.27,1,215667,972699.2162,69723.768,0.071680707,8447.4,0.039168718,0.811809679
1,2025,Spring Grove Village,31,13,0,18,186.5509,366.9672,1996,881,469,296,133,4.510190322,0.238365494,0.766607052,2.25,1,185628,837217.6091,64219.26,0.076705577,10038.6,0.054079126,0.897391755
1,2025,Villages at Roll Hill,31,13,0,18,186.5509,366.9672,2196,895,1128,574,206,4.510190322,0.612290503,0.404011237,2.45,1,204228,921107.1491,167581.688,0.181935064,18252,0.089370703,0.675317004
1,2025,Walnut Hills,31,13,0,18,186.5509,366.9672,6176,3528,737,354,201,4.510190322,0.306405896,0.802111614,1.741359925,0.69,574368,2590508.995,330576.286,0.127610553,8961.03,0.015601548,0.945323715
1,2025,West End,31,13,0,18,186.5509,366.9672,6929.284974,3429.00148,2061.355292,1159.994078,178,4.510190322,0.452993482,0.699636422,2.046430172,1,644423.5026,2906472.645,475013.1454,0.163432863,31309.06144,0.048584605,0.91165389
1,2025,West Price Hill,31,13,0,18,186.5509,366.9672,18669.39287,7441.500965,5187.970243,3128.862443,1039.131704,4.510190322,0.184977762,0.81171887,2.495004634,1,1736253.537,7830833.898,420945.6882,0.053754899,97531.06305,0.056173284,0.921647054
1,2025,Westwood,31,13,0,18,186.5509,366.9672,34095.91165,15214.73429,9589.600833,5082.343116,1146.751113,4.510190322,0.210256413,0.819990704,2.250008974,1,3170919.783,14301451.72,978272.0047,0.068403685,145760.805,0.045967989,0.934362378
1,2025,Winton Hills,31,13,0,18,186.5509,366.9672,4681,2540,1351,691,121,4.510190322,0.546850394,0.672854039,1.84,1,435333,1963434.683,424764.534,0.216337491,19000.8,0.043646588,0.932838118
1,2026,Avondale,31,13,0,18,183.2957,354.7731,12501,5950,3040,1641,623,4.645496032,0.398991597,0.674946555,1.963373111,1,1162593,5400821.168,701859.4495,0.12995421,52977.6,0.045568484,0.850469248
1,2026,Bond Hill,31,13,0,18,183.2957,354.7731,6399,3191,1417,905,151,4.645496032,0.162331558,0.839681584,1.980091999,1,595107,2764567.207,153143.7215,0.055395188,24710.4,0.041522617,0.936599389
1,2026,California,31,13,0,18,183.2957,354.7731,928.7965861,340.1422475,242.2645804,132.5860597,50.6742532,4.645496032,0.02755102,0.975296685,2.72,0.13,86378.0825,401269.0395,2770.560909,0.006904497,557.477872,0.006453927,0.988655109
1,2026,Camp Washington,31,13,0,18,183.2957,354.7731,1143,548,90,45,12,4.645496032,0.313868613,0.867287773,1.55,1,106299,493811.5827,50850.811,0.102976141,1333.8,0.012547625,0.982811539
1,2026,Carthage,31,13,0,18,183.2957,354.7731,3183,979,1107,542,137,4.645496032,0.269662921,0.723826239,3.25,1,296019,1375155.09,78050.082,0.056757294,15888.6,0.053674257,0.834257791
1,2026,Clifton,31,13,0,18,183.2957,354.7731,8028,4079,1068,501,166,4.645496032,0.076244177,0.87645271,1.945491113,0.4,746604,3468345.919,91945.36175,0.026509859,6243.12,0.008362023,0.911324592
1,2026,College Hill,31,13,0,18,183.2957,354.7731,15930,7147,3555,1788,776,4.645496032,0.226108857,0.796321006,2.172954947,1,1481490,6882255.916,477761.108,0.069419259,59997.6,0.040498147,0.906238412
1,2026,Columbia Tusculum,31,13,0,18,183.2957,354.7731,1621.18273,765.9392659,265.8357539,148.7018748,29.49115395,4.645496032,0.043383948,0.955821905,2.11,0.13,150769.9939,700401.4085,9824.10151,0.014026387,542.0631936,0.003595299,0.973443592
1,2026,Corryville,31,13,0,18,183.2957,354.7731,4277,1968,256,101,1,4.645496032,0.018800813,0.657202351,2.086822289,1,397761,1847797.147,10938.83725,0.005919934,2386.8,0.006000588,0.669122874
1,2026,CUF,31,13,0,18,183.2957,354.7731,18282,6192,456,180,92,4.645496032,0.066860465,0.769512863,2.153319783,1,1700226,7898393.137,122396.7195,0.015496408,6364.8,0.003743502,0.788752773
1,2026,Downtown,31,13,0,18,183.2957,354.7731,6070.715026,3633.99852,282.6447076,85.00592154,0,4.645496032,0.063479574,0.913313099,1.484669432,1,564576.4974,2622737.878,68200.59862,0.026003589,1989.138564,0.00352324,0.942839929
1,2026,East End,31,13,0,18,183.2957,354.7731,1323,707,71,36,24,4.645496032,0.099009901,0.945303426,1.86,1,123039,571577.1863,20695.0975,0.036207004,1404,0.011411016,0.992921446
1,2026,East Price Hill,31,13,0,18,183.2957,354.7731,16286,6321,5352,2708,815,4.645496032,0.332384116,0.706930102,2.593354997,1,1514598,7036058.999,621148.5693,0.088280751,82438.2,0.054429096,0.849639948
1,2026,East Walnut Hills,31,13,0,18,183.2957,354.7731,3934.501285,2474.03856,308.3309769,169.5122108,25.28534704,4.645496032,0.021840688,0.927941447,1.586430218,1,365908.6195,1699827.04,15975.04965,0.009398044,4558.262853,0.01245738,0.949796872
1,2026,East Westwood,31,13,0,18,183.2957,354.7731,2601.088353,1064.265709,734.3991673,467.6568839,122.2488875,4.645496032,0.419072549,0.687094506,2.409468638,1,241901.2169,1123751.143,131858.6787,0.117337971,13803.79505,0.057063769,0.861496246
1,2026,English Woods,31,13,0,18,183.2957,354.7731,496.1727924,239.8281623,148.874463,74.66348449,22.85155131,4.645496032,0.324528302,0.671950294,2.04,1,46144.06969,214362.0926,23010.29538,0.107343118,2281.851838,0.049450598,0.82874401
1,2026,Evanston,31,13,0,18,183.2957,354.7731,8404.596004,3388.064636,1664.030385,884.24248,395.266425,4.645496032,0.120803737,0.823865582,2.18067287,0.36,781627.4284,3631047.117,121004.492,0.033324958,10778.58302,0.013789924,0.870980464
1,2026,Hartwell,31,13,0,18,183.2957,354.7731,5439,2426,1243,558,243,4.645496032,0.23577906,0.828310604,2.1,1,505827,2349817.321,169108.511,0.071966663,18743.4,0.037054961,0.937332229
1,2026,Hyde Park,31,13,0,18,183.2957,354.7731,13303,6483,2448,1036,436,4.645496032,0.016813204,0.933705872,2.031959221,0.65,1237179,5747310.135,32225.22325,0.00560701,22389.12,0.018096912,0.957409795
1,2026,Kennedy Heights,31,13,0,18,183.2957,354.7731,4649,2401,684,380,165,4.645496032,0.101624323,0.862823974,1.93,1,432357,2008512.728,72137.197,0.035915728,12753,0.029496458,0.928236159
1,2026,Linwood,31,13,0,18,183.2957,354.7731,708.0435701,334.5202007,116.1024558,64.9448112,12.88011619,4.645496032,0.043383948,0.955821905,2.11,1,65848.05202,305896.8644,4290.627932,0.014026387,1821.103301,0.027656145,0.997504438
1,2026,Lower Price Hill,31,13,0,18,183.2957,354.7731,943.6703187,306.2191235,283.4800797,132.6444223,68.21713147,4.645496032,0.571782178,0.492507462,2.42,1,87761.33964,407694.9551,51764.54019,0.126968802,4700.160359,0.05355616,0.673032425
1,2026,Madisonville,31,13,0,18,183.2957,354.7731,10748.04938,5684.800786,1490.818182,744.3058361,233.9118967,4.645496032,0.106730738,0.879739017,1.899867134,1,999568.5926,4643491.931,179380.0749,0.038630427,22890.29495,0.022900174,0.941269618
1,2026,Millvale,31,13,0,18,183.2957,354.7731,2757.182901,987.6138753,1198.5459,1093.079888,0,4.645496032,0.745995423,0.325037131,2.78,1,256418.0098,1191188.847,217817.5068,0.182857242,25578.06938,0.099751454,0.607645827
1,2026,Mt. Adams,31,13,0,18,183.2957,354.7731,1631,1016,90,58,15,4.645496032,0,0.949172871,1.61,0.13,151683,704642.7746,0,0,222.066,0.001464014,0.950636885
1,2026,Mt. Airy,31,13,0,18,183.2957,354.7731,9099.048036,4234.088213,2055.363973,1319.365456,150.7451446,4.645496032,0.287523462,0.793018953,2.132741899,1,846211.4673,3931072.014,359917.2223,0.091557016,34400.58805,0.040652472,0.92522844
1,2026,Mt. Auburn,31,13,0,18,183.2957,354.7731,5046,2650,705,474,109,4.645496032,0.103018868,0.812319082,1.783449688,1,469278,2180029.087,80710.88025,0.037022846,13642.2,0.029070615,0.878412542
1,2026,Mt. Lookout,31,13,0,18,183.2957,354.7731,5096.773699,2144.540533,1239.06179,682.353314,134.6287299,4.645496032,0.015041788,0.963530043,2.387742194,0.13,473999.9541,2201964.906,9536.810557,0.004331046,2485.259377,0.005243164,0.973104252
1,2026,Mt. Washington,31,13,0,18,183.2957,354.7731,11879.67519,5553.087735,2598.366801,1379.398705,642.950248,4.645496032,0.115661466,0.899558734,2.117269253,0.45,1104809.793,5132389.51,189885.8763,0.036997558,21295.33448,0.019275114,0.955831405
1,2026,North Avondale - Paddock Hills,31,13,0,18,183.2957,354.7731,4878.90271,1839.896803,824.6386379,457.2453092,82.44822794,4.645496032,0.066674624,0.913526859,2.27,1,453737.9521,2107837.856,36267.98887,0.017206252,12628.82877,0.027832869,0.958565979
1,2026,North Fairmount,31,13,0,18,183.2957,354.7731,1696.827208,820.1718377,509.125537,255.3365155,78.14844869,4.645496032,0.324528302,0.671950294,2.04,1,157804.9303,733082.1776,78691.32662,0.107343118,7803.548162,0.049450598,0.82874401
1,2026,Northside,31,13,0,18,183.2957,354.7731,8550,4378,1275,664,146,4.645496032,0.100502513,0.869083894,1.942498411,1,795150,3693866.17,130083.47,0.035216076,18954,0.023837012,0.928136981
1,2026,Oakley,31,13,0,18,183.2957,354.7731,11411.95062,6598.199214,1267.181818,540.6941639,72.08810325,4.645496032,0.015043046,0.950378973,1.708519196,1,1061311.407,4930317.932,29344.76564,0.005951901,14339.10505,0.013510742,0.969841617
1,2026,Over-the-Rhine,31,13,0,18,183.2957,354.7731,6291,3343,715,315,73,4.645496032,0.169608136,0.862845863,1.784465385,0.65,585063,2717907.845,167630.2898,0.061676223,5901.48,0.010086914,0.934609
1,2026,Pendleton,31,13,0,18,183.2957,354.7731,1146,596,210,132,31,4.645496032,0.08557047,0.939468283,1.92,1,106578,495107.6761,15077.85675,0.030453692,3814.2,0.035787874,1.005709849
1,2026,Pleasant Ridge,31,13,0,18,183.2957,354.7731,7268.072573,3683.009425,1571.93968,901.1055608,227.2544769,4.645496032,0.117650837,0.888851142,1.953138402,1,675930.7493,3140033.614,128105.3564,0.040797447,26403.62488,0.039062618,0.968711208
1,2026,Queensgate,31,13,0,18,183.2957,354.7731,301.3296813,97.78087649,90.51992032,42.35557769,21.78286853,4.645496032,0.571782178,0.492507462,2.42,1,28023.66036,130183.803,16529.28156,0.126968802,1500.839641,0.05355616,0.673032425
1,2026,Riverside,31,13,0,18,183.2957,354.7731,2268.610778,840.8323353,659.8922156,318.1556886,109.9520958,4.645496032,0.34436223,0.800878826,2.771670429,1,210980.8024,980110.4804,85604.05814,0.087341233,10017.72216,0.047481676,0.935701736
1,2026,Roselawn,31,13,0,18,183.2957,354.7731,7375,3604,1483,1030,148,4.645496032,0.249167592,0.702068702,1.98616494,1,685875,3186229.591,265488.5365,0.083323731,27565.2,0.040189831,0.825582263
1,2026,Sayler Park,31,13,0,18,183.2957,354.7731,2713,1183,739,439,160,4.645496032,0.22569738,0.85528158,2.297347551,1,252309,1172100.458,78937.01475,0.067346629,14016.6,0.05555331,0.978181519
1,2026,Sedamsville,31,13,0,18,183.2957,354.7731,715.3892216,196.1676647,256.1077844,77.84431138,56.04790419,4.645496032,0.359126984,0.727058344,3.5,1,66531.1976,309070.4145,20827.87186,0.06738876,3133.077844,0.04709186,0.841538964
1,2026,South Cumminsville,31,13,0,18,183.2957,354.7731,902.8170988,323.3861247,392.4540995,357.9201121,0,4.645496032,0.745995423,0.325037131,2.78,1,83961.99019,390045.0923,71322.56968,0.182857242,8375.330624,0.099751454,0.607645827
1,2026,South Fairmount,31,13,0,18,183.2957,354.7731,2319,960,667,259,102,4.645496032,0.2375,0.694682285,2.27,1,215667,1001880.193,67406.889,0.067280389,8447.4,0.039168718,0.801131392
1,2026,Spring Grove Village,31,13,0,18,183.2957,354.7731,1996,881,469,296,133,4.645496032,0.238365494,0.763784328,2.25,1,185628,862334.1374,62085.2925,0.071996793,10038.6,0.054079126,0.889860247
1,2026,Villages at Roll Hill,31,13,0,18,183.2957,354.7731,2196,895,1128,574,206,4.645496032,0.612290503,0.393838538,2.45,1,204228,948740.3636,162013.049,0.170766476,18252,0.089370703,0.653975718
1,2026,Walnut Hills,31,13,0,18,183.2957,354.7731,6176,3528,737,354,201,4.645496032,0.306405896,0.798455566,1.741359925,0.69,574368,2668224.265,319591.4343,0.119776826,8961.03,0.015601548,0.93383394
1,2026,West End,31,13,0,18,183.2957,354.7731,6929.284974,3429.00148,2061.355292,1159.994078,178,4.645496032,0.452993482,0.692157228,2.046430172,1,644423.5026,2993666.824,459228.7434,0.153400084,31309.06144,0.048584605,0.894141917
1,2026,West Price Hill,31,13,0,18,183.2957,354.7731,18669.39287,7441.500965,5187.970243,3128.862443,1039.131704,4.645496032,0.184977762,0.808127871,2.495004634,1,1736253.537,8065758.916,406957.9154,0.050455006,97531.06305,0.056173284,0.914756161
1,2026,Westwood,31,13,0,18,183.2957,354.7731,34095.91165,15214.73429,9589.600833,5082.343116,1146.751113,4.645496032,0.210256413,0.814775082,2.250008974,1,3170919.783,14730495.27,945764.6126,0.064204536,145760.805,0.045967989,0.924947607
1,2026,Winton Hills,31,13,0,18,183.2957,354.7731,4681,2540,1351,691,121,4.645496032,0.546850394,0.660870445,1.84,1,435333,2022337.724,410649.8633,0.203057016,19000.8,0.043646588,0.907574049
2,2019,Avondale,28,10,0,18,127.68,279.13,12570,5516,3724,1951,395,3.17,0.385605511,0.661131539,2.148326173,1,1055880,3347139.6,494757.925,0.147815145,54896.4,0.051991135,0.860937819
2,2019,Bond Hill,28,10,0,18,127.68,279.13,7174,3182,1642,974,210,3.17,0.166561911,0.861170719,2.209983273,1,602616,1910292.72,123282.4167,0.064535877,27705.6,0.045975547,0.971682143
2,2019,California,28,10,0,18,127.68,279.13,976,373,197,71,77,3.17,0,0.995655354,2.62,0.13,81984,259889.28,0,0,450.216,0.005491511,1.001146865
2,2019,Camp Washington,28,10,0,18,127.68,279.13,1396,446,230,90,47,3.17,0.311659193,0.850194744,2.36,1,117264,371726.88,32332.55833,0.086979339,3205.8,0.027338314,0.964512397
2,2019,Carthage,28,10,0,18,127.68,279.13,2940,1039,1017,569,245,3.17,0.26852743,0.798250225,2.82,1,246960,782863.2,64897.725,0.082897912,19047.6,0.07712828,0.958276417
2,2019,Clifton,28,10,0,18,127.68,279.13,8552,4156,1437,824,202,3.17,0.063282002,0.867285366,2.05898971,0.4,718368,2277226.56,61175.99167,0.026864254,9603.36,0.013368301,0.907517921
2,2019,College Hill,28,10,0,18,127.68,279.13,16403,7201,3858,2424,568,3.17,0.147896126,0.848234995,2.259642139,1,1377852,4367790.84,247727.875,0.056716973,70012.8,0.050813005,0.955764972
2,2019,Columbia Tusculum,28,10,0,18,127.68,279.13,1573,741.3396774,288.7216129,145.6293548,42.11580645,3.17,0,0.985060788,2.12,0.13,132132,418858.44,0,0,571.1207806,0.00432235,0.989383138
2,2019,Corryville,28,10,0,18,127.68,279.13,3984,1863,206,56,28,3.17,0.088030059,0.707081154,2.07188253,1,334656,1060859.52,38147.76667,0.035959301,1965.6,0.005873494,0.748913949
2,2019,CUF,28,10,0,18,127.68,279.13,16974,5547,607,271,122,3.17,0.07066883,0.757190222,2.238798162,1,1425816,4519836.72,91182.46667,0.020173841,9196.2,0.00644978,0.783813844
2,2019,Downtown,28,10,0,18,127.68,279.13,3857,2785.980015,161.0910437,42.35603257,9.401184308,3.17,0.105997329,0.894340912,1.355066114,1,323988,1027041.96,68690.73876,0.066882115,1211.118875,0.00373816,0.964961187
2,2019,East End,28,10,0,18,127.68,279.13,1601,747,314,157,70,3.17,0.096385542,0.906127111,2.13,1,134484,426314.28,16747.8,0.039285102,5311.8,0.039497635,0.984909848
2,2019,East Price Hill,28,10,0,18,127.68,279.13,13848,5640,3857,2225,513,3.17,0.322695035,0.787443661,2.411106297,1,1163232,3687445.44,423347.1667,0.11480771,64069.2,0.055078609,0.95732998
2,2019,East Walnut Hills,28,10,0,18,127.68,279.13,3905,2374.665167,354.968509,161.9228792,64.96015424,3.17,0.054825481,0.939804694,1.627011524,1,328020,1039823.4,30283.78121,0.029123966,5309.062982,0.016185181,0.985113841
2,2019,East Westwood,28,10,0,18,127.68,279.13,2503,1090.543121,808.9919768,456.4381182,169.6380157,3.17,0.33312742,0.744960522,2.271434279,1,210252,666498.84,84504.23864,0.126788276,14650.18153,0.069679154,0.941427952
2,2019,English Woods,28,10,0,18,127.68,279.13,474,204.5326969,158.8295943,87.10739857,25.11408115,3.17,0.369469027,0.633179512,2.26,1,39816,126216.72,17577.862,0.139267302,2625.982625,0.065952949,0.838399763
2,2019,Evanston,28,10,0,18,127.68,279.13,8382,3597.707265,1822.861401,1000.732867,406.494777,3.17,0.188057913,0.833913829,2.158989501,0.36,704088,2231958.96,157377.5227,0.070510939,11854.48567,0.016836653,0.921261422
2,2019,Hartwell,28,10,0,18,127.68,279.13,5397,2651,829,241,190,3.17,0.105620521,0.916339072,1.98,1,453348,1437113.16,65130.33333,0.045320254,10085.4,0.022246486,0.983905812
2,2019,Hyde Park,28,10,0,18,127.68,279.13,13291,6703,2567,1591,218,3.17,0.016261376,0.954528694,1.971784666,0.65,1116444,3539127.48,25354.30833,0.007164,27514.89,0.024645114,0.986337808
2,2019,Kennedy Heights,28,10,0,18,127.68,279.13,5057,2619,865,427,34,3.17,0.107674685,0.909102727,1.92,1,424788,1346577.96,65595.55,0.048712776,10787.4,0.025394785,0.983210288
2,2019,Linwood,28,10,0,18,127.68,279.13,687,268,202,127,39,3.17,0.28358209,0.750871946,2.56,1,57708,182934.36,17678.23333,0.096637031,3884.4,0.067311291,0.914820268
2,2019,Lower Price Hill,28,10,0,18,127.68,279.13,761,249.3715139,284.9960159,83.37649402,51.54183267,3.17,0.531914894,0.52970774,2.29,1,63924,202639.08,30854.198,0.152261834,3157.088845,0.049388162,0.731357736
2,2019,Madisonville,28,10,0,18,127.68,279.13,10838,5173,2288,1160,273,3.17,0.108061086,0.874742712,2.131092452,1,910392,2885942.64,130028.0583,0.045055663,33532.2,0.036832705,0.956631079
2,2019,Millvale,28,10,0,18,127.68,279.13,2150,863.3146461,890.4344779,502.4702172,66.29292221,3.17,0.530541012,0.571131307,2.48,1,180600,572502,106540.1588,0.186095697,13309.05746,0.073693563,0.830920567
2,2019,Mt. Adams,28,10,0,18,127.68,279.13,1629,1030,92,46,26,3.17,0,0.971985466,1.58,0.13,136836,433770.12,0,0,219.024,0.001600631,0.973586097
2,2019,Mt. Airy,28,10,0,18,127.68,279.13,8950,3913.515048,2508.398814,1501.777465,430.7405486,3.17,0.277678133,0.769444247,2.274527374,1,751800,2383206,252774.9068,0.106065068,45220.92151,0.060150202,0.935659517
2,2019,Mt. Auburn,28,10,0,18,127.68,279.13,4641,2132,961,570,133,3.17,0.166041276,0.844227446,2.01,1,389844,1235805.48,82343.35,0.06663132,16450.2,0.042196879,0.953055645
2,2019,Mt. Lookout,28,10,0,18,127.68,279.13,4996,2118.660323,1233.278387,701.3706452,159.8841935,3.17,0,0.972236101,2.369967974,0.13,419664,1330334.88,0,0,2619.937219,0.00624294,0.978479041
2,2019,Mt. Washington,28,10,0,18,127.68,279.13,12297,5492.241856,3154.57833,1700.554633,391.2559107,3.17,0.160947887,0.892556094,2.225589981,0.45,1032948,3274445.16,205617.5611,0.062794627,22026.76502,0.021324176,0.976674897
2,2019,North Avondale - Paddock Hills,28,10,0,18,127.68,279.13,4236,1513.627567,606.17009,288.3442539,103.5450687,3.17,0.20760095,0.852837131,2,1,355824,1127962.08,73092.6378,0.064800616,9170.210151,0.025771758,0.943409505
2,2019,North Fairmount,28,10,0,18,127.68,279.13,1621,699.4673031,543.1704057,297.8926014,85.88591885,3.17,0.369469027,0.633179512,2.26,1,136164,431639.88,60113.32133,0.139267302,8980.417375,0.065952949,0.838399763
2,2019,Northside,28,10,0,18,127.68,279.13,7865,3918,1410,678,239,3.17,0.164369576,0.88677349,2.006624285,1,660660,2094292.2,149799.7667,0.071527634,21457.8,0.032479339,0.990780463
2,2019,Oakley,28,10,0,18,127.68,279.13,12034,6473,1256,478,247,3.17,0.052216901,0.941124033,1.834845438,1,1010856,3204413.52,78621.61667,0.024535415,16965,0.016782806,0.982442254
2,2019,Over-the-Rhine,28,10,0,18,127.68,279.13,5200,2498,1076,598,132,3.17,0.325060048,0.812888983,1.860265385,0.65,436800,1384656,188877.9667,0.136407864,11103.3,0.025419643,0.97471649
2,2019,Pendleton,28,10,0,18,127.68,279.13,1083,571,238,111,49,3.17,0.218914186,0.824800105,1.9,1,90972,288381.24,29076.04167,0.100825011,3744,0.04115552,0.966780637
2,2019,Pleasant Ridge,28,10,0,18,127.68,279.13,7182,3534.503299,1409.428841,690.7728558,255.6503299,3.17,0.085550603,0.945230719,2.006922863,1,603288,1912422.96,70335.84914,0.036778396,22146.30254,0.036709337,1.018718452
2,2019,Queensgate,28,10,0,18,127.68,279.13,243,79.62848606,91.00398406,26.62350598,16.45816733,3.17,0.531914894,0.52970774,2.29,1,20412,64706.04,9852.260334,0.152261834,1008.111155,0.049388162,0.731357736
2,2019,Riverside,28,10,0,18,127.68,279.13,1772,929.6467066,299.6766467,135.7784431,49.7005988,3.17,0.179142163,0.85078079,1.920112867,1,148848,471848.16,38738.34112,0.082099167,4340.209581,0.029158669,0.962038627
2,2019,Roselawn,28,10,0,18,127.68,279.13,7627,3442,2060,1154,384,3.17,0.29110982,0.733542471,2.123861282,1,640668,2030917.56,233073.55,0.114762684,35989.2,0.056174493,0.904479648
2,2019,Sayler Park,28,10,0,18,127.68,279.13,3001,1169,690,395,136,3.17,0.127459367,0.870307156,2.56,1,252084,799106.28,34658.64167,0.043371755,12425.4,0.049290713,0.962969624
2,2019,Sedamsville,28,10,0,18,127.68,279.13,520,218.3532934,118.3233533,64.22155689,25.2994012,3.17,0.386809269,0.783156815,2.26,1,43680,138465.6,19646.35055,0.141886148,2094.790419,0.047957656,0.973000619
2,2019,South Cumminsville,28,10,0,18,127.68,279.13,704,282.6853539,291.5655221,164.5297828,21.70707779,3.17,0.530541012,0.571131307,2.48,1,59136,187461.12,34885.70783,0.186095697,4357.942537,0.073693563,0.830920567
2,2019,South Fairmount,28,10,0,18,127.68,279.13,1981,855,453,211,131,3.17,0.392982456,0.704799795,2.09,1,166404,527500.68,78156.4,0.1481636,8002.8,0.048092594,0.901055989
2,2019,Spring Grove Village,28,10,0,18,127.68,279.13,2171,862,599,373,70,3.17,0.212296984,0.889740215,2.51,1,182364,578093.88,42567.325,0.073633931,10366.2,0.056843456,1.020217602
2,2019,Villages at Roll Hill,28,10,0,18,127.68,279.13,2348,847,1244,487,48,3.17,0.710743802,0.410982508,2.77,1,197232,625225.44,140030.2167,0.223967561,12519,0.063473473,0.698423542
2,2019,Walnut Hills,28,10,0,18,127.68,279.13,6368,3492,1070,513,163,3.17,0.452176403,0.7327332,1.799605842,0.69,534912,1695671.04,367288.5583,0.216603663,10914.696,0.020404657,0.96974152
2,2019,West End,28,10,0,18,127.68,279.13,6695,3532.019985,1595.908956,1087.643967,210.5988157,3.17,0.363444591,0.744639173,1.909876027,1,562380,1782744.6,298597.8196,0.167493324,30378.88113,0.054018424,0.966150921
2,2019,West Price Hill,28,10,0,18,127.68,279.13,18343,7664.524854,5121.964782,2655.326325,847.0986757,3.17,0.237111692,0.852876947,2.387708663,1,1540812,4884374.04,422730.3955,0.086547507,81956.74503,0.05319062,0.992615074
2,2019,Westwood,28,10,0,18,127.68,279.13,32316,14259.45688,8629.008023,4229.561882,1379.361984,3.17,0.223270087,0.84579064,2.254729236,1,2714544,8605104.48,740557.5197,0.086060259,131248.8185,0.048350227,0.980201126
2,2019,Winton Hills,28,10,0,18,127.68,279.13,6008,2268,3018,1748,402,3.17,0.547619048,0.548176713,2.65,1,504672,1599810.24,288899.55,0.180583636,50310,0.099688511,0.828448859
2,2020,Avondale,29,11,0,18,122.18,245.6,12719,5968,3390,1896,515,3.33,0.358746649,0.698973421,1.999154336,1,1106553,3684821.49,438191.3333,0.118917927,56417.4,0.050984815,0.868876163
2,2020,Bond Hill,29,11,0,18,122.18,245.6,7276,3243,1799,1169,149,3.33,0.134443417,0.864866589,2.200033454,1,633012,2107929.96,89234.66667,0.042332842,30841.2,0.048721351,0.955920783
2,2020,California,29,11,0,18,122.18,245.6,930.8790896,329.3826458,241.5704125,113.1493599,52.40967283,3.33,0,0.971241403,2.8,0.13,80986.4808,269684.9811,0,0,503.6305775,0.006218699,0.977460103
2,2020,Camp Washington,29,11,0,18,122.18,245.6,1128,412,112,33,24,3.33,0.191747573,0.893005193,1.9,1,98136,326792.88,16168.66667,0.049476802,1333.8,0.013591343,0.956073338
2,2020,Carthage,29,11,0,18,122.18,245.6,3021,1040,911,537,286,3.33,0.225961538,0.806840928,2.9,1,262827,875213.91,48096.66667,0.054954184,19258.2,0.073273294,0.935068406
2,2020,Clifton,29,11,0,18,122.18,245.6,8476,4118,1379,751,212,3.33,0.050995629,0.875841693,2.075568288,0.4,737412,2455581.96,42980,0.017502979,9013.68,0.012223398,0.90556807
2,2020,College Hill,29,11,0,18,122.18,245.6,16199,7263,3660,2115,618,3.33,0.144292992,0.842489456,2.210749863,1,1409313,4693012.29,214490.6667,0.045704263,63952.2,0.04537828,0.933571999
2,2020,Columbia Tusculum,29,11,0,18,122.18,245.6,1533.955374,712.7721151,250.8824927,120.0414576,40.70609982,3.33,0.027389277,0.962334613,2.15,0.13,133454.1175,444402.2113,3995.566763,0.00899088,488.9940697,0.003664136,0.974989629
2,2020,Corryville,29,11,0,18,122.18,245.6,4310,1868,192,75,9,3.33,0.051391863,0.705229009,2.254939759,1,374970,1248650.1,19648,0.015735393,1965.6,0.005242019,0.726206421
2,2020,CUF,29,11,0,18,122.18,245.6,16792,5439,516,180,190,3.33,0.05846663,0.775875336,2.201993048,1,1460904,4864810.32,65084,0.013378528,8658,0.005926467,0.795180331
2,2020,Downtown,29,11,0,18,122.18,245.6,3914.909697,2723.126573,201.8201332,37.58771281,0,3.33,0.115489662,0.908709516,1.400396681,1,340597.1436,1134188.488,64366.22749,0.056750909,879.5524796,0.002582384,0.968042808
2,2020,East End,29,11,0,18,122.18,245.6,1462,703,201,94,47,3.33,0.086770982,0.935705267,2.06,1,127194,423556.02,12484.66667,0.029475833,3299.4,0.025939903,0.991121004
2,2020,East Price Hill,29,11,0,18,122.18,245.6,14788,6063,4110,2240,563,3.33,0.309252845,0.802082883,2.421629116,1,1286556,4284231.48,383750,0.089572658,65590.2,0.050981224,0.942636765
2,2020,East Walnut Hills,29,11,0,18,122.18,245.6,3730.882391,2345.219794,238.0109254,95.55205656,27.90938303,3.33,0.042030472,0.949114357,1.57315749,1,324586.768,1080873.937,20174.13539,0.018664652,2888.997686,0.008900541,0.976679549
2,2020,East Westwood,29,11,0,18,122.18,245.6,2594.407483,1110.703775,825.609913,480.56864,143.2812563,3.33,0.331502393,0.719523199,2.316640032,1,225713.451,751625.7918,75358.46293,0.100260613,14598.08758,0.064675311,0.884459123
2,2020,English Woods,29,11,0,18,122.18,245.6,452.0534606,217.202864,136.4305489,76.47350835,21.49403341,3.33,0.252083333,0.721772965,2.03,1,39328.65107,130964.4081,11206.15943,0.08556645,2292.440477,0.058289324,0.865628739
2,2020,Evanston,29,11,0,18,122.18,245.6,8305.282307,3343.437259,1505.62945,782.1793541,288.1667115,3.33,0.14225908,0.880456912,2.1611644,0.36,722559.5607,2406123.337,97346.48865,0.040457813,9016.595257,0.012478688,0.933393413
2,2020,Hartwell,29,11,0,18,122.18,245.6,5213,2384,1046,412,203,3.33,0.117449664,0.913793044,2.12,1,453531,1510258.23,57306.66667,0.037944946,14391,0.031731017,0.983469007
2,2020,Hyde Park,29,11,0,18,122.18,245.6,13423,6632,2497,1401,325,3.33,0.012665862,0.953415044,2.009787826,0.65,1167801,3888777.33,17192,0.004420927,26252.46,0.022480251,0.980316222
2,2020,Kennedy Heights,29,11,0,18,122.18,245.6,5020,2564,821,456,28,3.33,0.097113885,0.910703138,1.95,1,436740,1454344.2,50962,0.035041223,11325.6,0.025932134,0.971676495
2,2020,Linwood,29,11,0,18,122.18,245.6,669.9474518,311.2997095,109.5716926,52.42751518,17.77818854,3.33,0.027389277,0.962334613,2.15,1,58285.42831,194090.4763,1745.044098,0.00899088,1642.813467,0.028185663,0.999511156
2,2020,Lower Price Hill,29,11,0,18,122.18,245.6,858.0199203,279.690239,281.9641434,89.44023904,42.44621514,3.33,0.482384824,0.59529547,2.3,1,74647.73307,248576.9511,27613.2842,0.111085457,3086.143028,0.041342756,0.747723683
2,2020,Madisonville,29,11,0,18,122.18,245.6,10708.11111,5353.468575,1880.752525,960.5347924,350.6116723,3.33,0.083063405,0.887632225,2.036783539,1,931605.6667,3102246.87,91010.62664,0.029337003,30680.82727,0.032933277,0.949902505
2,2020,Millvale,29,11,0,18,122.18,245.6,2172.59986,849.0014015,897.9677645,539.3833217,57.25297828,3.33,0.573203194,0.545278332,2.55,1,189016.1878,629423.9054,99601.09787,0.158241683,13961.28942,0.07386293,0.777382944
2,2020,Mt. Adams,29,11,0,18,122.18,245.6,1617,975,115,69,28,3.33,0,0.968495181,1.66,0.13,140679,468461.07,0,0,295.074,0.002097499,0.970592679
2,2020,Mt. Airy,29,11,0,18,122.18,245.6,8806.992291,3766.476649,2421.760119,1321.154633,452.6658265,3.33,0.231938543,0.771281074,2.33455419,1,766208.3293,2551473.737,178794.9794,0.070075179,41507.39875,0.054172471,0.895528724
2,2020,Mt. Auburn,29,11,0,18,122.18,245.6,4632,2374,708,325,162,3.33,0.136478517,0.876137822,1.804115492,1,402984,1341936.72,66312,0.049415147,11395.8,0.028278542,0.953831511
2,2020,Mt. Lookout,29,11,0,18,122.18,245.6,4936.097175,2131.928175,1133.545815,635.5310272,151.5157116,3.33,0.00888933,0.969493974,2.316645316,0.13,429440.4542,1430036.712,3878.722472,0.002712324,2394.19618,0.005575153,0.97778145
2,2020,Mt. Washington,29,11,0,18,122.18,245.6,12196.83526,5429.929707,3033.712291,1576.369099,438.2196687,3.33,0.151879582,0.908039547,2.222381882,0.45,1061124.668,3533545.143,168787.6694,0.047767232,21213.61972,0.019991638,0.975798417
2,2020,North Avondale - Paddock Hills,29,11,0,18,122.18,245.6,4209.835302,1701.342946,614.3596247,356.2685893,47.92390549,3.33,0.193256155,0.872082623,2.078163362,1,366255.6713,1219631.385,67293.37596,0.055175176,9458.104378,0.025823776,0.953081574
2,2020,North Fairmount,29,11,0,18,122.18,245.6,1545.946539,742.797136,466.5694511,261.5264916,73.50596659,3.33,0.252083333,0.721772965,2.03,1,134497.3489,447876.1719,38323.17391,0.08556645,7839.759523,0.058289324,0.865628739
2,2020,Northside,29,11,0,18,122.18,245.6,7789,3910,1374,665,222,3.33,0.135805627,0.900782894,1.987628735,1,677643,2256551.19,108678,0.048161106,20755.8,0.030629402,0.979573401
2,2020,Oakley,29,11,0,18,122.18,245.6,11666.88889,6491.531425,1354.247475,449.4652076,337.3883277,3.33,0.035326436,0.95188309,1.773530829,1,1015019.333,3380014.38,46934.7067,0.013885949,18412.37273,0.018139923,0.983908962
2,2020,Over-the-Rhine,29,11,0,18,122.18,245.6,5407,2800,872,458,96,3.33,0.251071429,0.865757332,1.735303846,0.65,470409,1566461.97,143880.6667,0.091850724,8426.34,0.017912795,0.975520852
2,2020,Pendleton,29,11,0,18,122.18,245.6,980,476,218,92,44,3.33,0.149159664,0.880294889,2.06,1,85260,283915.8,14531.33333,0.051181841,3182.4,0.037325827,0.968802557
2,2020,Pleasant Ridge,29,11,0,18,122.18,245.6,7044.73327,3555.784166,1513.62394,880.9359095,225.2940622,3.33,0.11101451,0.916917317,1.939781398,1,612891.7945,2040929.676,80790.86459,0.039585325,25885.78134,0.042235484,0.998738126
2,2020,Queensgate,29,11,0,18,122.18,245.6,273.9800797,89.30976096,90.03585657,28.55976096,13.55378486,3.33,0.482384824,0.59529547,2.3,1,23836.26693,79374.76888,8817.38247,0.111085457,985.4569721,0.041342756,0.747723683
2,2020,Riverside,29,11,0,18,122.18,245.6,1794.736527,917.6646707,227.8023952,131.2814371,36.76047904,3.33,0.14330832,0.87063014,1.913544018,1,156142.0778,519953.1192,26915.50499,0.051765253,3932.180838,0.025183352,0.947578745
2,2020,Roselawn,29,11,0,18,122.18,245.6,8119,3692,1820,1000,359,3.33,0.263001083,0.731864272,2.113471876,1,706353,2352155.49,198731.3333,0.084489029,31800.6,0.045020832,0.861374133
2,2020,Sayler Park,29,11,0,18,122.18,245.6,2993,1193,668,393,164,3.33,0.158424141,0.874458463,2.510073309,1,260391,867102.03,38682,0.044610667,13033.8,0.050054725,0.969123855
2,2020,Sedamsville,29,11,0,18,122.18,245.6,568.2634731,262.3353293,101.1976048,60.71856287,20.23952096,3.33,0.207715134,0.865068649,2.07,1,49438.92216,164631.6108,11152.49501,0.067742124,1894.419162,0.038318375,0.971129148
2,2020,South Cumminsville,29,11,0,18,122.18,245.6,711.4001402,277.9985985,294.0322355,176.6166783,18.74702172,3.33,0.573203194,0.545278332,2.55,1,61891.81219,206099.7346,32613.56879,0.158241683,4571.510582,0.07386293,0.777382944
2,2020,South Fairmount,29,11,0,18,122.18,245.6,1843,853,423,199,54,3.33,0.296600234,0.745799126,1.94,1,160341,533935.53,51780.66667,0.096979249,5920.2,0.036922559,0.879700933
2,2020,Spring Grove Village,29,11,0,18,122.18,245.6,2239,889,645,434,64,3.33,0.282339708,0.824591244,2.51,1,194793,648660.69,51371.33333,0.079196002,11653.2,0.059823505,0.963610751
2,2020,Villages at Roll Hill,29,11,0,18,122.18,245.6,2382,844,1266,581,40,3.33,0.699052133,0.414767959,2.82,1,207234,690089.22,120753.3333,0.174982205,14531.4,0.070120733,0.659870897
2,2020,Walnut Hills,29,11,0,18,122.18,245.6,6382,3777,808,386,125,3.33,0.36457506,0.800911924,1.688450063,0.69,555234,1848929.22,281826,0.152426603,8250.606,0.014859692,0.968198218
2,2020,West End,29,11,0,18,122.18,245.6,7714.090303,3427.873427,2694.179867,1503.412287,292,3.33,0.479453827,0.679860872,2.280349515,1,671125.8564,2234849.102,336371.1058,0.150511775,42012.64752,0.062600252,0.892972899
2,2020,West Price Hill,29,11,0,18,122.18,245.6,17977.5585,7434.568795,5158.830696,2798.855275,984.6436493,3.33,0.241029518,0.843703751,2.41101074,1,1564047.59,5208278.474,366752.5423,0.07041723,88533.87483,0.056605614,0.970726595
2,2020,Westwood,29,11,0,18,122.18,245.6,32214.59252,14285.29622,8935.390087,4066.43136,1436.718744,3.33,0.197181703,0.852091822,2.25775622,1,2802669.549,9332889.598,576504.8704,0.061771316,128773.7124,0.045946805,0.959809944
2,2020,Winton Hills,29,11,0,18,122.18,245.6,6204,2646,2954,1360,331,3.33,0.555933485,0.611866919,2.34,1,539748,1797360.84,301064.6667,0.167503742,39569.4,0.073310878,0.852681539
2,2021,Avondale,28,10,0,18,212.71,422.31,13427,5961,3578,1817,782,3.67,0.336017447,0.678530718,2.129065235,1,1127868,4139275.56,704905.775,0.170296895,60816.6,0.053921736,0.902749348
2,2021,Bond Hill,28,10,0,18,212.71,422.31,7640,3312,1924,1160,158,3.67,0.125,0.873251239,2.280066908,1,641760,2355259.2,145696.95,0.061860261,30841.2,0.048057218,0.983168719
2,2021,California,28,10,0,18,212.71,422.31,930.8790896,333.8947368,238.0995733,113.4964438,53.10384068,3.67,0,0.974532007,2.77,0.13,78193.84353,286971.4057,0,0,506.7980654,0.006481304,0.981013311
2,2021,Camp Washington,28,10,0,18,212.71,422.31,1190,461,124,39,34,3.67,0.21691974,0.894907014,1.87,1,99960,366853.2,35192.5,0.095930743,1708.2,0.017088836,1.007926592
2,2021,Carthage,28,10,0,18,212.71,422.31,2889,1107,899,566,206,3.67,0.274616079,0.817363415,2.6,1,242676,890620.92,106985.2,0.120124284,18064.8,0.074439994,1.011927693
2,2021,Clifton,28,10,0,18,212.71,422.31,8544,4182,1386,828,171,3.67,0.055475849,0.869871483,2.043306829,0.4,717696,2633944.32,81646.6,0.030997846,9350.64,0.013028692,0.913898021
2,2021,College Hill,28,10,0,18,212.71,422.31,17085,7353,3947,2269,700,3.67,0.15871073,0.812452927,2.296748156,1,1435140,5266963.8,410696.475,0.077975944,69474.6,0.048409633,0.938838504
2,2021,Columbia Tusculum,28,10,0,18,212.71,422.31,1546.001056,742.6786374,243.4058622,126.2719831,30.32189068,3.67,0.035234899,0.96879115,2.08,0.13,129864.0887,476601.2056,9209.246257,0.019322751,476.358564,0.003668132,0.991782033
2,2021,Corryville,28,10,0,18,212.71,422.31,4438,1936,161,85,5,3.67,0.048553719,0.710637046,2.253644578,1,372792,1368146.64,33080.95,0.024179389,2106,0.005649263,0.740465698
2,2021,CUF,28,10,0,18,212.71,422.31,17351,5533,603,326,155,3.67,0.053677932,0.777781785,2.291218334,1,1457484,5348966.28,104521.725,0.019540547,11255.4,0.007722486,0.805044817
2,2021,Downtown,28,10,0,18,212.71,422.31,4608.323464,3019.737232,182.9837158,34.24870466,0,3.67,0.108420912,0.920791648,1.445595022,1,387099.171,1420653.958,115221.1828,0.081104327,801.4196891,0.002070321,1.003966296
2,2021,East End,28,10,0,18,212.71,422.31,1497,707,222,117,41,3.67,0.111739745,0.96313056,2.09,1,125748,461495.16,27802.075,0.060243481,3697.2,0.02940166,1.052775702
2,2021,East Price Hill,28,10,0,18,212.71,422.31,15139,6027,4271,2175,643,3.67,0.296996848,0.752217016,2.480657857,1,1271676,4667050.92,629945.75,0.134977261,65941.2,0.051853774,0.939048051
2,2021,East Walnut Hills,28,10,0,18,212.71,422.31,3830.861183,2460.753213,256.2429306,125.5520566,25.67737789,3.67,0.026929441,0.946580765,1.542606914,1,321792.3393,1180977.885,23320.91174,0.01974712,3538.768766,0.010997057,0.977324942
2,2021,East Westwood,28,10,0,18,212.71,422.31,2454.68656,1098.389607,811.9877463,519.3576096,102.613651,3.67,0.373575999,0.726996982,2.224302837,1,206193.671,756730.7727,144406.0873,0.190828882,14554.1275,0.070584744,0.988410609
2,2021,English Woods,28,10,0,18,212.71,422.31,488.2539379,230.778043,135.073031,67.19713604,23.30405728,3.67,0.221568627,0.728074357,2.07,1,41013.33079,150518.924,17995.04234,0.119553355,2117.727924,0.051635112,0.899262824
2,2021,Evanston,28,10,0,18,212.71,422.31,8672.297261,3470.777016,1628.718848,822.756491,335.9758535,3.67,0.14073521,0.866051248,2.181702458,0.36,728472.9699,2673495.8,171901.4726,0.064298389,9761.161271,0.013399483,0.94374912
2,2021,Hartwell,28,10,0,18,212.71,422.31,5084,2421,960,407,270,3.67,0.090458488,0.922572537,2.03,1,427056,1567295.52,77071.575,0.049174884,15841.8,0.037095369,1.00884279
2,2021,Hyde Park,28,10,0,18,212.71,422.31,14090,6696,2678,1434,361,3.67,0.009109916,0.950683326,2.093173576,0.65,1183560,4343665.2,21467.425,0.004942237,27301.95,0.023067652,0.978693215
2,2021,Kennedy Heights,28,10,0,18,212.71,422.31,5042,2478,890,418,40,3.67,0.086763519,0.863439283,2.02,1,423528,1554347.76,75663.875,0.048678859,10717.2,0.025304584,0.937422726
2,2021,Linwood,28,10,0,18,212.71,422.31,675.2083443,324.3612358,106.3063111,55.14866649,13.24293636,3.67,0.035234899,0.96879115,2.08,1,56717.50092,208153.2284,4022.09293,0.019322751,1600.363507,0.028216397,1.016330298
2,2021,Lower Price Hill,28,10,0,18,212.71,422.31,857.2619522,274.3844622,282.7221116,110.6633466,18.94920319,3.67,0.497237569,0.566005899,2.41,1,72010.00398,264276.7146,48014.62799,0.181683158,3032.933665,0.042118227,0.789807283
2,2021,Madisonville,28,10,0,18,212.71,422.31,10328.1431,5116.823232,1645.746914,776.157688,339.3602694,3.67,0.089933637,0.863930384,2.048913084,1,867564.0202,3183959.954,161946.919,0.050863366,26103.1202,0.030087832,0.944881581
2,2021,Millvale,28,10,0,18,212.71,422.31,2390.311843,890.4344779,964.2606868,522.8100911,59.51296426,3.67,0.611675127,0.483970406,2.67,1,200786.1948,736885.335,191678.2818,0.26011955,13626.3595,0.067865022,0.811954978
2,2021,Mt. Adams,28,10,0,18,212.71,422.31,1611,940,134,89,31,3.67,0,0.947803977,1.71,0.13,135324,496639.08,0,0,365.04,0.002697526,0.950501503
2,2021,Mt. Airy,28,10,0,18,212.71,422.31,8782.733284,3929.412157,2344.556412,1316.05278,373.766642,3.67,0.226574217,0.744310778,2.229856983,1,737749.5958,2707541.017,313320.0536,0.115721258,39541.77447,0.053597826,0.913629862
2,2021,Mt. Auburn,28,10,0,18,212.71,422.31,4811,2573,712,390,151,3.67,0.158958414,0.860787614,1.750066796,1,404124,1483135.08,143937.325,0.09704937,12659.4,0.031325534,0.989162517
2,2021,Mt. Lookout,28,10,0,18,212.71,422.31,5051.790599,2169.960127,1191.287827,626.5793504,164.435173,3.67,0.011706647,0.969539695,2.336911529,0.13,424350.4104,1557366.006,8939.935813,0.005740421,2406.26618,0.00567047,0.980950585
2,2021,Mt. Washington,28,10,0,18,212.71,422.31,12483.0966,5465.23091,3053.730015,1620.465724,681.9047985,3.67,0.130170228,0.909940127,2.261685777,0.45,1048580.115,3848289.021,250363.0886,0.065058286,24243.9616,0.023120753,0.998119166
2,2021,North Avondale - Paddock Hills,28,10,0,18,212.71,422.31,4352.841557,1743.469771,617.038221,334.6914524,117.3467686,3.67,0.155593612,0.880778935,2.099291785,1,365638.6908,1341893.995,95467.66566,0.07114397,10577.69437,0.028929363,0.980852267
2,2021,North Fairmount,28,10,0,18,212.71,422.31,1669.746062,789.221957,461.926969,229.802864,79.69594272,3.67,0.221568627,0.728074357,2.07,1,140258.6692,514749.316,61540.00766,0.119553355,7242.272076,0.051635112,0.899262824
2,2021,Northside,28,10,0,18,212.71,422.31,7965,4049,1390,654,270,3.67,0.097061003,0.896129559,1.963954228,1,669060,2455450.2,138306.525,0.056326341,21621.6,0.032316384,0.984772284
2,2021,Oakley,28,10,0,18,212.71,422.31,11310.8569,6355.176768,1271.253086,532.842312,163.6397306,3.67,0.033488522,0.946221026,1.75428702,1,950111.9798,3486910.966,74898.60599,0.021479931,16297.6798,0.01715343,0.984854387
2,2021,Over-the-Rhine,28,10,0,18,212.71,422.31,5712,2976,893,456,143,3.67,0.228158602,0.865310959,1.766196154,0.65,479808,1760895.36,238957.075,0.13570203,9110.79,0.018988408,1.020001396
2,2021,Pendleton,28,10,0,18,212.71,422.31,1018,509,223,116,30,3.67,0.106090373,0.892919279,2,1,85512,313829.04,19003.95,0.060555104,3416.4,0.039952287,0.99342667
2,2021,Pleasant Ridge,28,10,0,18,212.71,422.31,7326.252592,3596.025448,1421.01131,749.3854854,189.8831291,3.67,0.111246761,0.906729328,2.000969089,1,615405.2177,2258537.149,140786.2529,0.06233515,21978.88558,0.035714493,1.004778972
2,2021,Queensgate,28,10,0,18,212.71,422.31,273.7380478,87.61553785,90.27788845,35.33665339,6.050796813,3.67,0.497237569,0.566005899,2.41,1,22993.99602,84387.96538,15331.87201,0.181683158,968.4663347,0.042118227,0.789807283
2,2021,Riverside,28,10,0,18,212.71,422.31,1612.790419,737.7125749,260.4850299,139.6047904,32.31736527,3.67,0.210060228,0.823390031,2.149051919,1,135474.3952,497191.0304,54535.73099,0.109687681,4022.978443,0.029695489,0.962773201
2,2021,Roselawn,28,10,0,18,212.71,422.31,7056,3035,1647,887,249,3.67,0.228336079,0.749102912,2.200778812,1,592704,2175223.68,243884.025,0.112119056,26582.4,0.044849368,0.906071336
2,2021,Sayler Park,28,10,0,18,212.71,422.31,3122,1287,721,462,133,3.67,0.172494172,0.836237043,2.427624125,1,262248,962450.16,78127.35,0.081175476,13923,0.053090967,0.970503487
2,2021,Sedamsville,28,10,0,18,212.71,422.31,570.2095808,206.2874251,147.5149701,72.39520958,18.68263473,3.67,0.203773585,0.785877964,2.64,1,47897.60479,175784.2096,14793.49401,0.084157127,2131.221557,0.044495368,0.914530459
2,2021,South Cumminsville,28,10,0,18,212.71,422.31,782.688157,291.5655221,315.7393132,171.1899089,19.48703574,3.67,0.611675127,0.483970406,2.67,1,65745.80519,241287.105,62763.4932,0.26011955,4461.840505,0.067865022,0.811954978
2,2021,South Fairmount,28,10,0,18,212.71,422.31,1948,879,467,238,64,3.67,0.360637088,0.72152678,2.02,1,163632,600529.44,111560.225,0.185769785,7066.8,0.043187152,0.950483716
2,2021,Spring Grove Village,28,10,0,18,212.71,422.31,2167,885,569,353,63,3.67,0.246327684,0.829347783,2.44,1,182028,668042.76,76719.65,0.114842424,9734.4,0.053477487,0.997667694
2,2021,Villages at Roll Hill,28,10,0,18,212.71,422.31,2556,861,1464,770,35,3.67,0.766550523,0.394923892,2.97,1,214704,787963.68,232270.5,0.294773104,18837,0.087734742,0.777431738
2,2021,Walnut Hills,28,10,0,18,212.71,422.31,6121,3661,769,356,74,3.67,0.356186834,0.781163163,1.662482726,0.69,514164,1886981.88,458910.2,0.24319799,6942.78,0.013503046,1.037864199
2,2021,West End,28,10,0,18,212.71,422.31,8108.676536,3560.262768,2883.016284,1662.751295,282,3.67,0.4933898,0.676673033,2.308115011,1,681128.829,2499742.802,618190.5172,0.247301649,45507.18031,0.066811414,0.990786096
2,2021,West Price Hill,28,10,0,18,212.71,422.31,19033.09943,7620.713062,5323.327424,2962.558573,1141.668963,3.67,0.227960123,0.832467257,2.488727035,1,1598780.352,5867523.892,611370.6875,0.104195688,96038.92435,0.060070118,0.996733063
2,2021,Westwood,28,10,0,18,212.71,422.31,33395.31344,14676.61039,9045.012254,4450.64239,1192.386349,3.67,0.209562557,0.822624938,2.291599517,1,2805206.329,10295107.23,1082404.463,0.105137755,132046.8725,0.047072071,0.974834764
2,2021,Winton Hills,28,10,0,18,212.71,422.31,6294,2662,3029,1366,361,3.67,0.51014275,0.569889451,2.36,1,528696,1940314.32,477914.15,0.246307593,40411.8,0.076436742,0.892633787
2,2022,Avondale,28,10,0,18,236.37,466.81,12792,5700,3094,1540,797,4.1,0.34877193,0.690980596,2.096732697,1,1074528,4405564.8,773348.5667,0.175539029,54685.8,0.050892857,0.917412482
2,2022,Bond Hill,28,10,0,18,236.37,466.81,7287,3139,1780,1167,192,4.1,0.153552087,0.86942799,2.290075272,1,612108,2509642.8,187502.0167,0.074712631,31800.6,0.051952597,0.996093217
2,2022,California,28,10,0,18,236.37,466.81,929.4907539,341.8776671,256.1479374,125.2972973,57.61593172,4.1,0.023350254,0.969585022,2.71,0.13,78077.22333,320116.6156,3105.426411,0.009700922,556.4220427,0.00712656,0.986412504
2,2022,Camp Washington,28,10,0,18,236.37,466.81,1151,479,106,59,17,4.1,0.219206681,0.888968813,1.78,1,96684,396404.4,40845.875,0.103040922,1778.4,0.018393943,1.010403679
2,2022,Carthage,28,10,0,18,236.37,466.81,2759,1055,821,527,173,4.1,0.232227488,0.783555874,2.61,1,231756,950199.6,95307.04167,0.100302128,16380,0.070677782,0.954535784
2,2022,Clifton,28,10,0,18,236.37,466.81,8311,4192,1066,556,124,4.1,0.070849237,0.872889824,1.977352666,0.4,698124,2862308.4,115535.475,0.04036444,6364.8,0.009117005,0.922371269
2,2022,College Hill,28,10,0,18,236.37,466.81,16578,7214,3674,1973,744,4.1,0.174383144,0.81169804,2.262897641,1,1392552,5709463.2,489372.4833,0.085712521,63577.8,0.045655602,0.943066163
2,2022,Columbia Tusculum,28,10,0,18,236.37,466.81,1527.30948,742.2632691,232.6062847,103.0113546,34.47557433,4.1,0.040850588,0.969597306,2.05,0.13,128293.9963,526005.3848,11795.46816,0.022424615,418.2352379,0.003259975,0.995281896
2,2022,Corryville,28,10,0,18,236.37,466.81,4593,1944,313,99,2,4.1,0.036522634,0.654416473,2.308411145,1,385812,1581829.2,27619.59167,0.01746054,2363.4,0.006125781,0.678002795
2,2022,CUF,28,10,0,18,236.37,466.81,17703,5839,590,332,135,4.1,0.047097106,0.778482266,2.260336397,1,1487052,6096913.2,106977.2917,0.01754614,10927.8,0.007348633,0.803377039
2,2022,Downtown,28,10,0,18,236.37,466.81,5257.262028,3281.935603,263.9726129,50.43523316,0,4.1,0.057514217,0.93358807,1.474933886,1,441610.0104,1810601.042,73428.41828,0.04055472,1180.184456,0.002672459,0.976815248
2,2022,East End,28,10,0,18,236.37,466.81,1430,707,161,88,24,4.1,0.101838755,0.944726758,2,1,120120,492492,28008.6,0.056871178,2620.8,0.021818182,1.023416117
2,2022,East Price Hill,28,10,0,18,236.37,466.81,15908,6082,5021,2667,762,4.1,0.29118711,0.723129086,2.611281774,1,1336272,5478715.2,688933.7583,0.125747321,80238.6,0.060046607,0.908923014
2,2022,East Walnut Hills,28,10,0,18,236.37,466.81,4012.088046,2493.270566,399.2056555,215.1201799,60.33868895,4.1,0.035380584,0.913265016,1.603667093,1,337015.3959,1381763.123,34315.73511,0.024834745,6445.737532,0.019125944,0.957225705
2,2022,East Westwood,28,10,0,18,236.37,466.81,2434.307438,1059.651077,735.5904287,462.9622519,116.2436471,4.1,0.373495044,0.696477431,2.276188574,1,204481.8248,838375.4815,153959.5495,0.183640329,13553.41804,0.066281774,0.946399534
2,2022,English Woods,28,10,0,18,236.37,466.81,489.8377088,235.3031026,125.1178998,51.58568019,21.94653938,4.1,0.273076923,0.710655115,2.05,1,41146.36754,168700.1069,24996.06005,0.148168608,1720.653938,0.041817882,0.900641605
2,2022,Evanston,28,10,0,18,236.37,466.81,8354.011328,3434.786071,1417.954873,731.6112308,313.4879268,4.1,0.112565559,0.869583815,2.133520639,0.36,701736.9516,2877121.501,150405.6424,0.052276431,8803.915303,0.012545891,0.934406137
2,2022,Hartwell,28,10,0,18,236.37,466.81,5237,2448,965,379,237,4.1,0.100081699,0.917389358,2.04,1,439908,1803622.8,95307.04167,0.052842003,14414.4,0.032766851,1.002998212
2,2022,Hyde Park,28,10,0,18,236.37,466.81,13530,6580,2465,1297,355,4.1,0.013981763,0.94137498,2.039088857,0.65,1136520,4659732,35788.76667,0.007680435,25126.92,0.022108647,0.971164062
2,2022,Kennedy Heights,28,10,0,18,236.37,466.81,4714,2372,795,352,69,4.1,0.1306914,0.828223603,1.98,1,395976,1623501.6,120592.5833,0.074279313,9851.4,0.024878781,0.927381696
2,2022,Linwood,28,10,0,18,236.37,466.81,667.0448904,324.1798257,101.5896488,44.98970161,15.05703723,4.1,0.040850588,0.969597306,2.05,1,56031.77079,229730.2603,5151.612602,0.022424615,1405.093689,0.025076732,1.017098652
2,2022,Lower Price Hill,28,10,0,18,236.37,466.81,877.7270916,288.0278884,288.0278884,91.71414343,47.75199203,4.1,0.621052632,0.517487295,2.37,1,73729.0757,302289.2104,69585.99665,0.230196759,3263.50757,0.044263509,0.791947563
2,2022,Madisonville,28,10,0,18,236.37,466.81,10685.46577,5292.751964,1716.369809,732.0976431,342.6060606,4.1,0.099709447,0.845874785,2.041209633,1,897579.1246,3680074.411,205294.2362,0.055785349,25148.06667,0.02801766,0.929677794
2,2022,Millvale,28,10,0,18,236.37,466.81,2341.34548,890.4344779,1023.773651,662.1758935,74.57953749,4.1,0.602368866,0.476951667,2.62,1,196673.0203,806359.3833,208652.4025,0.258758572,17240.07708,0.087658577,0.823368816
2,2022,Mt. Adams,28,10,0,18,236.37,466.81,1643,977,114,80,16,4.1,0,0.941869806,1.68,0.13,138012,565849.2,0,0,292.032,0.00211599,0.943985795
2,2022,Mt. Airy,28,10,0,18,236.37,466.81,8913.806968,3893.991994,2475.059451,1374.247739,386.149444,4.1,0.250267048,0.711869148,2.277665922,1,748759.7853,3069915.12,379103.3564,0.12348985,41193.29408,0.055015367,0.890374364
2,2022,Mt. Auburn,28,10,0,18,236.37,466.81,4705,2583,603,416,113,4.1,0.14324429,0.838284446,1.705475113,1,395220,1620402,143933.0833,0.08882554,12378.6,0.031320783,0.95843077
2,2022,Mt. Lookout,28,10,0,18,236.37,466.81,5009.64563,2186.556905,1170.804067,611.9989438,164.4673884,4.1,0.013461883,0.972702418,2.299967974,0.13,420810.2329,1725321.955,11450.52757,0.006636748,2362.010583,0.005613007,0.984952173
2,2022,Mt. Washington,28,10,0,18,236.37,466.81,12436.34362,5527.69696,3001.501673,1566.027132,764.2803732,4.1,0.114884969,0.901115514,2.223608197,0.45,1044652.864,4283076.743,247039.4676,0.057678039,24538.13803,0.023489275,0.982282828
2,2022,North Avondale - Paddock Hills,28,10,0,18,236.37,466.81,4240.900625,1687.943363,666.8394719,393.2685893,104.1733843,4.1,0.179003648,0.874775752,2.117322946,1,356235.6525,1460566.175,117538.0975,0.080474339,11640.14218,0.032675399,0.98792549
2,2022,North Fairmount,28,10,0,18,236.37,466.81,1675.162291,804.6968974,427.8821002,176.4143198,75.05346062,4.1,0.273076923,0.710655115,2.05,1,140713.6325,576925.8931,85482.30662,0.148168608,5884.346062,0.041817882,0.900641605
2,2022,Northside,28,10,0,18,236.37,466.81,8200,4053,1354,559,240,4.1,0.098198865,0.899673792,2.025715194,1,688800,2824080,154825.3167,0.054823276,18696.6,0.027143728,0.981640796
2,2022,Oakley,28,10,0,18,236.37,466.81,11265.53423,6513.248036,1219.630191,484.9023569,118.3939394,4.1,0.019999642,0.943024935,1.708637195,1,946304.8754,3879849.989,50673.24714,0.01306062,14117.13333,0.014918166,0.971003722
2,2022,Over-the-Rhine,28,10,0,18,236.37,466.81,5657,3047,795,406,143,4.1,0.208729898,0.875445421,1.708942308,0.65,475188,1948270.8,247409.3,0.126989174,8350.29,0.017572603,1.020007198
2,2022,Pendleton,28,10,0,18,236.37,466.81,1134,550,251,145,40,4.1,0.125454545,0.900215501,2.06,1,95256,390549.6,26841.575,0.068727698,4329,0.045445956,1.014389156
2,2022,Pleasant Ridge,28,10,0,18,236.37,466.81,7184.554194,3642.132893,1438.686145,853.2770971,149.8831291,4.1,0.135636621,0.887994463,1.938428014,1,603502.5523,2474360.464,192172.6832,0.077665597,23473.94929,0.038896189,1.004556249
2,2022,Queensgate,28,10,0,18,236.37,466.81,280.2729084,91.97211155,91.97211155,29.28585657,15.24800797,4.1,0.621052632,0.517487295,2.37,1,23542.9243,96525.98964,22219.97002,0.230196759,1042.09243,0.044263509,0.791947563
2,2022,Riverside,28,10,0,18,236.37,466.81,2008.023952,826.0538922,418.1976048,213.6107784,33.59281437,4.1,0.19557669,0.824574948,2.420248307,1,168674.012,691563.4491,62846.97505,0.090876658,5784.564072,0.034294341,0.949745947
2,2022,Roselawn,28,10,0,18,236.37,466.81,7692,3558,1970,1287,248,4.1,0.24480045,0.708884333,2.11616494,1,646128,2649124.8,338826.2583,0.127901207,35919,0.055591152,0.892376692
2,2022,Sayler Park,28,10,0,18,236.37,466.81,2902,1186,710,402,133,4.1,0.15851602,0.861450757,2.442799067,1,243768,999448.8,73133.56667,0.0731739,12519,0.051356208,0.985980864
2,2022,Sedamsville,28,10,0,18,236.37,466.81,556.9760479,196.9461078,158.8023952,65.38922156,21.40718563,4.1,0.322134387,0.747090832,2.69,1,46785.98802,191822.5509,24679.89995,0.128660055,2031.035928,0.043411201,0.919162088
2,2022,South Cumminsville,28,10,0,18,236.37,466.81,766.65452,291.5655221,335.226349,216.8241065,24.42046251,4.1,0.602368866,0.476951667,2.62,1,64398.97968,264035.8167,68321.53086,0.258758572,5645.122915,0.087658577,0.823368816
2,2022,South Fairmount,28,10,0,18,236.37,466.81,1926,888,474,242,77,4.1,0.30518018,0.712572081,1.98,1,161784,663314.4,105421.2583,0.158931056,7464.6,0.046139297,0.917642435
2,2022,Spring Grove Village,28,10,0,18,236.37,466.81,2220,922,515,362,65,4.1,0.245119306,0.782147981,2.4,1,186480,764568,87915.88333,0.114987658,9991.8,0.053581081,0.95071672
2,2022,Villages at Roll Hill,28,10,0,18,236.37,466.81,2503,864,1444,819,77,4.1,0.706018519,0.369700104,2.9,1,210252,862033.2,237295.0833,0.275273717,20966.4,0.099720336,0.744694157
2,2022,Walnut Hills,28,10,0,18,236.37,466.81,6431,3677,860,364,186,4.1,0.342398695,0.782790116,1.751691269,0.69,540204,2214836.4,489761.4917,0.221127615,8880.3,0.01643879,1.020356521
2,2022,West End,28,10,0,18,236.37,466.81,7764.737972,3603.064397,2293.027387,1263.564767,234,4.1,0.464949237,0.690893072,2.177132188,1,652237.9896,2674175.758,651683.1151,0.243694945,35043.01554,0.053727345,0.988315362
2,2022,West Price Hill,28,10,0,18,236.37,466.81,18961.63553,7517.694487,5411.251034,3232.174391,1144.64663,4.1,0.196647414,0.81024671,2.514935943,1,1592777.384,6530387.276,575084.7034,0.088062879,102417.6119,0.064301272,0.96261086
2,2022,Westwood,28,10,0,18,236.37,466.81,32780.69256,14571.34892,8579.409571,3879.037748,1322.756353,4.1,0.218389223,0.819417792,2.263472583,1,2753578.175,11289670.52,1237912.267,0.109649991,121721.982,0.044205021,0.973272804
2,2022,Winton Hills,28,10,0,18,236.37,466.81,6741,2746,3304,1617,595,4.1,0.494901675,0.542016339,2.45,1,566244,2321600.4,528662.325,0.227714608,51760.8,0.09141077,0.861141716
2,2023,Avondale,28,10,0,18,164.77,319.68,12825,5866,3070,1560,841,4.2845,0.423968633,0.688056323,2.051463803,1,1077300,4615691.85,662536.8,0.143540085,56183.4,0.052152047,0.883748454
2,2023,Bond Hill,28,10,0,18,164.77,319.68,6723,3165,1495,1154,129,4.2845,0.165876777,0.861707486,2.105112908,1,564732,2419594.254,139860,0.05780308,30022.2,0.053161854,0.972672419
2,2023,California,28,10,0,18,164.77,319.68,954.8278805,335.9772404,260.6600284,135.3627312,45.46799431,4.2845,0.026859504,0.983597254,2.83,0.13,80205.54196,343640.6445,2404.042105,0.006995803,550.0870669,0.006858467,0.997451524
2,2023,Camp Washington,28,10,0,18,164.77,319.68,1128,520,109,67,18,4.2845,0.309615385,0.86960362,1.61,1,94752,405964.944,42890.4,0.105650502,1989,0.020991641,0.996245763
2,2023,Carthage,28,10,0,18,164.77,319.68,2962,1094,905,576,145,4.2845,0.174588665,0.808487356,2.7,1,248808,1066017.876,50882.4,0.047731282,16871.4,0.067808913,0.924027551
2,2023,Clifton,28,10,0,18,164.77,319.68,8012,4101,1091,543,155,4.2845,0.058522312,0.895678177,1.940058466,0.4,673008,2883502.776,63936,0.022173032,6533.28,0.009707581,0.927558791
2,2023,College Hill,28,10,0,18,164.77,319.68,16324,7124,3721,2033,828,4.2845,0.20620438,0.813060802,2.238321039,1,1371216,5874974.952,391341.6,0.06661162,66947.4,0.04882338,0.928495802
2,2023,Columbia Tusculum,28,10,0,18,164.77,319.68,1597.922102,755.1396884,284.111962,159.086084,25.33747029,4.2845,0.048954895,0.980076407,2.11,0.13,134225.4566,575088.9686,9848.217798,0.017124686,561.0164521,0.004179658,1.001380751
2,2023,Corryville,28,10,0,18,164.77,319.68,4442,1987,267,78,1,4.2845,0.023653749,0.686047929,2.159706325,1,373128,1598666.916,12520.8,0.007832025,1848.6,0.004954332,0.698834286
2,2023,CUF,28,10,0,18,164.77,319.68,17903,6110,478,165,120,4.2845,0.052373159,0.77211139,2.154798515,1,1503852,6443253.894,85248,0.013230582,6669,0.004434612,0.789776584
2,2023,Downtown,28,10,0,18,164.77,319.68,5501.109548,3389.128053,229.8482605,28.20355292,0,4.2845,0.072973797,0.934914516,1.449603319,1,462093.2021,1979838.324,65885.39334,0.033278168,659.9631384,0.001428204,0.969620888
2,2023,East End,28,10,0,18,164.77,319.68,1306,681,172,111,38,4.2845,0.114537445,0.955370044,1.9,1,109704,470026.788,20779.2,0.044208544,3486.6,0.031781886,1.031360474
2,2023,East Price Hill,28,10,0,18,164.77,319.68,15955,6112,5263,2574,882,4.2845,0.296138743,0.73184202,2.599238879,1,1340220,5742172.59,482184,0.083972398,80870.4,0.060341138,0.876155556
2,2023,East Walnut Hills,28,10,0,18,164.77,319.68,3876.895887,2470.430591,361.3496144,200.8348329,39.33868895,4.2845,0.03423318,0.915068833,1.552788732,1,325659.2545,1395287.076,22529.6329,0.016146952,5620.060411,0.017257487,0.948473272
2,2023,East Westwood,28,10,0,18,164.77,319.68,2446.440728,1082.362735,662.7084265,423.8682901,112.1505178,4.2845,0.403008497,0.730271131,2.233280064,1,205501.0212,880469.1253,116204.0474,0.131979696,12542.8401,0.061035415,0.923286242
2,2023,English Woods,28,10,0,18,164.77,319.68,494.8152745,231.9093079,114.9365155,56.78949881,23.98281623,4.2845,0.24195122,0.715299412,2.1,1,41564.48305,178083.0276,14947.9011,0.08393782,1890.072172,0.045473251,0.844710483
2,2023,Evanston,28,10,0,18,164.77,319.68,8421.154843,3511.949534,1469.161852,755.5963693,308.2870928,4.2845,0.090933908,0.854076328,2.101616559,0.36,707377.0068,3030756.786,85076.2509,0.028070959,8962.154285,0.012669558,0.894816845
2,2023,Hartwell,28,10,0,18,164.77,319.68,5403,2462,852,527,174,4.2845,0.097887896,0.924583721,2.07,1,453852,1944528.894,64202.4,0.033016943,16403.4,0.036142619,0.993743283
2,2023,Hyde Park,28,10,0,18,164.77,319.68,13559,6539,2522,1119,401,4.2845,0.011010858,0.940017258,2.057848168,0.65,1138956,4879856.982,19180.8,0.003930607,23119.2,0.020298589,0.964246454
2,2023,Kennedy Heights,28,10,0,18,164.77,319.68,4275,2222,492,333,67,4.2845,0.143564356,0.848252783,1.91,1,359100,1538563.95,84981.6,0.055234363,9360,0.026065163,0.929552309
2,2023,Linwood,28,10,0,18,164.77,319.68,697.8846052,329.8035384,124.0844996,69.48006337,11.06601532,4.2845,0.048954895,0.980076407,2.11,1,58622.30684,251167.2737,4301.160602,0.017124686,1884.778241,0.032151212,1.029352305
2,2023,Lower Price Hill,28,10,0,18,164.77,319.68,876.9691235,298.6394422,294.0916335,80.34462151,68.21713147,4.2845,0.631979695,0.466354618,2.32,1,73665.40637,315619.4336,50278.75458,0.159301834,3476.34502,0.047191011,0.672847463
2,2023,Madisonville,28,10,0,18,164.77,319.68,10561.56341,5445.440516,1620.369809,794.7861953,232.8462402,4.2845,0.096409902,0.87532009,1.957708987,1,887171.3266,3801085.549,139858.5051,0.036794359,24046.59899,0.027104797,0.939219246
2,2023,Millvale,28,10,0,18,164.77,319.68,2408.391731,825.648213,1009.460406,614.7161878,61.01962158,4.2845,0.515510949,0.498484702,2.9,1,202304.9054,866775.3672,113388.0168,0.13081592,15812.21794,0.078160329,0.70746095
2,2023,Mt. Adams,28,10,0,18,164.77,319.68,1592,984,97,65,11,4.2845,0,0.934637005,1.62,0.13,133728,572957.616,0,0,231.192,0.001728823,0.936365828
2,2023,Mt. Airy,28,10,0,18,164.77,319.68,8855.104818,4117.800593,2459.034396,1515.051742,311.7610082,4.2845,0.246881058,0.716394854,2.140346369,1,743828.8047,3186934.514,270824.0963,0.084979498,42747.41835,0.057469431,0.858843784
2,2023,Mt. Auburn,28,10,0,18,164.77,319.68,5192,2640,771,558,145,4.2845,0.15719697,0.793266802,1.851103211,1,436128,1868590.416,110556,0.059165454,16450.2,0.037718743,0.890150999
2,2023,Mt. Lookout,28,10,0,18,164.77,319.68,5018.193293,2134.056773,1254.803538,660.4338527,168.5965144,4.2845,0.016816196,0.97521814,2.359967974,0.13,421528.2366,1806037.73,9560.2216,0.005293478,2521.910377,0.005982779,0.986494398
2,2023,Mt. Washington,28,10,0,18,164.77,319.68,11815.2445,5463.880907,2649.821269,1560.902515,620.874501,4.2845,0.13778012,0.908509681,2.133691957,0.45,992480.5378,4252282.864,200549.6938,0.04716283,22974.11198,0.023148174,0.978820685
2,2023,North Avondale - Paddock Hills,28,10,0,18,164.77,319.68,4209.94927,1687.619875,609.4885337,370.5687978,55.37421821,4.2845,0.135145368,0.902230071,2.084645892,1,353635.7387,1515152.322,60758.91619,0.040100863,9967.066574,0.028184557,0.970515491
2,2023,North Fairmount,28,10,0,18,164.77,319.68,1692.184726,793.0906921,393.0634845,194.2105012,82.01718377,4.2845,0.24195122,0.715299412,2.1,1,142143.5169,609013.8984,51119.2989,0.08393782,6463.727828,0.045473251,0.844710483
2,2023,Northside,28,10,0,18,164.77,319.68,8407,4175,1198,548,192,4.2845,0.123113772,0.879595765,2.010178004,1,706188,3025662.486,136929.6,0.045256072,17316,0.024520383,0.94937222
2,2023,Oakley,28,10,0,18,164.77,319.68,11405.43659,6478.559484,1361.630191,602.2138047,115.1537598,4.2845,0.016825594,0.946980836,1.739411667,1,958056.6734,4104793.817,29039.09495,0.007074434,16786.40101,0.017521303,0.971576573
2,2023,Over-the-Rhine,28,10,0,18,164.77,319.68,6180,3155,840,328,149,4.2845,0.203486529,0.849835918,1.818869231,0.65,519120,2224169.64,171028.8,0.076895573,7255.17,0.013975902,0.940707393
2,2023,Pendleton,28,10,0,18,164.77,319.68,1163,558,238,154,36,4.2845,0.082437276,0.89748322,2.08,1,97692,418561.374,12254.4,0.029277427,4446,0.04551038,0.972271026
2,2023,Pleasant Ridge,28,10,0,18,164.77,319.68,7308.599434,3688.551367,1534.065033,828.6644675,150.332705,4.2845,0.131432997,0.883372961,1.952439432,1,613922.3525,2630350.319,129150.017,0.04909993,22908.53384,0.037315035,0.969787926
2,2023,Queensgate,28,10,0,18,164.77,319.68,280.0308765,95.36055777,93.90836653,25.65537849,21.78286853,4.2845,0.631979695,0.466354618,2.32,1,23522.59363,100782.5524,16054.84542,0.159301834,1110.05498,0.047191011,0.672847463
2,2023,Riverside,28,10,0,18,164.77,319.68,2088.550898,829.5508982,512.3952096,212.3473054,86.07784431,4.2845,0.216450716,0.830840211,2.513273138,1,175438.2754,751665.2912,47833.95449,0.063637306,6983.148503,0.039804019,0.934281537
2,2023,Roselawn,28,10,0,18,164.77,319.68,7449,3583,1509,1121,162,4.2845,0.234161317,0.728904,2.031551069,1,625716,2680880.202,223509.6,0.083371722,30022.2,0.047980553,0.860256276
2,2023,Sayler Park,28,10,0,18,164.77,319.68,2745,1184,682,423,106,4.2845,0.199324324,0.857092042,2.314898367,1,230580,987920.01,62870.4,0.06363916,12378.6,0.053684621,0.974415823
2,2023,Sedamsville,28,10,0,18,164.77,319.68,590.4491018,200.4491018,187.6047904,48.65269461,38.92215569,4.2845,0.316504854,0.750546837,2.81,1,49597.72455,212501.4508,16901.24551,0.07953473,2049.251497,0.04131745,0.871399017
2,2023,South Cumminsville,28,10,0,18,164.77,319.68,788.6082691,270.351787,330.5395936,201.2838122,19.98037842,4.2845,0.515510949,0.498484702,2.9,1,66243.0946,283818.5388,37127.98318,0.13081592,5177.58206,0.078160329,0.70746095
2,2023,South Fairmount,28,10,0,18,164.77,319.68,1960,852,478,231,108,4.2845,0.253521127,0.718636272,2.13,1,164640,705400.08,57542.4,0.081574133,7932.6,0.048181487,0.848391892
2,2023,Spring Grove Village,28,10,0,18,164.77,319.68,2163,927,549,327,132,4.2845,0.252427184,0.77983631,2.32,1,181692,778459.374,62337.6,0.080078167,10740.6,0.059114325,0.919028802
2,2023,Villages at Roll Hill,28,10,0,18,164.77,319.68,2262,901,1261,630,135,4.2845,0.612652608,0.359694036,2.51,1,190008,814089.276,147052.8,0.180634734,17901,0.094211823,0.634540593
2,2023,Walnut Hills,28,10,0,18,164.77,319.68,6259,3678,829,359,193,4.2845,0.347471452,0.790895394,1.714202261,0.69,525756,2252601.582,340459.2,0.151140443,8912.592,0.016951955,0.958987792
2,2023,West End,28,10,0,18,164.77,319.68,7764.890452,3592.871947,2249.151739,1322.796447,198,4.2845,0.433269674,0.699608129,2.182286781,1,652250.7979,2794568.544,414700.2067,0.148395074,35586.63686,0.054559744,0.902562948
2,2023,West Price Hill,28,10,0,18,164.77,319.68,18811.14342,7650.011933,5370.627021,3261.091031,1051.858812,4.2845,0.201424858,0.815275332,2.450516273,1,1580136.047,6770092.894,410496.4444,0.060633798,100923.0263,0.063869834,0.939778964
2,2023,Westwood,28,10,0,18,164.77,319.68,34059.55927,15074.63727,9471.291574,4788.13171,1273.849482,4.2845,0.213391444,0.823986694,2.266125449,1,2861002.979,12257967.26,856955.1526,0.069910054,141850.3599,0.04958064,0.943477388
2,2023,Winton Hills,28,10,0,18,164.77,319.68,5401,2699,2102,1050,281,4.2845,0.519081141,0.64571331,2,1,453684,1943809.098,373226.4,0.192007744,31145.4,0.068649985,0.90637104
2,2024,Avondale,29,10,0,19,183.88,356.19,12501,5950,3040,1641,623,4.395897,0.398991597,0.690806134,1.963373111,1,1087587,4780920.431,704662.55,0.147390562,55920.8,0.051417312,0.889614008
2,2024,Bond Hill,29,10,0,19,183.88,356.19,6399,3191,1417,905,151,4.395897,0.162331558,0.850134085,1.980091999,1,556713,2447253.007,153755.35,0.06282773,26083.2,0.046852148,0.959813963
2,2024,California,29,10,0,19,183.88,356.19,928.7965861,340.1422475,242.2645804,132.5860597,50.6742532,4.395897,0.02755102,0.976559214,2.72,0.13,80805.30299,355211.789,2781.626031,0.007830894,588.4488649,0.007282305,0.991672414
2,2024,Camp Washington,29,10,0,19,183.88,356.19,1143,548,90,45,12,4.395897,0.313868613,0.876434088,1.55,1,99441,437132.3936,51053.9,0.116792763,1407.9,0.014158144,1.007384995
2,2024,Carthage,29,10,0,19,183.88,356.19,3183,979,1107,542,137,4.395897,0.269662921,0.733606197,3.25,1,276921,1217316.193,78361.8,0.064372593,16771.3,0.060563482,0.858542272
2,2024,Clifton,29,10,0,19,183.88,356.19,8028,4079,1068,501,166,4.395897,0.076244177,0.885250904,1.945491113,0.4,698436,3070252.717,92312.575,0.030066768,6589.96,0.00943531,0.924752981
2,2024,College Hill,29,10,0,19,183.88,356.19,15930,7147,3555,1788,776,4.395897,0.226108857,0.804704983,2.172954947,1,1385910,6092317.611,479669.2,0.078733453,63330.8,0.045696185,0.929134621
2,2024,Columbia Tusculum,29,10,0,19,183.88,356.19,1621.18273,765.9392659,265.8357539,148.7018748,29.49115395,4.395897,0.043383948,0.95904074,2.11,0.13,141042.8975,620010.0502,9863.337206,0.015908351,572.1778154,0.004056764,0.979005855
2,2024,Corryville,29,10,0,19,183.88,356.19,4277,1968,256,101,1,4.395897,0.018800813,0.67161011,2.086822289,1,372099,1635708.878,10982.525,0.00671423,2519.4,0.006770779,0.685095118
2,2024,CUF,29,10,0,19,183.88,356.19,18282,6192,456,180,92,4.395897,0.066860465,0.782651708,2.153319783,1,1590534,6991823.639,122885.55,0.017575608,6718.4,0.00422399,0.804451306
2,2024,Downtown,29,10,0,19,183.88,356.19,6070.715026,3633.99852,282.6447076,85.00592154,0,4.395897,0.063479574,0.918821977,1.484669432,1,528152.2073,2321702.703,68472.97955,0.02949257,2099.646262,0.003975457,0.952290004
2,2024,East End,29,10,0,19,183.88,356.19,1323,707,71,36,24,4.395897,0.099009901,0.948525224,1.86,1,115101,505972.1406,20777.75,0.041065008,1482,0.012875648,1.00246588
2,2024,East Price Hill,29,10,0,19,183.88,356.19,16286,6321,5352,2708,815,4.395897,0.332384116,0.71801936,2.593354997,1,1416882,6228467.333,623629.325,0.100125648,87018.1,0.061415206,0.879560214
2,2024,East Walnut Hills,29,10,0,19,183.88,356.19,3934.501285,2474.03856,308.3309769,169.5122108,25.28534704,4.395897,0.021840688,0.93192842,1.586430218,1,342301.6118,1504722.629,16038.85112,0.010659008,4811.499679,0.014056316,0.956643744
2,2024,East Westwood,29,10,0,19,183.88,356.19,2601.088353,1064.265709,734.3991673,467.6568839,122.2488875,4.395897,0.419072549,0.699829171,2.409468638,1,226294.6867,994768.1345,132385.2985,0.133081563,14570.67255,0.064388045,0.89729878
2,2024,English Woods,29,10,0,19,183.88,356.19,496.1727924,239.8281623,148.874463,74.66348449,22.85155131,4.395897,0.324528302,0.687230934,2.04,1,43167.03294,189757.8306,23102.19437,0.121745671,2408.621384,0.055797705,0.86477431
2,2024,Evanston,29,10,0,19,183.88,356.19,8404.596004,3388.064636,1664.030385,884.24248,395.266425,4.395897,0.120803737,0.830442821,2.18067287,0.36,731199.8524,3214279.238,121487.7622,0.037796269,11377.39318,0.015559895,0.883798985
2,2024,Hartwell,29,10,0,19,183.88,356.19,5439,2426,1243,558,243,4.395897,0.23577906,0.843932863,2.1,1,473193,2080107.689,169783.9,0.081622649,19784.7,0.041811058,0.967366571
2,2024,Hyde Park,29,10,0,19,183.88,356.19,13303,6483,2448,1036,436,4.395897,0.016813204,0.938358409,2.031959221,0.65,1157361,5087639.748,32353.925,0.006359319,23632.96,0.020419696,0.965137425
2,2024,Kennedy Heights,29,10,0,19,183.88,356.19,4649,2401,684,380,165,4.395897,0.101624323,0.871139734,1.93,1,404463,1777977.688,72425.3,0.040734651,13461.5,0.033282402,0.945156786
2,2024,Linwood,29,10,0,19,183.88,356.19,708.0435701,334.5202007,116.1024558,64.9448112,12.88011619,4.395897,0.043383948,0.95904074,2.11,1,61599.7906,270786.3347,4307.763929,0.015908351,1922.275706,0.031205881,1.006154971
2,2024,Lower Price Hill,29,10,0,19,183.88,356.19,943.6703187,306.2191235,283.4800797,132.6444223,68.21713147,4.395897,0.571782178,0.509650105,2.42,1,82099.31773,360900.1445,51971.27846,0.144004593,4961.280378,0.060430227,0.714084925
2,2024,Madisonville,29,10,0,19,183.88,356.19,10748.04938,5684.800786,1490.818182,744.3058361,233.9118967,4.395897,0.106730738,0.887988151,1.899867134,1,935080.2963,4110516.669,180096.4866,0.043813589,24161.978,0.025839469,0.957641208
2,2024,Millvale,29,10,0,19,183.88,356.19,2757.182901,987.6138753,1198.5459,1093.079888,0,4.395897,0.745995423,0.335307065,2.78,1,239874.9124,1054465.408,218687.4308,0.207391754,26999.07323,0.112554802,0.655253621
2,2024,Mt. Adams,29,10,0,19,183.88,356.19,1631,1016,90,58,15,4.395897,0,0.950534229,1.61,0.13,141897,623764.5966,0,0,234.403,0.001651924,0.952186153
2,2024,Mt. Airy,29,10,0,19,183.88,356.19,9099.048036,4234.088213,2055.363973,1319.365456,150.7451446,4.395897,0.287523462,0.802446372,2.132741899,1,791617.1791,3479867.583,361354.667,0.103841499,36311.73183,0.045870318,0.952158189
2,2024,Mt. Auburn,29,10,0,19,183.88,356.19,5046,2650,705,474,109,4.395897,0.103018868,0.81967643,1.783449688,1,439002,1929807.575,81033.225,0.041990313,14400.1,0.032801901,0.894468644
2,2024,Mt. Lookout,29,10,0,19,183.88,356.19,5096.773699,2144.540533,1239.06179,682.353314,134.6287299,4.395897,0.015041788,0.965245402,2.387742194,0.13,443419.3119,1949225.623,9574.898865,0.004912155,2623.329343,0.005916137,0.976073694
2,2024,Mt. Washington,29,10,0,19,183.88,356.19,11879.67519,5553.087735,2598.366801,1379.398705,642.950248,4.395897,0.115661466,0.905976425,2.117269253,0.45,1033531.742,4543299.084,190644.2463,0.041961632,22478.40861,0.021749123,0.96968718
2,2024,North Avondale - Paddock Hills,29,10,0,19,183.88,356.19,4878.90271,1839.896803,824.6386379,457.2453092,82.44822794,4.395897,0.066674624,0.919005919,2.27,1,424464.5358,1865902.379,36412.8367,0.019514867,13330.43037,0.031405287,0.969926072
2,2024,North Fairmount,29,10,0,19,183.88,356.19,1696.827208,820.1718377,509.125537,255.3365155,78.14844869,4.395897,0.324528302,0.687230934,2.04,1,147623.9671,648939.7539,79005.60563,0.121745671,8237.078616,0.055797705,0.86477431
2,2024,Northside,29,10,0,19,183.88,356.19,8550,4378,1275,664,146,4.395897,0.100502513,0.876720911,1.942498411,1,743850,3269887.983,130603,0.039941124,20007,0.026896552,0.943558587
2,2024,Oakley,29,10,0,19,183.88,356.19,11411.95062,6598.199214,1267.181818,540.6941639,72.08810325,4.395897,0.015043046,0.952669194,1.708519196,1,992839.7037,4364421.075,29461.96336,0.006750486,15135.722,0.01524488,0.97466456
2,2024,Over-the-Rhine,29,10,0,19,183.88,356.19,6291,3343,715,315,73,4.395897,0.169608136,0.868197339,1.784465385,0.65,547317,2405949.158,168299.775,0.069951509,6229.34,0.011381594,0.949530443
2,2024,Pendleton,29,10,0,19,183.88,356.19,1146,596,210,132,31,4.395897,0.08557047,0.943748038,1.92,1,99702,438279.7227,15138.075,0.034539757,4026.1,0.040381336,1.018669131
2,2024,Pleasant Ridge,29,10,0,19,183.88,356.19,7268.072573,3683.009425,1571.93968,901.1055608,227.2544769,4.395897,0.117650837,0.895783889,1.953138402,1,632322.3139,2779623.763,128616.9862,0.046271365,27870.49293,0.044076403,0.986131657
2,2024,Queensgate,29,10,0,19,183.88,356.19,301.3296813,97.78087649,90.51992032,42.35557769,21.78286853,4.395897,0.571782178,0.509650105,2.42,1,26215.68227,115241.439,16595.29654,0.144004593,1584.219622,0.060430227,0.714084925
2,2024,Riverside,29,10,0,19,183.88,356.19,2268.610778,840.8323353,659.8922156,318.1556886,109.9520958,4.395897,0.34436223,0.807189532,2.771670429,1,197369.1377,867614.4004,85945.94536,0.099060072,10574.26228,0.053576068,0.959825672
2,2024,Roselawn,29,10,0,19,183.88,356.19,7375,3604,1483,1030,148,4.395897,0.249167592,0.716173201,1.98616494,1,641625,2820517.413,266548.85,0.094503529,29096.6,0.045348295,0.856025025
2,2024,Sayler Park,29,10,0,19,183.88,356.19,2713,1183,739,439,160,4.395897,0.22569738,0.862711366,2.297347551,1,236031,1037567.965,79252.275,0.076382731,14795.3,0.062683715,1.001777813
2,2024,Sedamsville,29,10,0,19,183.88,356.19,715.3892216,196.1676647,256.1077844,77.84431138,56.04790419,4.395897,0.359126984,0.733303852,3.5,1,62238.86228,273595.628,20911.05464,0.076430515,3307.137725,0.053136218,0.862870584
2,2024,South Cumminsville,29,10,0,19,183.88,356.19,902.8170988,323.3861247,392.4540995,357.9201121,0,4.395897,0.745995423,0.335307065,2.78,1,78545.0876,345276.1149,71607.4192,0.207391754,8840.626769,0.112554802,0.655253621
2,2024,South Fairmount,29,10,0,19,183.88,356.19,2319,960,667,259,102,4.395897,0.2375,0.706564387,2.27,1,201753,886885.4074,67676.1,0.076307603,8916.7,0.044196121,0.827068111
2,2024,Spring Grove Village,29,10,0,19,183.88,356.19,1996,881,469,296,133,4.395897,0.238365494,0.769126803,2.25,1,173652,763356.3058,62333.25,0.081656822,10596.3,0.061020316,0.911803942
2,2024,Villages at Roll Hill,29,10,0,19,183.88,356.19,2196,895,1128,574,206,4.395897,0.612290503,0.413092065,2.45,1,191052,839844.9136,162660.1,0.193678734,19266,0.100841656,0.707612455
2,2024,Walnut Hills,29,10,0,19,183.88,356.19,6176,3528,737,354,201,4.395897,0.306405896,0.805375246,1.741359925,0.69,537312,2361968.209,320867.825,0.135847648,9458.865,0.017604046,0.958826939
2,2024,West End,29,10,0,19,183.88,356.19,6929.284974,3429.00148,2061.355292,1159.994078,178,4.395897,0.452993482,0.706312849,2.046430172,1,602847.7927,2650056.804,461062.8204,0.173982241,33048.45374,0.05482056,0.93511565
2,2024,West Price Hill,29,10,0,19,183.88,356.19,18669.39287,7441.500965,5187.970243,3128.862443,1039.131704,4.395897,0.184977762,0.814924436,2.495004634,1,1624237.18,7139979.345,408583.2322,0.057224708,102949.4554,0.063383265,0.935532409
2,2024,Westwood,29,10,0,19,183.88,356.19,34095.91165,15214.73429,9589.600833,5082.343116,1146.751113,4.395897,0.210256413,0.824646515,2.250008974,1,2966344.313,13039744.07,949541.8265,0.072819054,153858.6274,0.051868095,0.949333664
2,2024,Winton Hills,29,10,0,19,183.88,356.19,4681,2540,1351,691,121,4.395897,0.546850394,0.679619002,1.84,1,407247,1790215.866,412289.925,0.230301794,20056.4,0.049248736,0.959169532
2,2025,Avondale,28,10,0,18,184.8439,363.5145,12501,5950,3040,1641,623,4.510190322,0.398991597,0.683326044,1.963373111,1,1050084,4736078.694,719152.8525,0.15184563,52977.6,0.050450821,0.885622495
2,2025,Bond Hill,28,10,0,18,184.8439,363.5145,6399,3191,1417,905,151,4.510190322,0.162331558,0.845204216,1.980091999,1,537516,2424299.461,156917.0925,0.064726778,24710.4,0.045971469,0.955902462
2,2025,California,28,10,0,18,184.8439,363.5145,928.7965861,340.1422475,242.2645804,132.5860597,50.6742532,4.510190322,0.02755102,0.975963749,2.72,0.13,78018.91323,351880.1474,2838.825896,0.008067593,557.477872,0.00714542,0.991176761
2,2025,Camp Washington,28,10,0,18,184.8439,363.5145,1143,548,90,45,12,4.510190322,0.313868613,0.872120275,1.55,1,96012,433032.3932,52103.745,0.120322973,1333.8,0.013892013,1.006335262
2,2025,Carthage,28,10,0,18,184.8439,363.5145,3183,979,1107,542,137,4.510190322,0.269662921,0.728993529,3.25,1,267372,1205898.607,79973.19,0.066318337,15888.6,0.059425071,0.854736937
2,2025,Clifton,28,10,0,18,184.8439,363.5145,8028,4079,1068,501,166,4.510190322,0.076244177,0.88110128,1.945491113,0.4,674352,3041455.864,94210.84125,0.030975574,6243.12,0.009257954,0.921334808
2,2025,College Hill,28,10,0,18,184.8439,363.5145,15930,7147,3555,1788,776,4.510190322,0.226108857,0.800750723,2.172954947,1,1338120,6035175.874,489532.86,0.081113272,59997.6,0.044837234,0.926701228
2,2025,Columbia Tusculum,28,10,0,18,184.8439,363.5145,1621.18273,765.9392659,265.8357539,148.7018748,29.49115395,4.510190322,0.043383948,0.957522593,2.11,0.13,136179.3494,614194.7835,10066.16158,0.016389201,542.0631936,0.003980509,0.977892303
2,2025,Corryville,28,10,0,18,184.8439,363.5145,4277,1968,256,101,1,4.510190322,0.018800813,0.664814763,2.086822289,1,359268,1620367.057,11208.36375,0.006917176,2386.8,0.006643508,0.678375448
2,2025,CUF,28,10,0,18,184.8439,363.5145,18282,6192,456,180,92,4.510190322,0.066860465,0.776454838,2.153319783,1,1535688,6926245.155,125412.5025,0.018106853,6364.8,0.004144592,0.798706283
2,2025,Downtown,28,10,0,18,184.8439,363.5145,6070.715026,3633.99852,282.6447076,85.00592154,0,4.510190322,0.063479574,0.916223742,1.484669432,1,509940.0622,2299926.733,69881.02116,0.030384021,1989.138564,0.00390073,0.950508493
2,2025,East End,28,10,0,18,184.8439,363.5145,1323,707,71,36,24,4.510190322,0.099009901,0.947099586,1.86,1,111132,501226.4709,21205.0125,0.04230625,1404,0.012633625,1.002039462
2,2025,East Price Hill,28,10,0,18,184.8439,363.5145,16286,6321,5352,2708,815,4.510190322,0.332384116,0.712789168,2.593354997,1,1368024,6170048.605,636453.3038,0.103152073,82438.2,0.060260785,0.876202025
2,2025,East Walnut Hills,28,10,0,18,184.8439,363.5145,3934.501285,2474.03856,308.3309769,169.5122108,25.28534704,4.510190322,0.021840688,0.930047984,1.586430218,1,330498.108,1490609.368,16368.66545,0.010981191,4558.262853,0.0137921,0.954821275
2,2025,East Westwood,28,10,0,18,184.8439,363.5145,2601.088353,1064.265709,734.3991673,467.6568839,122.2488875,4.510190322,0.419072549,0.693822931,2.409468638,1,218491.4217,985437.8955,135107.5987,0.137104123,13803.79505,0.063177744,0.894104798
2,2025,English Woods,28,10,0,18,184.8439,363.5145,496.1727924,239.8281623,148.874463,74.66348449,22.85155131,4.510190322,0.324528302,0.680023897,2.04,1,41678.51456,187978.033,23577.25549,0.125425589,2281.851838,0.054748876,0.860198363
2,2025,Evanston,28,10,0,18,184.8439,363.5145,8404.596004,3388.064636,1664.030385,884.24248,395.266425,4.510190322,0.120803737,0.8273407,2.18067287,0.36,705986.0644,3184131.515,123985.9713,0.038938709,10778.58302,0.015267416,0.881546825
2,2025,Hartwell,28,10,0,18,184.8439,363.5145,5439,2426,1243,558,243,4.510190322,0.23577906,0.836564704,2.1,1,456876,2060597.714,173275.245,0.084089798,18743.4,0.041025136,0.961679638
2,2025,Hyde Park,28,10,0,18,184.8439,363.5145,13303,6483,2448,1036,436,4.510190322,0.016813204,0.936164064,2.031959221,0.65,1117452,5039921.196,33019.23375,0.006551538,22389.12,0.020035867,0.962751469
2,2025,Kennedy Heights,28,10,0,18,184.8439,363.5145,4649,2401,684,380,165,4.510190322,0.101624323,0.867217647,1.93,1,390516,1761301.484,73914.615,0.041965907,12753,0.032656793,0.941840347
2,2025,Linwood,28,10,0,18,184.8439,363.5145,708.0435701,334.5202007,116.1024558,64.9448112,12.88011619,4.510190322,0.043383948,0.957522593,2.11,1,59475.65989,268246.5456,4396.346475,0.016389201,1821.103301,0.030619304,1.004531097
2,2025,Lower Price Hill,28,10,0,18,184.8439,363.5145,943.6703187,306.2191235,283.4800797,132.6444223,68.21713147,4.510190322,0.571782178,0.501564864,2.42,1,79268.30677,357515.15,53039.98794,0.148357316,4700.160359,0.05929432,0.7092165
2,2025,Madisonville,28,10,0,18,184.8439,363.5145,10748.04938,5684.800786,1490.818182,744.3058361,233.9118967,4.510190322,0.106730738,0.884097488,1.899867134,1,902836.1481,4071962.858,183799.8941,0.04513791,22890.29495,0.025353764,0.954589163
2,2025,Millvale,28,10,0,18,184.8439,363.5145,2757.182901,987.6138753,1198.5459,1093.079888,0,4.510190322,0.745995423,0.330463302,2.78,1,231603.3637,1044575.25,223184.4018,0.213660435,25578.06938,0.11043911,0.654562847
2,2025,Mt. Adams,28,10,0,18,184.8439,363.5145,1631,1016,90,58,15,4.510190322,0,0.949892152,1.61,0.13,137004,617914.1149,0,0,222.066,0.001620872,0.951513024
2,2025,Mt. Airy,28,10,0,18,184.8439,363.5145,9099.048036,4234.088213,2055.363973,1319.365456,150.7451446,4.510190322,0.287523462,0.797999977,2.132741899,1,764320.035,3447228.825,368785.3704,0.106980241,34400.58805,0.045008094,0.949988312
2,2025,Mt. Auburn,28,10,0,18,184.8439,363.5145,5046,2650,705,474,109,4.510190322,0.103018868,0.81645244,1.783449688,1,423864,1911707.311,82699.54875,0.043259524,13642.2,0.032185324,0.891897288
2,2025,Mt. Lookout,28,10,0,18,184.8439,363.5145,5096.773699,2144.540533,1239.06179,682.353314,134.6287299,4.510190322,0.015041788,0.964436361,2.387742194,0.13,428128.9908,1930943.231,9771.791946,0.005060631,2485.259377,0.005804931,0.975301924
2,2025,Mt. Washington,28,10,0,18,184.8439,363.5145,11879.67519,5553.087735,2598.366801,1379.398705,642.950248,4.510190322,0.115661466,0.902949553,2.117269253,0.45,997892.7163,4500686.072,194564.5523,0.043229976,21295.33448,0.021340305,0.967519834
2,2025,North Avondale - Paddock Hills,28,10,0,18,184.8439,363.5145,4878.90271,1839.896803,824.6386379,457.2453092,82.44822794,4.510190322,0.066674624,0.916421748,2.27,1,409827.8277,1848401.502,37161.61073,0.020104729,12628.82877,0.030814962,0.967341438
2,2025,North Fairmount,28,10,0,18,184.8439,363.5145,1696.827208,820.1718377,509.125537,255.3365155,78.14844869,4.510190322,0.324528302,0.680023897,2.04,1,142533.4854,642853.1466,80630.23451,0.125425589,7803.548162,0.054748876,0.860198363
2,2025,Northside,28,10,0,18,184.8439,363.5145,8550,4378,1275,664,146,4.510190322,0.100502513,0.873118951,1.942498411,1,718200,3239218.689,133288.65,0.041148395,18954,0.026390977,0.940658323
2,2025,Oakley,28,10,0,18,184.8439,363.5145,11411.95062,6598.199214,1267.181818,540.6941639,72.08810325,4.510190322,0.015043046,0.951589023,1.708519196,1,958603.8519,4323485.815,30067.80336,0.006954528,14339.10505,0.014958322,0.973501873
2,2025,Over-the-Rhine,28,10,0,18,184.8439,363.5145,6291,3343,715,315,73,4.510190322,0.169608136,0.865806618,1.784465385,0.65,528444,2383383.015,171760.6013,0.072065883,5901.48,0.011167654,0.949040156
2,2025,Pendleton,28,10,0,18,184.8439,363.5145,1146,596,210,132,31,4.510190322,0.08557047,0.941729513,1.92,1,96264,434168.9612,15449.36625,0.035583765,3814.2,0.039622289,1.016935567
2,2025,Pleasant Ridge,28,10,0,18,184.8439,363.5145,7268.072573,3683.009425,1571.93968,901.1055608,227.2544769,4.510190322,0.117650837,0.892514094,1.953138402,1,610518.0961,2753552.809,131261.7968,0.047669976,26403.62488,0.043247899,0.983431969
2,2025,Queensgate,28,10,0,18,184.8439,363.5145,301.3296813,97.78087649,90.51992032,42.35557769,21.78286853,4.510190322,0.571782178,0.501564864,2.42,1,25311.69323,114160.5538,16936.55331,0.148357316,1500.839641,0.05929432,0.7092165
2,2025,Riverside,28,10,0,18,184.8439,363.5145,2268.610778,840.8323353,659.8922156,318.1556886,109.9520958,4.510190322,0.34436223,0.804213119,2.771670429,1,190563.3054,859476.7757,87713.29165,0.102054289,10017.72216,0.052568999,0.958836408
2,2025,Roselawn,28,10,0,18,184.8439,363.5145,7375,3604,1483,1030,148,4.510190322,0.249167592,0.709520885,1.98616494,1,619500,2794062.904,272030.0175,0.097360019,27565.2,0.044495884,0.851376788
2,2025,Sayler Park,28,10,0,18,184.8439,363.5145,2713,1183,739,439,160,4.510190322,0.22569738,0.859207145,2.297347551,1,227892,1027836.293,80881.97625,0.078691497,14016.6,0.06150545,0.999404092
2,2025,Sedamsville,28,10,0,18,184.8439,363.5145,715.3892216,196.1676647,256.1077844,77.84431138,56.04790419,4.510190322,0.359126984,0.73035819,3.5,1,60092.69461,271029.4897,21341.05835,0.078740724,3133.077844,0.052137416,0.86123633
2,2025,South Cumminsville,28,10,0,18,184.8439,363.5145,902.8170988,323.3861247,392.4540995,357.9201121,0,4.510190322,0.745995423,0.330463302,2.78,1,75836.6363,342037.6631,73079.91574,0.213660435,8375.330624,0.11043911,0.654562847
2,2025,South Fairmount,28,10,0,18,184.8439,363.5145,2319,960,667,259,102,4.510190322,0.2375,0.700960253,2.27,1,194796,878567.034,69067.755,0.078614098,8447.4,0.043365367,0.822939718
2,2025,Spring Grove Village,28,10,0,18,184.8439,363.5145,1996,881,469,296,133,4.510190322,0.238365494,0.766607052,2.25,1,167664,756196.5501,63615.0375,0.084125004,10038.6,0.059873318,0.910605373
2,2025,Villages at Roll Hill,28,10,0,18,184.8439,363.5145,2196,895,1128,574,206,4.510190322,0.612290503,0.404011237,2.45,1,184464,831967.7476,166004.955,0.199532921,18252,0.098946136,0.702490294
2,2025,Walnut Hills,28,10,0,18,184.8439,363.5145,6176,3528,737,354,201,4.510190322,0.306405896,0.802111614,1.741359925,0.69,518784,2339814.576,327465.9788,0.139953816,8961.03,0.017273143,0.959338572
2,2025,West End,28,10,0,18,184.8439,363.5145,6929.284974,3429.00148,2061.355292,1159.994078,178,4.510190322,0.452993482,0.699636422,2.046430172,1,582059.9378,2625201.098,470543.8688,0.179241076,31309.06144,0.053790099,0.932667596
2,2025,West Price Hill,28,10,0,18,184.8439,363.5145,18669.39287,7441.500965,5187.970243,3128.862443,1039.131704,4.510190322,0.184977762,0.81171887,2.495004634,1,1568229.001,7073011.263,416985.1185,0.058954398,97531.06305,0.06219185,0.932865118
2,2025,Westwood,28,10,0,18,184.8439,363.5145,34095.91165,15214.73429,9589.600833,5082.343116,1146.751113,4.510190322,0.210256413,0.819990704,2.250008974,1,2864056.578,12917440.26,969067.695,0.075020103,145760.805,0.05089313,0.945903937
2,2025,Winton Hills,28,10,0,18,184.8439,363.5145,4681,2540,1351,691,121,4.510190322,0.546850394,0.672854039,1.84,1,393204,1773424.875,420768.0338,0.237262959,19000.8,0.048323008,0.958440006
2,2026,Avondale,28,10,0,18,183.7252,354.9343,12501,5950,3040,1641,623,4.645496032,0.398991597,0.674946555,1.963373111,1,1050084,4878161.055,702178.3568,0.14394325,52977.6,0.050450821,0.869340626
2,2026,Bond Hill,28,10,0,18,183.7252,354.9343,6399,3191,1417,905,151,4.645496032,0.162331558,0.839681584,1.980091999,1,537516,2497028.445,153213.3062,0.061358254,24710.4,0.045971469,0.947011307
2,2026,California,28,10,0,18,183.7252,354.9343,928.7965861,340.1422475,242.2645804,132.5860597,50.6742532,4.645496032,0.02755102,0.975296685,2.72,0.13,78018.91323,362436.5518,2771.819782,0.007647738,557.477872,0.00714542,0.990089842
2,2026,Camp Washington,28,10,0,18,183.7252,354.9343,1143,548,90,45,12,4.645496032,0.313868613,0.867287773,1.55,1,96012,446023.365,50873.91633,0.114061102,1333.8,0.013892013,0.995240888
2,2026,Carthage,28,10,0,18,183.7252,354.9343,3183,979,1107,542,137,4.645496032,0.269662921,0.723826239,3.25,1,267372,1242075.565,78085.546,0.062866985,15888.6,0.059425071,0.846118295
2,2026,Clifton,28,10,0,18,183.7252,354.9343,8028,4079,1068,501,166,4.645496032,0.076244177,0.87645271,1.945491113,0.4,674352,3132699.54,91987.13942,0.029363537,6243.12,0.009257954,0.915074201
2,2026,College Hill,28,10,0,18,183.7252,354.9343,15930,7147,3555,1788,776,4.645496032,0.226108857,0.796321006,2.172954947,1,1338120,6216231.15,477978.1907,0.076891959,59997.6,0.044837234,0.918050199
2,2026,Columbia Tusculum,28,10,0,18,183.7252,354.9343,1621.18273,765.9392659,265.8357539,148.7018748,29.49115395,4.645496032,0.043383948,0.955821905,2.11,0.13,136179.3494,632620.6271,9828.565336,0.015536271,542.0631936,0.003980509,0.975338686
2,2026,Corryville,28,10,0,18,183.7252,354.9343,4277,1968,256,101,1,4.645496032,0.018800813,0.657202351,2.086822289,1,359268,1668978.068,10943.80758,0.006557191,2386.8,0.006643508,0.670403051
2,2026,CUF,28,10,0,18,183.7252,354.9343,18282,6192,456,180,92,4.645496032,0.066860465,0.769512863,2.153319783,1,1535688,7134032.51,122452.3335,0.017164533,6364.8,0.004144592,0.790821988
2,2026,Downtown,28,10,0,18,183.7252,354.9343,6070.715026,3633.99852,282.6447076,85.00592154,0,4.645496032,0.063479574,0.913313099,1.484669432,1,509940.0622,2368924.535,68231.58726,0.028802769,1989.138564,0.00390073,0.946016599
2,2026,East End,28,10,0,18,183.7252,354.9343,1323,707,71,36,24,4.645496032,0.099009901,0.945303426,1.86,1,111132,516263.265,20704.50083,0.04010454,1404,0.012633625,0.998041591
2,2026,East Price Hill,28,10,0,18,183.7252,354.9343,16286,6321,5352,2708,815,4.645496032,0.332384116,0.706930102,2.593354997,1,1368024,6355150.064,621430.8036,0.097783813,82438.2,0.060260785,0.864974699
2,2026,East Walnut Hills,28,10,0,18,183.7252,354.9343,3934.501285,2474.03856,308.3309769,169.5122108,25.28534704,4.645496032,0.021840688,0.927941447,1.586430218,1,330498.108,1535327.649,15982.30831,0.010409705,4558.262853,0.0137921,0.952143252
2,2026,East Westwood,28,10,0,18,183.7252,354.9343,2601.088353,1064.265709,734.3991673,467.6568839,122.2488875,4.645496032,0.419072549,0.687094506,2.409468638,1,218491.4217,1015001.032,131918.5919,0.129968924,13803.79505,0.063177744,0.880241174
2,2026,English Woods,28,10,0,18,183.7252,354.9343,496.1727924,239.8281623,148.874463,74.66348449,22.85155131,4.645496032,0.324528302,0.671950294,2.04,1,41678.51456,193617.374,23020.75068,0.118898166,2281.851838,0.054748876,0.845597337
2,2026,Evanston,28,10,0,18,183.7252,354.9343,8404.596004,3388.064636,1664.030385,884.24248,395.266425,4.645496032,0.120803737,0.823865582,2.18067287,0.36,705986.0644,3279655.461,121059.4734,0.036912253,10778.58302,0.015267416,0.876045252
2,2026,Hartwell,28,10,0,18,183.7252,354.9343,5439,2426,1243,558,243,4.645496032,0.23577906,0.828310604,2.1,1,456876,2122415.645,169185.3497,0.07971358,18743.4,0.041025136,0.94904932
2,2026,Hyde Park,28,10,0,18,183.7252,354.9343,13303,6483,2448,1036,436,4.645496032,0.016813204,0.933705872,2.031959221,0.65,1117452,5191118.832,32239.86558,0.006210581,22389.12,0.020035867,0.959952321
2,2026,Kennedy Heights,28,10,0,18,183.7252,354.9343,4649,2401,684,380,165,4.645496032,0.101624323,0.862823974,1.93,1,390516,1814140.528,72169.97433,0.03978191,12753,0.032656793,0.935262676
2,2026,Linwood,28,10,0,18,183.7252,354.9343,708.0435701,334.5202007,116.1024558,64.9448112,12.88011619,4.645496032,0.043383948,0.955821905,2.11,1,59475.65989,276293.942,4292.577486,0.015536271,1821.103301,0.030619304,1.00197748
2,2026,Lower Price Hill,28,10,0,18,183.7252,354.9343,943.6703187,306.2191235,283.4800797,132.6444223,68.21713147,4.645496032,0.571782178,0.492507462,2.42,1,79268.30677,368240.6046,51788.0607,0.140636475,4700.160359,0.05929432,0.692438258
2,2026,Madisonville,28,10,0,18,183.7252,354.9343,10748.04938,5684.800786,1490.818182,744.3058361,233.9118967,4.645496032,0.106730738,0.879739017,1.899867134,1,902836.1481,4194121.744,179461.5807,0.042788834,22890.29495,0.025353764,0.947881615
2,2026,Millvale,28,10,0,18,183.7252,354.9343,2757.182901,987.6138753,1198.5459,1093.079888,0,4.645496032,0.745995423,0.325037131,2.78,1,231603.3637,1075912.507,217916.4776,0.202541077,25578.06938,0.11043911,0.638017318
2,2026,Mt. Adams,28,10,0,18,183.7252,354.9343,1631,1016,90,58,15,4.645496032,0,0.949172871,1.61,0.13,137004,636451.5384,0,0,222.066,0.001620872,0.950793743
2,2026,Mt. Airy,28,10,0,18,183.7252,354.9343,9099.048036,4234.088213,2055.363973,1319.365456,150.7451446,4.645496032,0.287523462,0.793018953,2.132741899,1,764320.035,3550645.69,360080.7596,0.101412754,34400.58805,0.045008094,0.939439801
2,2026,Mt. Auburn,28,10,0,18,183.7252,354.9343,5046,2650,705,474,109,4.645496032,0.103018868,0.812319082,1.783449688,1,423864,1969058.53,80747.55325,0.041008204,13642.2,0.032185324,0.885512609
2,2026,Mt. Lookout,28,10,0,18,183.7252,354.9343,5096.773699,2144.540533,1239.06179,682.353314,134.6287299,4.645496032,0.015041788,0.963530043,2.387742194,0.13,428128.9908,1988871.528,9541.143845,0.004797265,2485.259377,0.005804931,0.974132239
2,2026,Mt. Washington,28,10,0,18,183.7252,354.9343,11879.67519,5553.087735,2598.366801,1379.398705,642.950248,4.645496032,0.115661466,0.899558734,2.117269253,0.45,997892.7163,4635706.654,189972.1557,0.040980193,21295.33448,0.021340305,0.961879232
2,2026,North Avondale - Paddock Hills,28,10,0,18,183.7252,354.9343,4878.90271,1839.896803,824.6386379,457.2453092,82.44822794,4.645496032,0.066674624,0.913526859,2.27,1,409827.8277,1903853.547,36284.46814,0.019058435,12628.82877,0.030814962,0.963400255
2,2026,North Fairmount,28,10,0,18,183.7252,354.9343,1696.827208,820.1718377,509.125537,255.3365155,78.14844869,4.645496032,0.324528302,0.671950294,2.04,1,142533.4854,662138.741,78727.08198,0.118898166,7803.548162,0.054748876,0.845597337
2,2026,Northside,28,10,0,18,183.7252,354.9343,8550,4378,1275,664,146,4.645496032,0.100502513,0.869083894,1.942498411,1,718200,3336395.25,130142.5767,0.039006942,18954,0.026390977,0.934481814
2,2026,Oakley,28,10,0,18,183.7252,354.9343,11411.95062,6598.199214,1267.181818,540.6941639,72.08810325,4.645496032,0.015043046,0.950378973,1.708519196,1,958603.8519,4453190.39,29358.09916,0.006592599,14339.10505,0.014958322,0.971929894
2,2026,Over-the-Rhine,28,10,0,18,183.7252,354.9343,6291,3343,715,315,73,4.645496032,0.169608136,0.862845863,1.784465385,0.65,528444,2454884.505,167706.4567,0.068315416,5901.48,0.011167654,0.942328934
2,2026,Pendleton,28,10,0,18,183.7252,354.9343,1146,596,210,132,31,4.645496032,0.08557047,0.939468283,1.92,1,96264,447194.03,15084.70775,0.033731908,3814.2,0.039622289,1.01282248
2,2026,Pleasant Ridge,28,10,0,18,183.7252,354.9343,7268.072573,3683.009425,1571.93968,901.1055608,227.2544769,4.645496032,0.117650837,0.888851142,1.953138402,1,610518.0961,2836159.393,128163.5643,0.045189126,26403.62488,0.043247899,0.977288167
2,2026,Queensgate,28,10,0,18,183.7252,354.9343,301.3296813,97.78087649,90.51992032,42.35557769,21.78286853,4.645496032,0.571782178,0.492507462,2.42,1,25311.69323,117585.3704,16536.79205,0.140636475,1500.839641,0.05929432,0.692438258
2,2026,Riverside,28,10,0,18,183.7252,354.9343,2268.610778,840.8323353,659.8922156,318.1556886,109.9520958,4.645496032,0.34436223,0.800878826,2.771670429,1,190563.3054,885261.079,85642.95447,0.09674316,10017.72216,0.052568999,0.950190985
2,2026,Roselawn,28,10,0,18,183.7252,354.9343,7375,3604,1483,1030,148,4.645496032,0.249167592,0.702068702,1.98616494,1,619500,2877884.792,265609.1678,0.09229319,27565.2,0.044495884,0.838857776
2,2026,Sayler Park,28,10,0,18,183.7252,354.9343,2713,1183,739,439,160,4.645496032,0.22569738,0.85528158,2.297347551,1,227892,1058671.382,78972.88175,0.074596219,14016.6,0.06150545,0.991383249
2,2026,Sedamsville,28,10,0,18,183.7252,354.9343,715.3892216,196.1676647,256.1077844,77.84431138,56.04790419,4.645496032,0.359126984,0.727058344,3.5,1,60092.69461,279160.3744,20837.33553,0.074642884,3133.077844,0.052137416,0.853838645
2,2026,South Cumminsville,28,10,0,18,183.7252,354.9343,902.8170988,323.3861247,392.4540995,357.9201121,0,4.645496032,0.745995423,0.325037131,2.78,1,75836.6363,352298.793,71354.97686,0.202541077,8375.330624,0.11043911,0.638017318
2,2026,South Fairmount,28,10,0,18,183.7252,354.9343,2319,960,667,259,102,4.645496032,0.2375,0.694682285,2.27,1,194796,904924.045,67437.517,0.074522848,8447.4,0.043365367,0.8125705
2,2026,Spring Grove Village,28,10,0,18,183.7252,354.9343,1996,881,469,296,133,4.645496032,0.238365494,0.763784328,2.25,1,167664,778882.4467,62113.5025,0.079746954,10038.6,0.059873318,0.903404599
2,2026,Villages at Roll Hill,28,10,0,18,183.7252,354.9343,2196,895,1128,574,206,4.645496032,0.612290503,0.393838538,2.45,1,184464,856926.78,162086.6637,0.18914879,18252,0.098946136,0.681933464
2,2026,Walnut Hills,28,10,0,18,183.7252,354.9343,6176,3528,737,354,201,4.645496032,0.306405896,0.798455566,1.741359925,0.69,518784,2410009.013,319736.6486,0.132670312,8961.03,0.017273143,0.948399021
2,2026,West End,28,10,0,18,183.7252,354.9343,6929.284974,3429.00148,2061.355292,1159.994078,178,4.645496032,0.452993482,0.692157228,2.046430172,1,582059.9378,2703957.132,459437.4054,0.169912977,31309.06144,0.053790099,0.915860303
2,2026,West Price Hill,28,10,0,18,183.7252,354.9343,18669.39287,7441.500965,5187.970243,3128.862443,1039.131704,4.645496032,0.184977762,0.808127871,2.495004634,1,1568229.001,7285201.602,407142.8269,0.055886281,97531.06305,0.06219185,0.926206003
2,2026,Westwood,28,10,0,18,183.7252,354.9343,34095.91165,15214.73429,9589.600833,5082.343116,1146.751113,4.645496032,0.210256413,0.814775082,2.250008974,1,2864056.578,13304963.47,946194.3443,0.071115892,145760.805,0.05089313,0.936784105
2,2026,Winton Hills,28,10,0,18,183.7252,354.9343,4681,2540,1351,691,121,4.645496032,0.546850394,0.660870445,1.84,1,393204,1826627.622,410836.4523,0.224915274,19000.8,0.048323008,0.934108727
3,2019,Avondale,31,16,0,15,125.34,251.69,12570,5516,3724,1951,395,3.17,0.385605511,0.661131539,2.148326173,1,1169010,3705761.7,446120.525,0.120385648,45747,0.039133113,0.8206503
3,2019,Bond Hill,31,16,0,15,125.34,251.69,7174,3182,1642,974,210,3.17,0.166561911,0.861170719,2.209983273,1,667182,2114966.94,111163.0833,0.052560199,23088,0.03460525,0.948336168
3,2019,California,31,16,0,15,125.34,251.69,976,373,197,71,77,3.17,0,0.995655354,2.62,0.13,90768,287734.56,0,0,375.18,0.004133395,0.999788749
3,2019,Camp Washington,31,16,0,15,125.34,251.69,1396,446,230,90,47,3.17,0.311659193,0.850194744,2.36,1,129828,411554.76,29154.09167,0.070838913,2671.5,0.020577225,0.941610882
3,2019,Carthage,31,16,0,15,125.34,251.69,2940,1039,1017,569,245,3.17,0.26852743,0.798250225,2.82,1,273420,866741.4,58517.925,0.067514861,15873,0.058053544,0.92381863
3,2019,Clifton,31,16,0,15,125.34,251.69,8552,4156,1437,824,202,3.17,0.063282002,0.867285366,2.05898971,0.4,795336,2521215.12,55162.05833,0.021879156,8002.8,0.010062162,0.899226685
3,2019,College Hill,31,16,0,15,125.34,251.69,16403,7201,3858,2424,568,3.17,0.147896126,0.848234995,2.259642139,1,1525479,4835768.43,223374.875,0.046192219,58344,0.038246348,0.932673561
3,2019,Columbia Tusculum,31,16,0,15,125.34,251.69,1573,741.3396774,288.7216129,145.6293548,42.11580645,3.17,0,0.985060788,2.12,0.13,146289,463736.13,0,0,475.9339839,0.003253382,0.98831417
3,2019,Corryville,31,16,0,15,125.34,251.69,3984,1863,206,56,28,3.17,0.088030059,0.707081154,2.07188253,1,370512,1174523.04,34397.63333,0.02928647,1638,0.004420909,0.740788533
3,2019,CUF,31,16,0,15,125.34,251.69,16974,5547,607,271,122,3.17,0.07066883,0.757190222,2.238798162,1,1578582,5004104.94,82218.73333,0.016430258,7663.5,0.004854673,0.778475153
3,2019,Downtown,31,16,0,15,125.34,251.69,3857,2785.980015,161.0910437,42.35603257,9.401184308,3.17,0.105997329,0.894340912,1.355066114,1,358701,1137082.17,61938.06483,0.054471054,1009.265729,0.002813669,0.951625635
3,2019,East End,31,16,0,15,125.34,251.69,1601,747,314,157,70,3.17,0.096385542,0.906127111,2.13,1,148893,471990.81,15101.4,0.031995114,4426.5,0.029729403,0.967851628
3,2019,East Price Hill,31,16,0,15,125.34,251.69,13848,5640,3857,2225,513,3.17,0.322695035,0.787443661,2.411106297,1,1287864,4082528.88,381729.8333,0.093503278,53391,0.041457017,0.922403956
3,2019,East Walnut Hills,31,16,0,15,125.34,251.69,3905,2374.665167,354.968509,161.9228792,64.96015424,3.17,0.054825481,0.939804694,1.627011524,1,363165,1151233.05,27306.7205,0.023719542,4424.219152,0.012182394,0.97570663
3,2019,East Westwood,31,16,0,15,125.34,251.69,2503,1090.543121,808.9919768,456.4381182,169.6380157,3.17,0.33312742,0.744960522,2.271434279,1,232779,737909.43,76197.01151,0.103260656,12208.48461,0.052446675,0.900667853
3,2019,English Woods,31,16,0,15,125.34,251.69,474,204.5326969,158.8295943,87.10739857,25.11408115,3.17,0.369469027,0.633179512,2.26,1,44082,139739.94,15849.86239,0.113423996,2188.318854,0.049642005,0.796245513
3,2019,Evanston,31,16,0,15,125.34,251.69,8382,3597.707265,1822.861401,1000.732867,406.494777,3.17,0.188057913,0.833913829,2.158989501,0.36,779526,2471097.42,141906.4546,0.057426491,9878.73806,0.01267275,0.904013071
3,2019,Hartwell,31,16,0,15,125.34,251.69,5397,2651,829,241,190,3.17,0.105620521,0.916339072,1.98,1,501921,1591089.57,58727.66667,0.036910346,8404.5,0.016744667,0.969994085
3,2019,Hyde Park,31,16,0,15,125.34,251.69,13291,6703,2567,1591,218,3.17,0.016261376,0.954528694,1.971784666,0.65,1236063,3918319.71,22861.84167,0.005834603,22929.075,0.018550086,0.978913383
3,2019,Kennedy Heights,31,16,0,15,125.34,251.69,5057,2619,865,427,34,3.17,0.107674685,0.909102727,1.92,1,470301,1490854.17,59147.15,0.03967333,8989.5,0.019114354,0.967890412
3,2019,Linwood,31,16,0,15,125.34,251.69,687,268,202,127,39,3.17,0.28358209,0.750871946,2.56,1,63891,202534.47,15940.36667,0.078704463,3237,0.050664413,0.880240822
3,2019,Lower Price Hill,31,16,0,15,125.34,251.69,761,249.3715139,284.9960159,83.37649402,51.54183267,3.17,0.531914894,0.52970774,2.29,1,70773,224350.41,27821.06221,0.124007182,2630.907371,0.037173885,0.690888808
3,2019,Madisonville,31,16,0,15,125.34,251.69,10838,5173,2288,1160,273,3.17,0.108061086,0.874742712,2.131092452,1,1007934,3195150.78,117245.5917,0.036694854,27943.5,0.027723541,0.939161107
3,2019,Millvale,31,16,0,15,125.34,251.69,2150,863.3146461,890.4344779,502.4702172,66.29292221,3.17,0.530541012,0.571131307,2.48,1,199950,633841.5,96066.68068,0.151562624,11090.88122,0.055468273,0.778162204
3,2019,Mt. Adams,31,16,0,15,125.34,251.69,1629,1030,92,46,26,3.17,0,0.971985466,1.58,0.13,151497,480245.49,0,0,182.52,0.001204776,0.973190242
3,2019,Mt. Airy,31,16,0,15,125.34,251.69,8950,3913.515048,2508.398814,1501.777465,430.7405486,3.17,0.277678133,0.769444247,2.274527374,1,832350,2638549.5,227925.7561,0.086382975,37684.10126,0.045274345,0.901101568
3,2019,Mt. Auburn,31,16,0,15,125.34,251.69,4641,2132,961,570,133,3.17,0.166041276,0.844227446,2.01,1,431613,1368213.21,74248.55,0.054266798,13708.5,0.031761092,0.930255336
3,2019,Mt. Lookout,31,16,0,15,125.34,251.69,4996,2118.660323,1233.278387,701.3706452,159.8841935,3.17,0,0.972236101,2.369967974,0.13,464628,1472870.76,0,0,2183.281016,0.004698987,0.976935088
3,2019,Mt. Washington,31,16,0,15,125.34,251.69,12297,5492.241856,3154.57833,1700.554633,391.2559107,3.17,0.160947887,0.892556094,2.225589981,0.45,1143621,3625278.57,185404.2344,0.051142066,18355.63752,0.016050455,0.959748615
3,2019,North Avondale - Paddock Hills,31,16,0,15,125.34,251.69,4236,1513.627567,606.17009,288.3442539,103.5450687,3.17,0.20760095,0.852837131,2,1,393948,1248815.16,65907.23322,0.052775811,7641.841793,0.019398098,0.92501104
3,2019,North Fairmount,31,16,0,15,125.34,251.69,1621,699.4673031,543.1704057,297.8926014,85.88591885,3.17,0.369469027,0.633179512,2.26,1,150753,477887.01,54203.85428,0.113423996,7483.681146,0.049642005,0.796245513
3,2019,Northside,31,16,0,15,125.34,251.69,7865,3918,1410,678,239,3.17,0.164369576,0.88677349,2.006624285,1,731445,2318680.65,135073.6333,0.058254522,17881.5,0.024446814,0.969474826
3,2019,Oakley,31,16,0,15,125.34,251.69,12034,6473,1256,478,247,3.17,0.052216901,0.941124033,1.834845438,1,1119162,3547743.54,70892.68333,0.019982471,14137.5,0.012632219,0.973738724
3,2019,Over-the-Rhine,31,16,0,15,125.34,251.69,5200,2498,1076,598,132,3.17,0.325060048,0.812888983,1.860265385,0.65,483600,1533012,170310.2333,0.111095173,9252.75,0.019133065,0.943117221
3,2019,Pendleton,31,16,0,15,125.34,251.69,1083,571,238,111,49,3.17,0.218914186,0.824800105,1.9,1,100719,319279.23,26217.70833,0.082115296,3120,0.030977273,0.937892674
3,2019,Pleasant Ridge,31,16,0,15,125.34,251.69,7182,3534.503299,1409.428841,690.7728558,255.6503299,3.17,0.085550603,0.945230719,2.006922863,1,667926,2117325.42,63421.4519,0.029953568,18455.25212,0.027630684,1.002814971
3,2019,Queensgate,31,16,0,15,125.34,251.69,243,79.62848606,91.00398406,26.62350598,16.45816733,3.17,0.531914894,0.52970774,2.29,1,22599,71638.83,8883.729457,0.124007182,840.0926295,0.037173885,0.690888808
3,2019,Riverside,31,16,0,15,125.34,251.69,1772,929.6467066,299.6766467,135.7784431,49.7005988,3.17,0.179142163,0.85078079,1.920112867,1,164796,522403.32,34930.1511,0.066864336,3616.841317,0.021947385,0.939592511
3,2019,Roselawn,31,16,0,15,125.34,251.69,7627,3442,2060,1154,384,3.17,0.29110982,0.733542471,2.123861282,1,709311,2248515.87,210161.15,0.093466607,29991,0.042281876,0.869290955
3,2019,Sayler Park,31,16,0,15,125.34,251.69,3001,1169,690,395,136,3.17,0.127459367,0.870307156,2.56,1,279093,884724.81,31251.50833,0.035323423,10354.5,0.037100536,0.942731115
3,2019,Sedamsville,31,16,0,15,125.34,251.69,520,218.3532934,118.3233533,64.22155689,25.2994012,3.17,0.386809269,0.783156815,2.26,1,48360,153301.2,17715.00724,0.115556873,1745.658683,0.036097161,0.934810848
3,2019,South Cumminsville,31,16,0,15,125.34,251.69,704,282.6853539,291.5655221,164.5297828,21.70707779,3.17,0.530541012,0.571131307,2.48,1,65472,207546.24,31456.25265,0.151562624,3631.618781,0.055468273,0.778162204
3,2019,South Fairmount,31,16,0,15,125.34,251.69,1981,855,453,211,131,3.17,0.392982456,0.704799795,2.09,1,184233,584018.61,70473.2,0.120669442,6669,0.036198727,0.861667964
3,2019,Spring Grove Village,31,16,0,15,125.34,251.69,2171,862,599,373,70,3.17,0.212296984,0.889740215,2.51,1,201903,640032.51,38382.725,0.059969962,8638.5,0.042785397,0.992495573
3,2019,Villages at Roll Hill,31,16,0,15,125.34,251.69,2348,847,1244,487,48,3.17,0.710743802,0.410982508,2.77,1,218364,692213.88,126264.4833,0.182406749,10432.5,0.047775732,0.641164989
3,2019,Walnut Hills,31,16,0,15,125.34,251.69,6368,3492,1070,513,163,3.17,0.452176403,0.7327332,1.799605842,0.69,592224,1877350.08,331182.0917,0.176409342,9095.58,0.015358344,0.924500886
3,2019,West End,31,16,0,15,125.34,251.69,6695,3532.019985,1595.908956,1087.643967,210.5988157,3.17,0.363444591,0.744639173,1.909876027,1,622635,1973752.95,269244.0268,0.136412223,25315.73427,0.040659029,0.921710424
3,2019,West Price Hill,31,16,0,15,125.34,251.69,18343,7664.524854,5121.964782,2655.326325,847.0986757,3.17,0.237111692,0.852876947,2.387708663,1,1705899,5407699.83,381173.6942,0.070487214,68297.28752,0.04003595,0.963400111
3,2019,Westwood,31,16,0,15,125.34,251.69,32316,14259.45688,8629.008023,4229.561882,1379.361984,3.17,0.223270087,0.84579064,2.254729236,1,3005388,9527079.96,667756.6802,0.070090383,109374.0154,0.036392644,0.952273666
3,2019,Winton Hills,31,16,0,15,125.34,251.69,6008,2268,3018,1748,402,3.17,0.547619048,0.548176713,2.65,1,558744,1771218.48,260499.15,0.147073415,41925,0.075034363,0.77028449
3,2020,Avondale,31,15,0,16,180.52,362.91,12719,5968,3390,1896,515,3.33,0.358746649,0.698973421,1.999154336,1,1182867,3938947.11,647491.925,0.16438198,50148.8,0.042395975,0.905751376
3,2020,Bond Hill,31,15,0,16,180.52,362.91,7276,3243,1799,1169,149,3.33,0.134443417,0.864866589,2.200033454,1,676668,2253304.44,131857.3,0.058517304,27414.4,0.040513812,0.963897705
3,2020,California,31,15,0,16,180.52,362.91,930.8790896,329.3826458,241.5704125,113.1493599,52.40967283,3.33,0,0.971241403,2.8,0.13,86571.75533,288283.9453,0,0,447.6716245,0.005171105,0.976412508
3,2020,Camp Washington,31,15,0,16,180.52,362.91,1128,412,112,33,24,3.33,0.191747573,0.893005193,1.9,1,104904,349330.32,23891.575,0.068392503,1185.6,0.011301762,0.972699458
3,2020,Carthage,31,15,0,16,180.52,362.91,3021,1040,911,537,286,3.33,0.225961538,0.806840928,2.9,1,280953,935573.49,71069.875,0.075963968,17118.4,0.060929764,0.943734661
3,2020,Clifton,31,15,0,16,180.52,362.91,8476,4118,1379,751,212,3.33,0.050995629,0.875841693,2.075568288,0.4,788268,2624932.44,63509.25,0.024194623,8012.16,0.010164259,0.910200575
3,2020,College Hill,31,15,0,16,180.52,362.91,16199,7263,3660,2115,618,3.33,0.144292992,0.842489456,2.210749863,1,1506507,5016668.31,316941.4,0.063177667,56846.4,0.03773391,0.943401033
3,2020,Columbia Tusculum,31,15,0,16,180.52,362.91,1533.955374,712.7721151,250.8824927,120.0414576,40.70609982,3.33,0.027389277,0.962334613,2.15,0.13,142657.8497,475050.6397,5904.035562,0.012428224,434.6613953,0.00304688,0.977809717
3,2020,Corryville,31,15,0,16,180.52,362.91,4310,1868,192,75,9,3.33,0.051391863,0.705229009,2.254939759,1,400830,1334763.9,29032.8,0.021751263,1747.2,0.004358955,0.731339226
3,2020,CUF,31,15,0,16,180.52,362.91,16792,5439,516,180,190,3.33,0.05846663,0.775875336,2.201993048,1,1561656,5200314.48,96171.15,0.018493334,7696,0.004928102,0.799296772
3,2020,Downtown,31,15,0,16,180.52,362.91,3914.909697,2723.126573,201.8201332,37.58771281,0,3.33,0.115489662,0.908709516,1.400396681,1,364086.6018,1212408.384,95110.5359,0.078447607,781.8244264,0.002147358,0.989304481
3,2020,East End,31,15,0,16,180.52,362.91,1462,703,201,94,47,3.33,0.086770982,0.935705267,2.06,1,135966,452766.78,18447.925,0.040744873,2932.8,0.021570098,0.998020239
3,2020,East Price Hill,31,15,0,16,180.52,362.91,14788,6063,4110,2240,563,3.33,0.309252845,0.802082883,2.421629116,1,1375284,4579695.72,567046.875,0.123817587,58302.4,0.042392989,0.968293459
3,2020,East Walnut Hills,31,15,0,16,180.52,362.91,3730.882391,2345.219794,238.0109254,95.55205656,27.90938303,3.33,0.042030472,0.949114357,1.57315749,1,346972.0623,1155416.968,29810.24216,0.025800419,2567.997943,0.007401166,0.982315942
3,2020,East Westwood,31,15,0,16,180.52,362.91,2594.407483,1110.703775,825.609913,480.56864,143.2812563,3.33,0.331502393,0.719523199,2.316640032,1,241279.8959,803462.0533,111353.175,0.138591704,12976.07784,0.053780187,0.91189509
3,2020,English Woods,31,15,0,16,180.52,362.91,452.0534606,217.202864,136.4305489,76.47350835,21.49403341,3.33,0.252083333,0.721772965,2.03,1,42040.97184,139996.4362,16558.74315,0.118279748,2037.724869,0.048469975,0.888522688
3,2020,Evanston,31,15,0,16,180.52,362.91,8305.282307,3343.437259,1505.62945,782.1793541,288.1667115,3.33,0.14225908,0.880456912,2.1611644,0.36,772391.2545,2572062.878,143843.706,0.055925424,8014.751339,0.010376543,0.946758879
3,2020,Hartwell,31,15,0,16,180.52,362.91,5213,2384,1046,412,203,3.33,0.117449664,0.913793044,2.12,1,484809,1614413.97,84679,0.05245185,12792,0.026385649,0.992630543
3,2020,Hyde Park,31,15,0,16,180.52,362.91,13423,6632,2497,1401,325,3.33,0.012665862,0.953415044,2.009787826,0.65,1248339,4156968.87,25403.7,0.006111111,23335.52,0.018693256,0.978219411
3,2020,Kennedy Heights,31,15,0,16,180.52,362.91,5020,2564,821,456,28,3.33,0.097113885,0.910703138,1.95,1,466860,1554643.8,75303.825,0.048437993,10067.2,0.021563638,0.980704769
3,2020,Linwood,31,15,0,16,180.52,362.91,669.9474518,311.2997095,109.5716926,52.42751518,17.77818854,3.33,0.027389277,0.962334613,2.15,1,62305.11302,207476.0264,2578.558443,0.012428224,1460.278637,0.023437541,0.998200378
3,2020,Lower Price Hill,31,15,0,16,180.52,362.91,858.0199203,279.690239,281.9641434,89.44023904,42.44621514,3.33,0.482384824,0.59529547,2.3,1,79795.85259,265720.1891,40802.67495,0.153555043,2743.238247,0.034378206,0.783228719
3,2020,Madisonville,31,15,0,16,180.52,362.91,10708.11111,5353.468575,1880.752525,960.5347924,350.6116723,3.33,0.083063405,0.887632225,2.036783539,1,995854.3333,3316194.93,134481.5412,0.040552966,27271.84646,0.027385377,0.955570568
3,2020,Millvale,31,15,0,16,180.52,362.91,2172.59986,849.0014015,897.9677645,539.3833217,57.25297828,3.33,0.573203194,0.545278332,2.55,1,202051.787,672832.4506,147175.2216,0.218739779,12410.03504,0.061420071,0.825438182
3,2020,Mt. Adams,31,15,0,16,180.52,362.91,1617,975,115,69,28,3.33,0,0.968495181,1.66,0.13,150381,500768.73,0,0,262.288,0.001744157,0.970239337
3,2020,Mt. Airy,31,15,0,16,180.52,362.91,8806.992291,3766.476649,2421.760119,1321.154633,452.6658265,3.33,0.231938543,0.771281074,2.33455419,1,819050.283,2727437.442,264195.7898,0.096865939,36895.46556,0.045046643,0.913193656
3,2020,Mt. Auburn,31,15,0,16,180.52,362.91,4632,2374,708,325,162,3.33,0.136478517,0.876137822,1.804115492,1,430776,1434484.08,97985.7,0.068307276,10129.6,0.023514773,0.967959871
3,2020,Mt. Lookout,31,15,0,16,180.52,362.91,4936.097175,2131.928175,1133.545815,635.5310272,151.5157116,3.33,0.00888933,0.969493974,2.316645316,0.13,459057.0372,1528659.934,5731.380994,0.003749284,2128.174382,0.004635969,0.977879228
3,2020,Mt. Washington,31,15,0,16,180.52,362.91,12196.83526,5429.929707,3033.712291,1576.369099,438.2196687,3.33,0.151879582,0.908039547,2.222381882,0.45,1134305.679,3777237.912,249408.5224,0.066029339,18856.55087,0.016623871,0.990692757
3,2020,North Avondale - Paddock Hills,31,15,0,16,180.52,362.91,4209.835302,1701.342946,614.3596247,356.2685893,47.92390549,3.33,0.193256155,0.872082623,2.078163362,1,391514.6831,1303743.895,99435.82682,0.076269448,8407.203892,0.021473534,0.969825604
3,2020,North Fairmount,31,15,0,16,180.52,362.91,1545.946539,742.797136,466.5694511,261.5264916,73.50596659,3.33,0.252083333,0.721772965,2.03,1,143773.0282,478764.1838,56628.10685,0.118279748,6968.675131,0.048469975,0.888522688
3,2020,Northside,31,15,0,16,180.52,362.91,7789,3910,1374,665,222,3.33,0.135805627,0.900782894,1.987628735,1,724377,2412175.41,160587.675,0.066573797,18449.6,0.02546961,0.992826301
3,2020,Oakley,31,15,0,16,180.52,362.91,11666.88889,6491.531425,1354.247475,449.4652076,337.3883277,3.33,0.035326436,0.95188309,1.773530829,1,1085020.667,3613118.82,69352.90882,0.019194749,16366.55354,0.015084094,0.986161933
3,2020,Over-the-Rhine,31,15,0,16,180.52,362.91,5407,2800,872,458,96,3.33,0.251071429,0.865757332,1.735303846,0.65,502851,1674493.83,212604.775,0.126966592,7490.08,0.014895227,1.007619152
3,2020,Pendleton,31,15,0,16,180.52,362.91,980,476,218,92,44,3.33,0.149159664,0.880294889,2.06,1,91140,303496.2,21472.175,0.070749403,2828.8,0.031037964,0.982082256
3,2020,Pleasant Ridge,31,15,0,16,180.52,362.91,7044.73327,3555.784166,1513.62394,880.9359095,225.2940622,3.33,0.11101451,0.916917317,1.939781398,1,655160.1942,2181683.447,119380.3447,0.05471937,23009.58341,0.035120546,1.006757233
3,2020,Queensgate,31,15,0,16,180.52,362.91,273.9800797,89.30976096,90.03585657,28.55976096,13.55378486,3.33,0.482384824,0.59529547,2.3,1,25480.14741,84848.89088,13028.97505,0.153555043,875.961753,0.034378206,0.783228719
3,2020,Riverside,31,15,0,16,180.52,362.91,1794.736527,917.6646707,227.8023952,131.2814371,36.76047904,3.33,0.14330832,0.87063014,1.913544018,1,166910.497,555811.955,39771.60389,0.071555863,3495.271856,0.020940995,0.963126997
3,2020,Roselawn,31,15,0,16,180.52,362.91,8119,3692,1820,1000,359,3.33,0.263001083,0.731864272,2.113471876,1,755067,2514373.11,293654.675,0.116790413,28267.2,0.037436678,0.886091363
3,2020,Sayler Park,31,15,0,16,180.52,362.91,2993,1193,668,393,164,3.33,0.158424141,0.874458463,2.510073309,1,278349,926902.17,57158.325,0.061665974,11585.6,0.041622567,0.977747004
3,2020,Sedamsville,31,15,0,16,180.52,362.91,568.2634731,262.3353293,101.1976048,60.71856287,20.23952096,3.33,0.207715134,0.865068649,2.07,1,52848.50299,175985.515,16479.44611,0.093640923,1683.928144,0.031863308,0.99057288
3,2020,South Cumminsville,31,15,0,16,180.52,362.91,711.4001402,277.9985985,294.0322355,176.6166783,18.74702172,3.33,0.573203194,0.545278332,2.55,1,66160.21303,220313.5094,48191.32838,0.218739779,4063.564961,0.061420071,0.825438182
3,2020,South Fairmount,31,15,0,16,180.52,362.91,1843,853,423,199,54,3.33,0.296600234,0.745799126,1.94,1,171399,570758.67,76513.525,0.134055826,5262.4,0.03070263,0.910557581
3,2020,Spring Grove Village,31,15,0,16,180.52,362.91,2239,889,645,434,64,3.33,0.282339708,0.824591244,2.51,1,208227,693395.91,75908.675,0.109473785,10358.4,0.04974571,0.983810739
3,2020,Villages at Roll Hill,31,15,0,16,180.52,362.91,2382,844,1266,581,40,3.33,0.699052133,0.414767959,2.82,1,221526,737681.58,178430.75,0.241880447,12916.8,0.05830828,0.714956686
3,2020,Walnut Hills,31,15,0,16,180.52,362.91,6382,3777,808,386,125,3.33,0.36457506,0.800911924,1.688450063,0.69,593526,1976441.58,416439.225,0.21070151,7333.872,0.012356446,1.023969879
3,2020,West End,31,15,0,16,180.52,362.91,7714.090303,3427.873427,2694.179867,1503.412287,292,3.33,0.479453827,0.679860872,2.280349515,1,717410.3982,2388976.626,497037.6141,0.208054616,37344.57557,0.05205469,0.939970178
3,2020,West Price Hill,31,15,0,16,180.52,362.91,17977.5585,7434.568795,5158.830696,2798.855275,984.6436493,3.33,0.241029518,0.843703751,2.41101074,1,1671912.941,5567470.093,541930.6397,0.097338761,78696.77762,0.047069902,0.988112413
3,2020,Westwood,31,15,0,16,180.52,362.91,32214.59252,14285.29622,8935.390087,4066.43136,1436.718744,3.33,0.197181703,0.852091822,2.25775622,1,2995957.104,9976537.157,851870.45,0.085387388,114465.5222,0.038206663,0.975685873
3,2020,Winton Hills,31,15,0,16,180.52,362.91,6204,2646,2954,1360,331,3.33,0.555933485,0.611866919,2.34,1,576972,1921316.76,444867.175,0.231542859,35172.8,0.060961017,0.904370795
3,2021,Avondale,31,14,0,17,210.99,418.55,13427,5961,3578,1817,782,3.67,0.336017447,0.678530718,2.129065235,1,1248711,4582769.37,698629.7083,0.152447058,57437.9,0.045997753,0.876975529
3,2021,Bond Hill,31,14,0,17,210.99,418.55,7640,3312,1924,1160,158,3.67,0.125,0.873251239,2.280066908,1,710520,2607608.4,144399.75,0.055376317,29127.8,0.040995046,0.969622603
3,2021,California,31,14,0,17,210.99,418.55,930.8790896,333.8947368,238.0995733,113.4964438,53.10384068,3.67,0,0.974532007,2.77,0.13,86571.75533,317718.3421,0,0,478.6426174,0.005528854,0.980060862
3,2021,Camp Washington,31,14,0,17,210.99,418.55,1190,461,124,39,34,3.67,0.21691974,0.894907014,1.87,1,110670,406158.9,34879.16667,0.085875668,1613.3,0.014577573,0.995360254
3,2021,Carthage,31,14,0,17,210.99,418.55,2889,1107,899,566,206,3.67,0.274616079,0.817363415,2.6,1,268677,986044.59,106032.6667,0.107533338,17061.2,0.063500783,0.988397537
3,2021,Clifton,31,14,0,17,210.99,418.55,8544,4182,1386,828,171,3.67,0.055475849,0.869871483,2.043306829,0.4,794592,2916152.64,80919.66667,0.027748776,8831.16,0.011114081,0.90873434
3,2021,College Hill,31,14,0,17,210.99,418.55,17085,7353,3947,2269,700,3.67,0.15871073,0.812452927,2.296748156,1,1588905,5831281.35,407039.875,0.069802819,65614.9,0.041295672,0.923551418
3,2021,Columbia Tusculum,31,14,0,17,210.99,418.55,1546.001056,742.6786374,243.4058622,126.2719831,30.32189068,3.67,0.035234899,0.96879115,2.08,0.13,143778.0982,527665.6205,9127.252542,0.017297418,449.8941994,0.003129087,0.989217655
3,2021,Corryville,31,14,0,17,210.99,418.55,4438,1936,161,85,5,3.67,0.048553719,0.710637046,2.253644578,1,412734,1514733.78,32786.41667,0.021645003,1989,0.004819084,0.737101133
3,2021,CUF,31,14,0,17,210.99,418.55,17351,5533,603,326,155,3.67,0.053677932,0.777781785,2.291218334,1,1613643,5922069.81,103591.125,0.017492385,10630.1,0.006587641,0.80186181
3,2021,Downtown,31,14,0,17,210.99,418.55,4608.323464,3019.737232,182.9837158,34.24870466,0,3.67,0.108420912,0.920791648,1.445595022,1,428574.0822,1572866.882,114195.3211,0.072603297,756.8963731,0.001766081,0.995161025
3,2021,East End,31,14,0,17,210.99,418.55,1497,707,222,117,41,3.67,0.111739745,0.96313056,2.09,1,139221,510941.07,27554.54167,0.053929001,3491.8,0.025080986,1.042140548
3,2021,East Price Hill,31,14,0,17,210.99,418.55,15139,6027,4271,2175,643,3.67,0.296996848,0.752217016,2.480657857,1,1407927,5167092.09,624337.0833,0.120829486,62277.8,0.044233685,0.917280188
3,2021,East Walnut Hills,31,14,0,17,210.99,418.55,3830.861183,2460.753213,256.2429306,125.5520566,25.67737789,3.67,0.026929441,0.946580765,1.542606914,1,356270.09,1307511.23,23113.27606,0.017677306,3342.170501,0.009381002,0.973639073
3,2021,East Westwood,31,14,0,17,210.99,418.55,2454.68656,1098.389607,811.9877463,519.3576096,102.613651,3.67,0.373575999,0.726996982,2.224302837,1,228285.8501,837809.0698,143120.3804,0.170826965,13745.56486,0.060212076,0.958036023
3,2021,English Woods,31,14,0,17,210.99,418.55,488.2539379,230.778043,135.073031,67.19713604,23.30405728,3.67,0.221568627,0.728074357,2.07,1,45407.61623,166645.9516,17834.82506,0.107022252,2000.076372,0.044047156,0.879143766
3,2021,Evanston,31,14,0,17,210.99,418.55,8672.297261,3470.777016,1628.718848,822.756491,335.9758535,3.67,0.14073521,0.866051248,2.181702458,0.36,806523.6453,2959941.778,170370.9629,0.05755889,9218.874533,0.011430383,0.935040521
3,2021,Hartwell,31,14,0,17,210.99,418.55,5084,2421,960,407,270,3.67,0.090458488,0.922572537,2.03,1,472812,1735220.04,76385.375,0.04402057,14961.7,0.031644078,0.998237185
3,2021,Hyde Park,31,14,0,17,210.99,418.55,14090,6696,2678,1434,361,3.67,0.009109916,0.950683326,2.093173576,0.65,1310370,4809057.9,21276.29167,0.004424212,25785.175,0.019677782,0.974785319
3,2021,Kennedy Heights,31,14,0,17,210.99,418.55,5042,2478,890,418,40,3.67,0.086763519,0.863439283,2.02,1,468906,1720885.02,74990.20833,0.043576536,10121.8,0.02158599,0.928601809
3,2021,Linwood,31,14,0,17,210.99,418.55,675.2083443,324.3612358,106.3063111,55.14866649,13.24293636,3.67,0.035234899,0.96879115,2.08,1,62794.37602,230455.36,3986.282579,0.017297418,1511.454423,0.024069901,1.010158469
3,2021,Lower Price Hill,31,14,0,17,210.99,418.55,857.2619522,274.3844622,282.7221116,110.6633466,18.94920319,3.67,0.497237569,0.566005899,2.41,1,79725.36155,292592.0769,47587.13396,0.162639858,2864.437351,0.03592881,0.764574567
3,2021,Madisonville,31,14,0,17,210.99,418.55,10328.1431,5116.823232,1645.746914,776.157688,339.3602694,3.67,0.089933637,0.863930384,2.048913084,1,960517.3081,3525098.521,160505.0388,0.045532072,24652.94686,0.025666322,0.935128778
3,2021,Millvale,31,14,0,17,210.99,418.55,2390.311843,890.4344779,964.2606868,522.8100911,59.51296426,3.67,0.611675127,0.483970406,2.67,1,222299.0014,815837.3351,189971.691,0.232854863,12869.33952,0.057892026,0.774717295
3,2021,Mt. Adams,31,14,0,17,210.99,418.55,1611,940,134,89,31,3.67,0,0.947803977,1.71,0.13,149823,549850.41,0,0,344.76,0.002301115,0.950105092
3,2021,Mt. Airy,31,14,0,17,210.99,418.55,8782.733284,3929.412157,2344.556412,1316.05278,373.766642,3.67,0.226574217,0.744310778,2.229856983,1,816794.1954,2997634.697,310530.436,0.103591821,37345.00922,0.045721443,0.893624042
3,2021,Mt. Auburn,31,14,0,17,210.99,418.55,4811,2573,712,390,151,3.67,0.158958414,0.860787614,1.750066796,1,447423,1642042.41,142655.7917,0.086877045,11956.1,0.02672214,0.974386798
3,2021,Mt. Lookout,31,14,0,17,210.99,418.55,5051.790599,2169.960127,1191.287827,626.5793504,164.435173,3.67,0.011706647,0.969539695,2.336911529,0.13,469816.5257,1724226.649,8860.33988,0.005138733,2272.584726,0.004837175,0.979515603
3,2021,Mt. Washington,31,14,0,17,210.99,418.55,12483.0966,5465.23091,3053.730015,1620.465724,681.9047985,3.67,0.130170228,0.909940127,2.261685777,0.45,1160927.984,4260605.702,248134.0028,0.058239138,22897.07484,0.019723079,0.987902344
3,2021,North Avondale - Paddock Hills,31,14,0,17,210.99,418.55,4352.841557,1743.469771,617.038221,334.6914524,117.3467686,3.67,0.155593612,0.880778935,2.099291785,1,404814.2648,1485668.352,94617.67768,0.063686944,9990.044684,0.024678095,0.969143974
3,2021,North Fairmount,31,14,0,17,210.99,418.55,1669.746062,789.221957,461.926969,229.802864,79.69594272,3.67,0.221568627,0.728074357,2.07,1,155286.3838,569901.0284,60992.09161,0.107022252,6839.923628,0.044047156,0.879143766
3,2021,Northside,31,14,0,17,210.99,418.55,7965,4049,1390,654,270,3.67,0.097061003,0.896129559,1.963954228,1,740745,2718534.15,137075.125,0.05042244,20420.4,0.027567381,0.974119381
3,2021,Oakley,31,14,0,17,210.99,418.55,11310.8569,6355.176768,1271.253086,532.842312,163.6397306,3.67,0.033488522,0.946221026,1.75428702,1,1051909.692,3860508.569,74231.75283,0.019228491,15392.25314,0.014632675,0.980082192
3,2021,Over-the-Rhine,31,14,0,17,210.99,418.55,5712,2976,893,456,143,3.67,0.228158602,0.865310959,1.766196154,0.65,531216,1949562.72,236829.5417,0.121478288,8604.635,0.016197997,1.002987243
3,2021,Pendleton,31,14,0,17,210.99,418.55,1018,509,223,116,30,3.67,0.106090373,0.892919279,2,1,94674,347453.58,18834.75,0.054207961,3226.6,0.034081163,0.981208402
3,2021,Pleasant Ridge,31,14,0,17,210.99,418.55,7326.252592,3596.025448,1421.01131,749.3854854,189.8831291,3.67,0.111246761,0.906729328,2.000969089,1,681341.491,2500523.272,139532.7749,0.05580143,20757.83638,0.030466127,0.992996886
3,2021,Queensgate,31,14,0,17,210.99,418.55,273.7380478,87.61553785,90.27788845,35.33665339,6.050796813,3.67,0.497237569,0.566005899,2.41,1,25457.63845,93429.5331,15195.36604,0.162639858,914.6626494,0.03592881,0.764574567
3,2021,Riverside,31,14,0,17,210.99,418.55,1612.790419,737.7125749,260.4850299,139.6047904,32.31736527,3.67,0.210060228,0.823390031,2.149051919,1,149989.509,550461.498,54050.1769,0.098190658,3799.479641,0.025331636,0.946912326
3,2021,Roselawn,31,14,0,17,210.99,418.55,7056,3035,1647,887,249,3.67,0.228336079,0.749102912,2.200778812,1,656208,2408283.36,241712.625,0.100367186,25105.6,0.038258601,0.887728699
3,2021,Sayler Park,31,14,0,17,210.99,418.55,3122,1287,721,462,133,3.67,0.172494172,0.836237043,2.427624125,1,290346,1065569.82,77431.75,0.072666989,13149.5,0.045289069,0.954193101
3,2021,Sedamsville,31,14,0,17,210.99,418.55,570.2095808,206.2874251,147.5149701,72.39520958,18.68263473,3.67,0.203773585,0.785877964,2.64,1,53029.49102,194618.232,14661.78144,0.075336115,2012.820359,0.037956622,0.899170701
3,2021,South Cumminsville,31,14,0,17,210.99,418.55,782.688157,291.5655221,315.7393132,171.1899089,19.48703574,3.67,0.611675127,0.483970406,2.67,1,72789.9986,267139.2949,62204.68395,0.232854863,4213.960477,0.057892026,0.774717295
3,2021,South Fairmount,31,14,0,17,210.99,418.55,1948,879,467,238,64,3.67,0.360637088,0.72152678,2.02,1,181164,664871.88,110566.9583,0.166298142,6674.2,0.036840653,0.924665574
3,2021,Spring Grove Village,31,14,0,17,210.99,418.55,2167,885,569,353,63,3.67,0.246327684,0.829347783,2.44,1,201531,739618.77,76036.58333,0.102805102,9193.6,0.045618788,0.977771674
3,2021,Villages at Roll Hill,31,14,0,17,210.99,418.55,2556,861,1464,770,35,3.67,0.766550523,0.394923892,2.97,1,237708,872388.36,230202.5,0.263876171,17790.5,0.074841823,0.733641886
3,2021,Walnut Hills,31,14,0,17,210.99,418.55,6121,3661,769,356,74,3.67,0.356186834,0.781163163,1.662482726,0.69,569253,2089158.51,454824.3333,0.217706953,6557.07,0.011518727,1.010388843
3,2021,West End,31,14,0,17,210.99,418.55,8108.676536,3560.262768,2883.016284,1662.751295,282,3.67,0.4933898,0.676673033,2.308115011,1,754106.9178,2767572.388,612686.5122,0.221380483,42979.00363,0.056993249,0.955046765
3,2021,West Price Hill,31,14,0,17,210.99,418.55,19033.09943,7620.713062,5323.327424,2962.558573,1141.668963,3.67,0.227960123,0.832467257,2.488727035,1,1770078.247,6496187.167,605927.4023,0.093274314,90703.42855,0.05124261,0.976984181
3,2021,Westwood,31,14,0,17,210.99,418.55,33395.31344,14676.61039,9045.012254,4450.64239,1192.386349,3.67,0.209562557,0.822624938,2.291599517,1,3105764.15,11398154.43,1072767.37,0.094117638,124710.9351,0.04015467,0.956897246
3,2021,Winton Hills,31,14,0,17,210.99,418.55,6294,2662,3029,1366,361,3.67,0.51014275,0.569889451,2.36,1,585342,2148205.14,473659.0833,0.22049062,38166.7,0.065204103,0.855584174
3,2022,Avondale,31,14,0,17,240.6,475.52,12792,5700,3094,1540,797,4.1,0.34877193,0.690980596,2.096732697,1,1189656,4877589.6,787778.1333,0.161509721,51647.7,0.043413978,0.895904295
3,2022,Bond Hill,31,14,0,17,240.6,475.52,7287,3139,1780,1167,192,4.1,0.153552087,0.86942799,2.290075272,1,677691,2778533.1,191000.5333,0.0687415,30033.9,0.044317986,0.982487476
3,2022,California,31,14,0,17,240.6,475.52,929.4907539,341.8776671,256.1479374,125.2972973,57.61593172,4.1,0.023350254,0.969585022,2.71,0.13,86442.64011,354414.8245,3163.36918,0.008925612,525.509707,0.006079288,0.984589922
3,2022,Camp Washington,31,14,0,17,240.6,475.52,1151,479,106,59,17,4.1,0.219206681,0.888968813,1.78,1,107043,438876.3,41608,0.094805757,1679.6,0.015690891,0.999465461
3,2022,Carthage,31,14,0,17,240.6,475.52,2759,1055,821,527,173,4.1,0.232227488,0.783555874,2.61,1,256587,1052006.7,97085.33333,0.092285851,15470,0.060291441,0.936133166
3,2022,Clifton,31,14,0,17,240.6,475.52,8311,4192,1066,556,124,4.1,0.070849237,0.872889824,1.977352666,0.4,772923,3168984.3,117691.2,0.037138461,6011.2,0.00777723,0.917805515
3,2022,College Hill,31,14,0,17,240.6,475.52,16578,7214,3674,1973,744,4.1,0.174383144,0.81169804,2.262897641,1,1541754,6321191.4,498503.4667,0.078862264,60045.7,0.038946356,0.92950666
3,2022,Columbia Tusculum,31,14,0,17,240.6,475.52,1527.30948,742.2632691,232.6062847,103.0113546,34.47557433,4.1,0.040850588,0.969597306,2.05,0.13,142039.7816,582363.1046,12015.55455,0.02063241,394.9999469,0.002780911,0.993010627
3,2022,Corryville,31,14,0,17,240.6,475.52,4593,1944,313,99,2,4.1,0.036522634,0.654416473,2.308411145,1,427149,1751310.9,28134.93333,0.016065071,2232.1,0.005225577,0.675707121
3,2022,CUF,31,14,0,17,240.6,475.52,17703,5839,590,332,135,4.1,0.047097106,0.778482266,2.260336397,1,1646379,6750153.9,108973.3333,0.016143829,10320.7,0.006268727,0.800894822
3,2022,Downtown,31,14,0,17,240.6,475.52,5257.262028,3281.935603,263.9726129,50.43523316,0,4.1,0.057514217,0.93358807,1.474933886,1,488925.3686,2004594.011,74798.48645,0.037313534,1114.618653,0.002279732,0.973181335
3,2022,East End,31,14,0,17,240.6,475.52,1430,707,161,88,24,4.1,0.101838755,0.944726758,2,1,132990,545259,28531.2,0.052325959,2475.2,0.018611926,1.015664642
3,2022,East Price Hill,31,14,0,17,240.6,475.52,15908,6082,5021,2667,762,4.1,0.29118711,0.723129086,2.611281774,1,1479444,6065720.4,701788.2667,0.115697431,75780.9,0.051222554,0.890049071
3,2022,East Walnut Hills,31,14,0,17,240.6,475.52,4012.088046,2493.270566,399.2056555,215.1201799,60.33868895,4.1,0.035380584,0.913265016,1.603667093,1,373124.1883,1529809.172,34956.01714,0.02284992,6087.641003,0.016315321,0.952430257
3,2022,East Westwood,31,14,0,17,240.6,475.52,2434.307438,1059.651077,735.5904287,462.9622519,116.2436471,4.1,0.373495044,0.696477431,2.276188574,1,226390.5917,928201.426,156832.2122,0.168963554,12800.45037,0.056541441,0.921982426
3,2022,English Woods,31,14,0,17,240.6,475.52,489.8377088,235.3031026,125.1178998,51.58568019,21.94653938,4.1,0.273076923,0.710655115,2.05,1,45554.90692,186775.1184,25462.45041,0.13632678,1625.062053,0.035672602,0.882654497
3,2022,Evanston,31,14,0,17,240.6,475.52,8354.011328,3434.786071,1417.954873,731.6112308,313.4879268,4.1,0.112565559,0.869583815,2.133520639,0.36,776923.0535,3185384.519,153211.9944,0.04809843,8314.808897,0.01070223,0.928384475
3,2022,Hartwell,31,14,0,17,240.6,475.52,5237,2448,965,379,237,4.1,0.100081699,0.917389358,2.04,1,487041,1996868.1,97085.33333,0.048618801,13613.6,0.027951651,0.99395981
3,2022,Hyde Park,31,14,0,17,240.6,475.52,13530,6580,2465,1297,355,4.1,0.013981763,0.94137498,2.039088857,0.65,1258290,5158989,36456.53333,0.007066604,23730.98,0.018859706,0.967301291
3,2022,Kennedy Heights,31,14,0,17,240.6,475.52,4714,2372,795,352,69,4.1,0.1306914,0.828223603,1.98,1,438402,1797448.2,122842.6667,0.068342813,9304.1,0.021222759,0.917789175
3,2022,Linwood,31,14,0,17,240.6,475.52,667.0448904,324.1798257,101.5896488,44.98970161,15.05703723,4.1,0.040850588,0.969597306,2.05,1,62035.17481,254344.2167,5247.734249,0.02063241,1327.032928,0.021391621,1.011621337
3,2022,Lower Price Hill,31,14,0,17,240.6,475.52,877.7270916,288.0278884,288.0278884,91.71414343,47.75199203,4.1,0.621052632,0.517487295,2.37,1,81628.61952,334677.34,70884.37078,0.211799134,3082.201594,0.037758835,0.767045264
3,2022,Madisonville,31,14,0,17,240.6,475.52,10685.46577,5292.751964,1716.369809,732.0976431,342.6060606,4.1,0.099709447,0.845874785,2.041209633,1,993748.3165,4074368.098,209124.73,0.051326911,23750.95185,0.023900369,0.921102066
3,2022,Millvale,31,14,0,17,240.6,475.52,2341.34548,890.4344779,1023.773651,662.1758935,74.57953749,4.1,0.602368866,0.476951667,2.62,1,217745.1296,892755.0315,212545.5548,0.238078249,16282.29502,0.074776851,0.789806767
3,2022,Mt. Adams,31,14,0,17,240.6,475.52,1643,977,114,80,16,4.1,0,0.941869806,1.68,0.13,152799,626475.9,0,0,275.808,0.001805038,0.943674844
3,2022,Mt. Airy,31,14,0,17,240.6,475.52,8913.806968,3893.991994,2475.059451,1374.247739,386.149444,4.1,0.250267048,0.711869148,2.277665922,1,828984.048,3398834.597,386176.8772,0.11362038,38904.77775,0.046930671,0.872420199
3,2022,Mt. Auburn,31,14,0,17,240.6,475.52,4705,2583,603,416,113,4.1,0.14324429,0.838284446,1.705475113,1,437565,1794016.5,146618.6667,0.081726487,11690.9,0.026718088,0.946729021
3,2022,Mt. Lookout,31,14,0,17,240.6,475.52,5009.64563,2186.556905,1170.804067,611.9989438,164.4673884,4.1,0.013461883,0.972702418,2.299967974,0.13,465897.0436,1910177.879,11664.17787,0.006106331,2230.787772,0.004788156,0.983596905
3,2022,Mt. Washington,31,14,0,17,240.6,475.52,12436.34362,5527.69696,3001.501673,1566.027132,764.2803732,4.1,0.114884969,0.901115514,2.223608197,0.45,1156579.957,4741977.823,251648.8671,0.053068335,23174.90814,0.020037446,0.974221295
3,2022,North Avondale - Paddock Hills,31,14,0,17,240.6,475.52,4240.900625,1687.943363,666.8394719,393.2685893,104.1733843,4.1,0.179003648,0.874775752,2.117322946,1,394403.7582,1617055.408,119731.1885,0.074042725,10993.46762,0.027873638,0.976692115
3,2022,North Fairmount,31,14,0,17,240.6,475.52,1675.162291,804.6968974,427.8821002,176.4143198,75.05346062,4.1,0.273076923,0.710655115,2.05,1,155790.0931,638739.3816,87077.28293,0.13632678,5557.437947,0.035672602,0.882654497
3,2022,Northside,31,14,0,17,240.6,475.52,8200,4053,1354,559,240,4.1,0.098198865,0.899673792,2.025715194,1,762600,3126660,157714.1333,0.050441728,17657.9,0.023154865,0.973270385
3,2022,Oakley,31,14,0,17,240.6,475.52,11265.53423,6513.248036,1219.630191,484.9023569,118.3939394,4.1,0.019999642,0.943024935,1.708637195,1,1047694.684,4295548.202,51618.7367,0.012016798,13332.84815,0.012725891,0.967767625
3,2022,Over-the-Rhine,31,14,0,17,240.6,475.52,5657,3047,795,406,143,4.1,0.208729898,0.875445421,1.708942308,0.65,526101,2157014.1,252025.6,0.116840034,7886.385,0.014990249,1.007275704
3,2022,Pendleton,31,14,0,17,240.6,475.52,1134,550,251,145,40,4.1,0.125454545,0.900215501,2.06,1,105462,432394.2,27342.4,0.063234891,4088.5,0.038767518,1.00221791
3,2022,Pleasant Ridge,31,14,0,17,240.6,475.52,7184.554194,3642.132893,1438.686145,853.2770971,149.8831291,4.1,0.135636621,0.887994463,1.938428014,1,668163.5401,2739470.514,195758.3477,0.071458461,22169.841,0.033180262,0.992633186
3,2022,Queensgate,31,14,0,17,240.6,475.52,280.2729084,91.97211155,91.97211155,29.28585657,15.24800797,4.1,0.621052632,0.517487295,2.37,1,26065.38048,106868.06,22634.56255,0.211799134,984.1984064,0.037758835,0.767045264
3,2022,Riverside,31,14,0,17,240.6,475.52,2008.023952,826.0538922,418.1976048,213.6107784,33.59281437,4.1,0.19557669,0.824574948,2.420248307,1,186746.2275,765659.5329,64019.60878,0.083613677,5463.199401,0.029254671,0.937443296
3,2022,Roselawn,31,14,0,17,240.6,475.52,7692,3558,1970,1287,248,4.1,0.24480045,0.708884333,2.11616494,1,715356,2932959.6,345148.2667,0.117679175,33923.5,0.047421843,0.873985351
3,2022,Sayler Park,31,14,0,17,240.6,475.52,2902,1186,710,402,133,4.1,0.15851602,0.861450757,2.442799067,1,269886,1106532.6,74498.13333,0.067325747,11823.5,0.043809238,0.972585741
3,2022,Sedamsville,31,14,0,17,240.6,475.52,556.9760479,196.9461078,158.8023952,65.38922156,21.40718563,4.1,0.322134387,0.747090832,2.69,1,51798.77246,212374.9671,25140.39122,0.118377375,1918.200599,0.037031777,0.902499985
3,2022,South Cumminsville,31,14,0,17,240.6,475.52,766.65452,291.5655221,335.226349,216.8241065,24.42046251,4.1,0.602368866,0.476951667,2.62,1,71298.87036,292325.3685,69596.31189,0.238078249,5331.504975,0.074776851,0.789806767
3,2022,South Fairmount,31,14,0,17,240.6,475.52,1926,888,474,242,77,4.1,0.30518018,0.712572081,1.98,1,179118,734383.8,107388.2667,0.146229079,7049.9,0.03935897,0.89816013
3,2022,Spring Grove Village,31,14,0,17,240.6,475.52,2220,922,515,362,65,4.1,0.245119306,0.782147981,2.4,1,206460,846486,89556.26667,0.105797694,9436.7,0.045707159,0.933652834
3,2022,Villages at Roll Hill,31,14,0,17,240.6,475.52,2503,864,1444,819,77,4.1,0.706018519,0.369700104,2.9,1,232779,954393.9,241722.6667,0.253273482,19801.6,0.085066093,0.708039679
3,2022,Walnut Hills,31,14,0,17,240.6,475.52,6431,3677,860,364,186,4.1,0.342398695,0.782790116,1.751691269,0.69,598083,2452140.3,498899.7333,0.203454808,8386.95,0.014023054,1.000267977
3,2022,West End,31,14,0,17,240.6,475.52,7764.737972,3603.064397,2293.027387,1263.564767,234,4.1,0.464949237,0.690893072,2.177132188,1,722120.6314,2960694.589,663842.5802,0.224218527,33096.18135,0.045831929,0.960943528
3,2022,West Price Hill,31,14,0,17,240.6,475.52,18961.63553,7517.694487,5411.251034,3232.174391,1144.64663,4.1,0.196647414,0.81024671,2.514935943,1,1763432.104,7230071.627,585814.9529,0.081024779,96727.74455,0.054851981,0.946123469
3,2022,Westwood,31,14,0,17,240.6,475.52,32780.69256,14571.34892,8579.409571,3879.037748,1322.756353,4.1,0.218389223,0.819417792,2.263472583,1,3048604.408,12499278.07,1261009.921,0.10088662,114959.6496,0.037708943,0.958013355
3,2022,Winton Hills,31,14,0,17,240.6,475.52,6741,2746,3304,1617,595,4.1,0.494901675,0.542016339,2.45,1,626913,2570343.3,538526.4,0.209515359,48885.2,0.077977646,0.829509344
3,2023,Avondale,31,14,0,17,252.85,492.3,12825,5866,3070,1560,841,4.2845,0.423968633,0.688056323,2.051463803,1,1192725,5110230.263,1020291.75,0.199656708,53062.1,0.044488126,0.932201156
3,2023,Bond Hill,31,14,0,17,252.85,492.3,6723,3165,1495,1154,129,4.2845,0.165876777,0.861707486,2.105112908,1,625239,2678836.496,215381.25,0.080401044,28354.3,0.045349538,0.987458068
3,2023,California,31,14,0,17,252.85,492.3,954.8278805,335.9772404,260.6600284,135.3627312,45.46799431,4.2845,0.026859504,0.983597254,2.83,0.13,88798.99289,380459.285,3702.170697,0.009730793,519.5266743,0.005850592,0.999178639
3,2023,Camp Washington,31,14,0,17,252.85,492.3,1128,520,109,67,18,4.2845,0.309615385,0.86960362,1.61,1,104904,449461.188,66050.25,0.146954291,1878.5,0.017906848,1.034464758
3,2023,Carthage,31,14,0,17,252.85,492.3,2962,1094,905,576,145,4.2845,0.174588665,0.808487356,2.7,1,275466,1180234.077,78357.75,0.066391703,15934.1,0.057844162,0.932723221
3,2023,Clifton,31,14,0,17,252.85,492.3,8012,4101,1091,543,155,4.2845,0.058522312,0.895678177,1.940058466,0.4,745116,3192449.502,98460,0.030841522,6170.32,0.008281019,0.934800718
3,2023,College Hill,31,14,0,17,252.85,492.3,16324,7124,3721,2033,828,4.2845,0.20620438,0.813060802,2.238321039,1,1518132,6504436.554,602657.25,0.09265326,63228.1,0.041648618,0.94736268
3,2023,Columbia Tusculum,31,14,0,17,252.85,492.3,1597.922102,755.1396884,284.111962,159.086084,25.33747029,4.2845,0.048954895,0.980076407,2.11,0.13,148606.7555,636705.6439,15166.0336,0.023819537,529.8488714,0.003565443,1.007461387
3,2023,Corryville,31,14,0,17,252.85,492.3,4442,1987,267,78,1,4.2845,0.023653749,0.686047929,2.159706325,1,413106,1769952.657,19281.75,0.010893935,1745.9,0.004226276,0.70116814
3,2023,CUF,31,14,0,17,252.85,492.3,17903,6110,478,165,120,4.2845,0.052373159,0.77211139,2.154798515,1,1664979,7133602.526,131280,0.018403044,6298.5,0.003782931,0.794297365
3,2023,Downtown,31,14,0,17,252.85,492.3,5501.109548,3389.128053,229.8482605,28.20355292,0,4.2845,0.072973797,0.934914516,1.449603319,1,511603.188,2191963.859,101462.0218,0.046288182,623.2985196,0.001218324,0.982421022
3,2023,East End,31,14,0,17,252.85,492.3,1306,681,172,111,38,4.2845,0.114537445,0.955370044,1.9,1,121458,520386.801,31999.5,0.061491759,3292.9,0.027111429,1.043973233
3,2023,East Price Hill,31,14,0,17,252.85,492.3,15955,6112,5263,2574,882,4.2845,0.296138743,0.73184202,2.599238879,1,1483815,6357405.368,742552.5,0.116801188,76377.6,0.051473802,0.90011701
3,2023,East Walnut Hills,31,14,0,17,252.85,492.3,3876.895887,2470.430591,361.3496144,200.8348329,39.33868895,4.2845,0.03423318,0.915068833,1.552788732,1,360551.3175,1544782.12,34695.12725,0.02245956,5307.834833,0.014721441,0.952249834
3,2023,East Westwood,31,14,0,17,252.85,492.3,2446.440728,1082.362735,662.7084265,423.8682901,112.1505178,4.2845,0.403008497,0.730271131,2.233280064,1,227518.9877,974805.103,178951.6158,0.183576815,11846.01565,0.052066053,0.965913998
3,2023,English Woods,31,14,0,17,252.85,492.3,494.8152745,231.9093079,114.9365155,56.78949881,23.98281623,4.2845,0.24195122,0.715299412,2.1,1,46017.82053,197163.352,23019.43103,0.116753092,1785.068162,0.038790802,0.870843306
3,2023,Evanston,31,14,0,17,252.85,492.3,8421.154843,3511.949534,1469.161852,755.5963693,308.2870928,4.2845,0.090933908,0.854076328,2.101616559,0.36,783167.4004,3355480.727,131015.5103,0.039045228,8464.256825,0.010807724,0.903929279
3,2023,Hartwell,31,14,0,17,252.85,492.3,5403,2462,852,527,174,4.2845,0.097887896,0.924583721,2.07,1,502479,2152871.276,98870.25,0.045924831,15492.1,0.030831338,1.001339891
3,2023,Hyde Park,31,14,0,17,252.85,492.3,13559,6539,2522,1119,401,4.2845,0.011010858,0.940017258,2.057848168,0.65,1260987,5402698.802,29538,0.005467268,21834.8,0.017315642,0.962800168
3,2023,Kennedy Heights,31,14,0,17,252.85,492.3,4275,2222,492,333,67,4.2845,0.143564356,0.848252783,1.91,1,397575,1703410.088,130869.75,0.076828094,8840,0.022234798,0.947315676
3,2023,Linwood,31,14,0,17,252.85,492.3,697.8846052,329.8035384,124.0844996,69.48006337,11.06601532,4.2845,0.048954895,0.980076407,2.11,1,64903.26829,278078.053,6623.690454,0.023819537,1780.068339,0.027426482,1.031322427
3,2023,Lower Price Hill,31,14,0,17,252.85,492.3,876.9691235,298.6394422,294.0916335,80.34462151,68.21713147,4.2845,0.631979695,0.466354618,2.32,1,81558.12849,349435.8015,77428.14965,0.221580471,3283.214741,0.040256131,0.728191221
3,2023,Madisonville,31,14,0,17,252.85,492.3,10561.56341,5445.440516,1620.369809,794.7861953,232.8462402,4.2845,0.096409902,0.87532009,1.957708987,1,982225.3973,4208344.715,215378.9478,0.051179018,22710.67682,0.023121655,0.949620763
3,2023,Millvale,31,14,0,17,252.85,492.3,2408.391731,825.648213,1009.460406,614.7161878,61.01962158,4.2845,0.515510949,0.498484702,2.9,1,223980.431,959644.1565,174614.9921,0.181958063,14933.76139,0.066674402,0.747117167
3,2023,Mt. Adams,31,14,0,17,252.85,492.3,1592,984,97,65,11,4.2845,0,0.934637005,1.62,0.13,148056,634345.932,0,0,218.348,0.001474766,0.936111771
3,2023,Mt. Airy,31,14,0,17,252.85,492.3,8855.104818,4117.800593,2459.034396,1515.051742,311.7610082,4.2845,0.246881058,0.716394854,2.140346369,1,823524.7481,3528391.783,417063.0087,0.118202012,40372.56178,0.049024103,0.883620969
3,2023,Mt. Auburn,31,14,0,17,252.85,492.3,5192,2640,771,558,145,4.2845,0.15719697,0.793266802,1.851103211,1,482856,2068796.532,170253.75,0.082296034,15536.3,0.032175845,0.907738681
3,2023,Mt. Lookout,31,14,0,17,252.85,492.3,5018.193293,2134.056773,1254.803538,660.4338527,168.5965144,4.2845,0.016816196,0.97521814,2.359967974,0.13,466691.9762,1999541.772,14722.52594,0.00736295,2381.804245,0.005103589,0.98768468
3,2023,Mt. Washington,31,14,0,17,252.85,492.3,11815.2445,5463.880907,2649.821269,1560.902515,620.874501,4.2845,0.13778012,0.908509681,2.133691957,0.45,1098817.738,4707884.6,308842.0116,0.065601016,21697.77243,0.019746471,0.993857167
3,2023,North Avondale - Paddock Hills,31,14,0,17,252.85,492.3,4209.94927,1687.619875,609.4885337,370.5687978,55.37421821,4.2845,0.135145368,0.902230071,2.084645892,1,391525.2821,1677490.071,93567.36249,0.055778192,9413.340653,0.02404274,0.982051003
3,2023,North Fairmount,31,14,0,17,252.85,492.3,1692.184726,793.0906921,393.0634845,194.2105012,82.01718377,4.2845,0.24195122,0.715299412,2.1,1,157373.1795,674265.3875,78722.56897,0.116753092,6104.631838,0.038790802,0.870843306
3,2023,Northside,31,14,0,17,252.85,492.3,8407,4175,1198,548,192,4.2845,0.123113772,0.879595765,2.010178004,1,781851,3349840.61,210868.5,0.062948816,16354,0.020917029,0.96346161
3,2023,Oakley,31,14,0,17,252.85,492.3,11405.43659,6478.559484,1361.630191,602.2138047,115.1537598,4.2845,0.016825594,0.946980836,1.739411667,1,1060705.603,4544593.155,44719.55219,0.009840166,15853.82318,0.014946488,0.971767489
3,2023,Over-the-Rhine,31,14,0,17,252.85,492.3,6180,3155,840,328,149,4.2845,0.203486529,0.849835918,1.818869231,0.65,574740,2462473.53,263380.5,0.106957698,6852.105,0.011922095,0.968715711
3,2023,Pendleton,31,14,0,17,252.85,492.3,1163,558,238,154,36,4.2845,0.082437276,0.89748322,2.08,1,108159,463407.2355,18871.5,0.040723361,4199,0.038822474,0.977029055
3,2023,Pleasant Ridge,31,14,0,17,252.85,492.3,7308.599434,3688.551367,1534.065033,828.6644675,150.332705,4.2845,0.131432997,0.883372961,1.952439432,1,679699.7474,2912173.568,198888.1173,0.06829542,21635.83751,0.031831463,0.983499845
3,2023,Queensgate,31,14,0,17,252.85,492.3,280.0308765,95.36055777,93.90836653,25.65537849,21.78286853,4.2845,0.631979695,0.466354618,2.32,1,26042.87151,111580.683,24724.10035,0.221580471,1048.385259,0.040256131,0.728191221
3,2023,Riverside,31,14,0,17,252.85,492.3,2088.550898,829.5508982,512.3952096,212.3473054,86.07784431,4.2845,0.216450716,0.830840211,2.513273138,1,194235.2335,832200.8581,73663.21257,0.088516146,6595.195808,0.033954683,0.95331104
3,2023,Roselawn,31,14,0,17,252.85,492.3,7449,3583,1509,1121,162,4.2845,0.234161317,0.728904,2.031551069,1,692757,2968117.367,344199.75,0.11596568,28354.3,0.040929648,0.885799328
3,2023,Sayler Park,31,14,0,17,252.85,492.3,2745,1184,682,423,106,4.2845,0.199324324,0.857092042,2.314898367,1,255285,1093768.583,96819,0.088518725,11690.9,0.045795483,0.99140625
3,2023,Sedamsville,31,14,0,17,252.85,492.3,590.4491018,200.4491018,187.6047904,48.65269461,38.92215569,4.2845,0.316504854,0.750546837,2.81,1,54911.76647,235269.4634,26027.53743,0.110628626,1935.404192,0.03524571,0.896421173
3,2023,South Cumminsville,31,14,0,17,252.85,492.3,788.6082691,270.351787,330.5395936,201.2838122,19.98037842,4.2845,0.515510949,0.498484702,2.9,1,73340.56903,314227.668,57176.25788,0.181958063,4889.938612,0.066674402,0.747117167
3,2023,South Fairmount,31,14,0,17,252.85,492.3,1960,852,478,231,108,4.2845,0.253521127,0.718636272,2.13,1,182280,780978.66,88614,0.113465328,7491.9,0.041101053,0.873202653
3,2023,Spring Grove Village,31,14,0,17,252.85,492.3,2163,927,549,327,132,4.2845,0.252427184,0.77983631,2.32,1,201159,861865.7355,95998.5,0.111384519,10143.9,0.050427274,0.941648102
3,2023,Villages at Roll Hill,31,14,0,17,252.85,492.3,2262,901,1261,630,135,4.2845,0.612652608,0.359694036,2.51,1,210366,901313.127,226458,0.251253414,16906.5,0.080367075,0.691314524
3,2023,Walnut Hills,31,14,0,17,252.85,492.3,6259,3678,829,359,193,4.2845,0.347471452,0.790895394,1.714202261,0.69,582087,2493951.752,524299.5,0.210228405,8417.448,0.014460807,1.015584607
3,2023,West End,31,14,0,17,252.85,492.3,7764.890452,3592.871947,2249.151739,1322.796447,198,4.2845,0.433269674,0.699608129,2.182286781,1,722134.812,3093986.602,638628.9782,0.206409743,33609.60148,0.046542004,0.952559876
3,2023,West Price Hill,31,14,0,17,252.85,492.3,18811.14342,7650.011933,5370.627021,3261.091031,1051.858812,4.2845,0.201424858,0.815275332,2.450516273,1,1749436.338,7495459.99,632155.2789,0.084338423,95316.19154,0.054483944,0.9540977
3,2023,Westwood,31,14,0,17,252.85,492.3,34059.55927,15074.63727,9471.291574,4788.13171,1273.849482,4.2845,0.213391444,0.823986694,2.266125449,1,3167539.012,13571320.9,1319691.634,0.097241208,133969.7843,0.042294596,0.963522498
3,2023,Winton Hills,31,14,0,17,252.85,492.3,5401,2699,2102,1050,281,4.2845,0.519081141,0.64571331,2,1,502293,2152074.359,574760.25,0.267072672,29415.1,0.058561636,0.971347619
3,2024,Avondale,31,16,0,15,180.92,350.36,12501,5950,3040,1641,623,4.395897,0.398991597,0.690806134,1.963373111,1,1162593,5110639.081,693128.8667,0.135624695,44148,0.037973736,0.864404566
3,2024,Bond Hill,31,16,0,15,180.92,350.36,6399,3191,1417,905,151,4.395897,0.162331558,0.850134085,1.980091999,1,595107,2616029.076,151238.7333,0.057812329,20592,0.034602181,0.942548595
3,2024,California,31,16,0,15,180.92,350.36,928.7965861,340.1422475,242.2645804,132.5860597,50.6742532,4.395897,0.02755102,0.976559214,2.72,0.13,86378.0825,379709.1537,2736.097297,0.007205771,464.5648933,0.005378273,0.989143258
3,2024,Camp Washington,31,16,0,15,180.92,350.36,1143,548,90,45,12,4.395897,0.313868613,0.876434088,1.55,1,106299,467279.4552,50218.26667,0.107469451,1111.5,0.010456354,0.994359894
3,2024,Carthage,31,16,0,15,180.92,350.36,3183,979,1107,542,137,4.395897,0.269662921,0.733606197,3.25,1,296019,1301269.034,77079.2,0.059233869,13240.5,0.044728548,0.837568614
3,2024,Clifton,31,16,0,15,180.92,350.36,8028,4079,1068,501,166,4.395897,0.076244177,0.885250904,1.945491113,0.4,746604,3281994.284,90801.63333,0.027666603,5202.6,0.006968353,0.91988586
3,2024,College Hill,31,16,0,15,180.92,350.36,15930,7147,3555,1788,776,4.395897,0.226108857,0.804704983,2.172954947,1,1481490,6512477.447,471818.1333,0.072448333,49998,0.033748456,0.910901772
3,2024,Columbia Tusculum,31,16,0,15,180.92,350.36,1621.18273,765.9392659,265.8357539,148.7018748,29.49115395,4.395897,0.043383948,0.95904074,2.11,0.13,150769.9939,662769.364,9701.897368,0.014638422,451.719328,0.002996082,0.976675244
3,2024,Corryville,31,16,0,15,180.92,350.36,4277,1968,256,101,1,4.395897,0.018800813,0.67161011,2.086822289,1,397761,1748516.387,10802.76667,0.006178247,1989,0.00500049,0.682788847
3,2024,CUF,31,16,0,15,180.92,350.36,18282,6192,456,180,92,4.395897,0.066860465,0.782651708,2.153319783,1,1700226,7474018.373,120874.2,0.016172585,5304,0.003119585,0.801943879
3,2024,Downtown,31,16,0,15,180.92,350.36,6070.715026,3633.99852,282.6447076,85.00592154,0,4.395897,0.063479574,0.918821977,1.484669432,1,564576.4974,2481820.131,67352.23649,0.027138242,1657.61547,0.002936033,0.948896253
3,2024,East End,31,16,0,15,180.92,350.36,1323,707,71,36,24,4.395897,0.099009901,0.948525224,1.86,1,123039,540866.771,20437.66667,0.037786878,1170,0.00950918,0.995821282
3,2024,East Price Hill,31,16,0,15,180.92,350.36,16286,6321,5352,2708,815,4.395897,0.332384116,0.71801936,2.593354997,1,1514598,6658016.804,613421.9667,0.092132835,68698.5,0.04535758,0.855509776
3,2024,East Walnut Hills,31,16,0,15,180.92,350.36,3934.501285,2474.03856,308.3309769,169.5122108,25.28534704,4.395897,0.021840688,0.93192842,1.586430218,1,365908.6195,1608496.603,15776.33252,0.009808123,3798.552378,0.01038115,0.952117693
3,2024,East Westwood,31,16,0,15,180.92,350.36,2601.088353,1064.265709,734.3991673,467.6568839,122.2488875,4.395897,0.419072549,0.699829171,2.409468638,1,241901.2169,1063372.833,130218.4598,0.122457952,11503.16254,0.04755314,0.869840264
3,2024,English Woods,31,16,0,15,180.92,350.36,496.1727924,239.8281623,148.874463,74.66348449,22.85155131,4.395897,0.324528302,0.687230934,2.04,1,46144.06969,202844.5775,22724.0653,0.112026979,1901.543198,0.041208832,0.840466745
3,2024,Evanston,31,16,0,15,180.92,350.36,8404.596004,3388.064636,1664.030385,884.24248,395.266425,4.395897,0.120803737,0.830442821,2.18067287,0.36,781627.4284,3435953.668,119499.2907,0.034779075,8982.152513,0.011491604,0.8767135
3,2024,Hartwell,31,16,0,15,180.92,350.36,5439,2426,1243,558,243,4.395897,0.23577906,0.843932863,2.1,1,505827,2223563.392,167004.9333,0.075106891,15619.5,0.030879135,0.949918889
3,2024,Hyde Park,31,16,0,15,180.92,350.36,13303,6483,2448,1036,436,4.395897,0.016813204,0.938358409,2.031959221,0.65,1237179,5438511.455,31824.36667,0.005851669,18657.6,0.01508076,0.959290838
3,2024,Kennedy Heights,31,16,0,15,180.92,350.36,4649,2401,684,380,165,4.395897,0.101624323,0.871139734,1.93,1,432357,1900596.839,71239.86667,0.037482892,10627.5,0.024580381,0.933203007
3,2024,Linwood,31,16,0,15,180.92,350.36,708.0435701,334.5202007,116.1024558,64.9448112,12.88011619,4.395897,0.043383948,0.95904074,2.11,1,65848.05202,289461.2543,4237.255875,0.014638422,1517.586084,0.023046788,0.996725949
3,2024,Lower Price Hill,31,16,0,15,180.92,350.36,943.6703187,306.2191235,283.4800797,132.6444223,68.21713147,4.395897,0.571782178,0.509650105,2.42,1,87761.33964,385789.8096,51120.62978,0.13250902,3916.800299,0.044630133,0.686789259
3,2024,Madisonville,31,16,0,15,180.92,350.36,10748.04938,5684.800786,1490.818182,744.3058361,233.9118967,4.395897,0.106730738,0.887988151,1.899867134,1,999568.5926,4394000.577,177148.727,0.040316045,19075.24579,0.019083479,0.947387675
3,2024,Millvale,31,16,0,15,180.92,350.36,2757.182901,987.6138753,1198.5459,1093.079888,0,4.395897,0.745995423,0.335307065,2.78,1,256418.0098,1127187.16,215108.0273,0.190836123,21315.05781,0.083126212,0.609269399
3,2024,Mt. Adams,31,16,0,15,180.92,350.36,1631,1016,90,58,15,4.395897,0,0.950534229,1.61,0.13,151683,666782.8447,0,0,185.055,0.001220011,0.951754241
3,2024,Mt. Airy,31,16,0,15,180.92,350.36,9099.048036,4234.088213,2055.363973,1319.365456,150.7451446,4.395897,0.287523462,0.802446372,2.132741899,1,846211.4673,3719858.451,355440.1334,0.095552059,28667.15671,0.03387706,0.93187549
3,2024,Mt. Auburn,31,16,0,15,180.92,350.36,5046,2650,705,474,109,4.395897,0.103018868,0.81967643,1.783449688,1,469278,2062897.752,79706.9,0.038638318,11368.5,0.024225512,0.88254026
3,2024,Mt. Lookout,31,16,0,15,180.92,350.36,5096.773699,2144.540533,1239.06179,682.353314,134.6287299,4.395897,0.015041788,0.965245402,2.387742194,0.13,473999.9541,2083654.976,9418.18009,0.004520029,2071.049481,0.004369303,0.974134734
3,2024,Mt. Washington,31,16,0,15,180.92,350.36,11879.67519,5553.087735,2598.366801,1379.398705,642.950248,4.395897,0.115661466,0.905976425,2.117269253,0.45,1104809.793,4856630.055,187523.8444,0.038611927,17746.11206,0.016062595,0.960650946
3,2024,North Avondale - Paddock Hills,31,16,0,15,180.92,350.36,4878.90271,1839.896803,824.6386379,457.2453092,82.44822794,4.395897,0.066674624,0.919005919,2.27,1,453737.9521,1994585.302,35816.84344,0.017957038,10524.02397,0.023194057,0.960157014
3,2024,North Fairmount,31,16,0,15,180.92,350.36,1696.827208,820.1718377,509.125537,255.3365155,78.14844869,4.395897,0.324528302,0.687230934,2.04,1,157804.9303,693694.2197,77712.46804,0.112026979,6502.956802,0.041208832,0.840466745
3,2024,Northside,31,16,0,15,180.92,350.36,8550,4378,1275,664,146,4.395897,0.100502513,0.876720911,1.942498411,1,795150,3495397.5,128465.3333,0.036752711,15795,0.019864177,0.933337799
3,2024,Oakley,31,16,0,15,180.92,350.36,11411.95062,6598.199214,1267.181818,540.6941639,72.08810325,4.395897,0.015043046,0.952669194,1.708519196,1,1061311.407,4665415.632,28979.73969,0.006211609,11949.25421,0.011258952,0.970139755
3,2024,Over-the-Rhine,31,16,0,15,180.92,350.36,6291,3343,715,315,73,4.395897,0.169608136,0.868197339,1.784465385,0.65,585063,2571876.687,165545.1,0.064367433,4917.9,0.008405761,0.940970533
3,2024,Pendleton,31,16,0,15,180.92,350.36,1146,596,210,132,31,4.395897,0.08557047,0.943748038,1.92,1,106578,468505.9105,14890.3,0.031782523,3178.5,0.029823228,1.005353789
3,2024,Pleasant Ridge,31,16,0,15,180.92,350.36,7268.072573,3683.009425,1571.93968,901.1055608,227.2544769,4.395897,0.117650837,0.895783889,1.953138402,1,675930.7493,2971321.953,126511.8259,0.042577623,22003.02074,0.032552182,0.970913694
3,2024,Queensgate,31,16,0,15,180.92,350.36,301.3296813,97.78087649,90.51992032,42.35557769,21.78286853,4.395897,0.571782178,0.509650105,2.42,1,28023.66036,123189.1245,16323.67022,0.13250902,1250.699701,0.044630133,0.686789259
3,2024,Riverside,31,16,0,15,180.92,350.36,2268.610778,840.8323353,659.8922156,318.1556886,109.9520958,4.395897,0.34436223,0.807189532,2.771670429,1,210980.8024,927449.8763,84539.21058,0.091152323,8348.101796,0.039568064,0.937909918
3,2024,Roselawn,31,16,0,15,180.92,350.36,7375,3604,1483,1030,148,4.395897,0.249167592,0.716173201,1.98616494,1,685875,3015035.855,262186.0667,0.086959519,22971,0.033491525,0.836624245
3,2024,Sayler Park,31,16,0,15,180.92,350.36,2713,1183,739,439,160,4.395897,0.22569738,0.862711366,2.297347551,1,252309,1109124.376,77955.1,0.070285264,11680.5,0.046294425,0.979291055
3,2024,Sedamsville,31,16,0,15,180.92,350.36,715.3892216,196.1676647,256.1077844,77.84431138,56.04790419,4.395897,0.359126984,0.733303852,3.5,1,66531.1976,292464.292,20568.78942,0.070329233,2610.898204,0.039243217,0.842876302
3,2024,South Cumminsville,31,16,0,15,180.92,350.36,902.8170988,323.3861247,392.4540995,357.9201121,0,4.395897,0.745995423,0.335307065,2.78,1,83961.99019,369088.2608,70435.37267,0.190836123,6979.442186,0.083126212,0.609269399
3,2024,South Fairmount,31,16,0,15,180.92,350.36,2319,960,667,259,102,4.395897,0.2375,0.706564387,2.27,1,215667,948049.9183,66568.4,0.070216134,7039.5,0.032640599,0.809421119
3,2024,Spring Grove Village,31,16,0,15,180.92,350.36,1996,881,469,296,133,4.395897,0.238365494,0.769126803,2.25,1,185628,816001.5683,61313,0.075138336,8365.5,0.045065938,0.889331077
3,2024,Villages at Roll Hill,31,16,0,15,180.92,350.36,2196,895,1128,574,206,4.395897,0.612290503,0.413092065,2.45,1,204228,897765.2525,159997.7333,0.178217783,15210,0.074475586,0.665785435
3,2024,Walnut Hills,31,16,0,15,180.92,350.36,6176,3528,737,354,201,4.395897,0.306405896,0.805375246,1.741359925,0.69,574368,2524862.568,315615.9667,0.125003226,7467.525,0.01300129,0.943379762
3,2024,West End,31,16,0,15,180.92,350.36,6929.284974,3429.00148,2061.355292,1159.994078,178,4.395897,0.452993482,0.706312849,2.046430172,1,644423.5026,2832819.342,453516.2968,0.160093618,26090.88453,0.040487171,0.906893638
3,2024,West Price Hill,31,16,0,15,180.92,350.36,18669.39287,7441.500965,5187.970243,3128.862443,1039.131704,4.395897,0.184977762,0.814924436,2.495004634,1,1736253.537,7632391.714,401895.6771,0.052656584,81275.88587,0.04681107,0.91439209
3,2024,Westwood,31,16,0,15,180.92,350.36,34095.91165,15214.73429,9589.600833,5082.343116,1146.751113,4.395897,0.210256413,0.824646515,2.250008974,1,3170919.783,13939036.76,934000.0402,0.067006068,121467.3375,0.038306657,0.92995924
3,2024,Winton Hills,31,16,0,15,180.92,350.36,4681,2540,1351,691,121,4.395897,0.546850394,0.679619002,1.84,1,435333,1913679.029,405541.7,0.211917304,15834,0.036372156,0.927908463
3,2025,Avondale,31,16,0,15,184.8205,361.8057,12501,5950,3040,1641,623,4.510190322,0.398991597,0.683326044,1.963373111,1,1162593,5243515.697,715772.2765,0.136506176,44148,0.037973736,0.857805956
3,2025,Bond Hill,31,16,0,15,184.8205,361.8057,6399,3191,1417,905,151,4.510190322,0.162331558,0.845204216,1.980091999,1,595107,2684045.832,156179.4605,0.058188075,20592,0.034602181,0.937994472
3,2025,California,31,16,0,15,184.8205,361.8057,928.7965861,340.1422475,242.2645804,132.5860597,50.6742532,4.510190322,0.02755102,0.975963749,2.72,0.13,86378.0825,389581.5917,2825.481213,0.007252605,464.5648933,0.005378273,0.988594626
3,2025,Camp Washington,31,16,0,15,184.8205,361.8057,1143,548,90,45,12,4.510190322,0.313868613,0.872120275,1.55,1,106299,479428.721,51858.817,0.10816794,1111.5,0.010456354,0.990744569
3,2025,Carthage,31,16,0,15,184.8205,361.8057,3183,979,1107,542,137,4.510190322,0.269662921,0.728993529,3.25,1,296019,1335102.029,79597.254,0.059618855,13240.5,0.044728548,0.833340932
3,2025,Clifton,31,16,0,15,184.8205,361.8057,8028,4079,1068,501,166,4.510190322,0.076244177,0.88110128,1.945491113,0.4,746604,3367326.135,93767.97725,0.02784642,5202.6,0.006968353,0.915916053
3,2025,College Hill,31,16,0,15,184.8205,361.8057,15930,7147,3555,1788,776,4.510190322,0.226108857,0.800750723,2.172954947,1,1481490,6681801.86,487231.676,0.072919204,49998,0.033748456,0.907418383
3,2025,Columbia Tusculum,31,16,0,15,184.8205,361.8057,1621.18273,765.9392659,265.8357539,148.7018748,29.49115395,4.510190322,0.043383948,0.957522593,2.11,0.13,150769.9939,680001.3675,10018.84281,0.014733563,451.719328,0.002996082,0.975252238
3,2025,Corryville,31,16,0,15,184.8205,361.8057,4277,1968,256,101,1,4.510190322,0.018800813,0.664814763,2.086822289,1,397761,1793977.813,11155.67575,0.006218402,1989,0.00500049,0.676033656
3,2025,CUF,31,16,0,15,184.8205,361.8057,18282,6192,456,180,92,4.510190322,0.066860465,0.776454838,2.153319783,1,1700226,7668342.85,124822.9665,0.016277698,5304,0.003119585,0.795852121
3,2025,Downtown,31,16,0,15,184.8205,361.8057,6070.715026,3633.99852,282.6447076,85.00592154,0,4.510190322,0.063479574,0.916223742,1.484669432,1,564576.4974,2546347.455,69552.52617,0.027314625,1657.61547,0.002936033,0.946474401
3,2025,East End,31,16,0,15,184.8205,361.8057,1323,707,71,36,24,4.510190322,0.099009901,0.947099586,1.86,1,123039,554929.307,21105.3325,0.038032471,1170,0.00950918,0.994641237
3,2025,East Price Hill,31,16,0,15,184.8205,361.8057,16286,6321,5352,2708,815,4.510190322,0.332384116,0.712789168,2.593354997,1,1514598,6831125.241,633461.4797,0.092731645,68698.5,0.04535758,0.850878392
3,2025,East Walnut Hills,31,16,0,15,184.8205,361.8057,3934.501285,2474.03856,308.3309769,169.5122108,25.28534704,4.510190322,0.021840688,0.930047984,1.586430218,1,365908.6195,1650317.515,16291.72003,0.00987187,3798.552378,0.01038115,0.950301005
3,2025,East Westwood,31,16,0,15,184.8205,361.8057,2601.088353,1064.265709,734.3991673,467.6568839,122.2488875,4.510190322,0.419072549,0.693822931,2.409468638,1,241901.2169,1091020.527,134472.4883,0.123253857,11503.16254,0.04755314,0.864629929
3,2025,English Woods,31,16,0,15,184.8205,361.8057,496.1727924,239.8281623,148.874463,74.66348449,22.85155131,4.510190322,0.324528302,0.680023897,2.04,1,46144.06969,208118.5365,23466.42411,0.112755089,1901.543198,0.041208832,0.833987818
3,2025,Evanston,31,16,0,15,184.8205,361.8057,8404.596004,3388.064636,1664.030385,884.24248,395.266425,4.510190322,0.120803737,0.8273407,2.18067287,0.36,781627.4284,3525288.463,123403.1411,0.035005119,8982.152513,0.011491604,0.873837422
3,2025,Hartwell,31,16,0,15,184.8205,361.8057,5439,2426,1243,558,243,4.510190322,0.23577906,0.836564704,2.1,1,505827,2281376.04,172460.717,0.075595042,15619.5,0.030879135,0.94303888
3,2025,Hyde Park,31,16,0,15,184.8205,361.8057,13303,6483,2448,1036,436,4.510190322,0.016813204,0.936164064,2.031959221,0.65,1237179,5579912.752,32864.01775,0.005889701,18657.6,0.01508076,0.957134525
3,2025,Kennedy Heights,31,16,0,15,184.8205,361.8057,4649,2401,684,380,165,4.510190322,0.101624323,0.867217647,1.93,1,432357,1950012.357,73567.159,0.037726509,10627.5,0.024580381,0.929524538
3,2025,Linwood,31,16,0,15,184.8205,361.8057,708.0435701,334.5202007,116.1024558,64.9448112,12.88011619,4.510190322,0.043383948,0.957522593,2.11,1,65848.05202,296987.2469,4375.680238,0.014733563,1517.586084,0.023046788,0.995302943
3,2025,Lower Price Hill,31,16,0,15,184.8205,361.8057,943.6703187,306.2191235,283.4800797,132.6444223,68.21713147,4.510190322,0.571782178,0.501564864,2.42,1,87761.33964,395820.3447,52790.65887,0.133370251,3916.800299,0.044630133,0.679565249
3,2025,Madisonville,31,16,0,15,184.8205,361.8057,10748.04938,5684.800786,1490.818182,744.3058361,233.9118967,4.510190322,0.106730738,0.884097488,1.899867134,1,999568.5926,4508244.592,182935.8921,0.040578076,19075.24579,0.019083479,0.943759043
3,2025,Millvale,31,16,0,15,184.8205,361.8057,2757.182901,987.6138753,1198.5459,1093.079888,0,4.510190322,0.745995423,0.330463302,2.78,1,256418.0098,1156494.026,222135.262,0.192076446,21315.05781,0.083126212,0.60566596
3,2025,Mt. Adams,31,16,0,15,184.8205,361.8057,1631,1016,90,58,15,4.510190322,0,0.949892152,1.61,0.13,151683,684119.1986,0,0,185.055,0.001220011,0.951112163
3,2025,Mt. Airy,31,16,0,15,184.8205,361.8057,9099.048036,4234.088213,2055.363973,1319.365456,150.7451446,4.510190322,0.287523462,0.797999977,2.132741899,1,846211.4673,3816574.77,367051.7932,0.096173091,28667.15671,0.03387706,0.928050128
3,2025,Mt. Auburn,31,16,0,15,184.8205,361.8057,5046,2650,705,474,109,4.510190322,0.103018868,0.81645244,1.783449688,1,469278,2116533.094,82310.79675,0.038889445,11368.5,0.024225512,0.879567397
3,2025,Mt. Lookout,31,16,0,15,184.8205,361.8057,5096.773699,2144.540533,1239.06179,682.353314,134.6287299,4.510190322,0.015041788,0.964436361,2.387742194,0.13,473999.9541,2137830.005,9725.856947,0.004549406,2071.049481,0.004369303,0.973355071
3,2025,Mt. Washington,31,16,0,15,184.8205,361.8057,11879.67519,5553.087735,2598.366801,1379.398705,642.950248,4.510190322,0.115661466,0.902949553,2.117269253,0.45,1104809.793,4982902.436,193649.9481,0.038862882,17746.11206,0.016062595,0.95787503
3,2025,North Avondale - Paddock Hills,31,16,0,15,184.8205,361.8057,4878.90271,1839.896803,824.6386379,457.2453092,82.44822794,4.510190322,0.066674624,0.916421748,2.27,1,453737.9521,2046444.52,36986.92235,0.018073748,10524.02397,0.023194057,0.957689553
3,2025,North Fairmount,31,16,0,15,184.8205,361.8057,1696.827208,820.1718377,509.125537,255.3365155,78.14844869,4.510190322,0.324528302,0.680023897,2.04,1,157804.9303,711730.2694,80251.20989,0.112755089,6502.956802,0.041208832,0.833987818
3,2025,Northside,31,16,0,15,184.8205,361.8057,8550,4378,1275,664,146,4.510190322,0.100502513,0.873118951,1.942498411,1,795150,3586277.835,132662.09,0.036991582,15795,0.019864177,0.929974709
3,2025,Oakley,31,16,0,15,184.8205,361.8057,11411.95062,6598.199214,1267.181818,540.6941639,72.08810325,4.510190322,0.015043046,0.951589023,1.708519196,1,1061311.407,4786716.438,29926.46137,0.006251981,11949.25421,0.011258952,0.969099956
3,2025,Over-the-Rhine,31,16,0,15,184.8205,361.8057,6291,3343,715,315,73,4.510190322,0.169608136,0.865806618,1.784465385,0.65,585063,2638745.48,170953.1933,0.064785783,4917.9,0.008405761,0.938998163
3,2025,Pendleton,31,16,0,15,184.8205,361.8057,1146,596,210,132,31,4.510190322,0.08557047,0.941729513,1.92,1,106578,480687.0641,15376.74225,0.031989091,3178.5,0.029823228,1.003541832
3,2025,Pleasant Ridge,31,16,0,15,184.8205,361.8057,7268.072573,3683.009425,1571.93968,901.1055608,227.2544769,4.510190322,0.117650837,0.892514094,1.953138402,1,675930.7493,3048576.324,130644.7646,0.042854353,22003.02074,0.032552182,0.967920629
3,2025,Queensgate,31,16,0,15,184.8205,361.8057,301.3296813,97.78087649,90.51992032,42.35557769,21.78286853,4.510190322,0.571782178,0.501564864,2.42,1,28023.66036,126392.0417,16856.93838,0.133370251,1250.699701,0.044630133,0.679565249
3,2025,Riverside,31,16,0,15,184.8205,361.8057,2268.610778,840.8323353,659.8922156,318.1556886,109.9520958,4.510190322,0.34436223,0.804213119,2.771670429,1,210980.8024,951563.5731,87300.97118,0.09174476,8348.101796,0.039568064,0.935525942
3,2025,Roselawn,31,16,0,15,184.8205,361.8057,7375,3604,1483,1030,148,4.510190322,0.249167592,0.709520885,1.98616494,1,685875,3093426.787,270751.2655,0.087524705,22971,0.033491525,0.830537115
3,2025,Sayler Park,31,16,0,15,184.8205,361.8057,2713,1183,739,439,160,4.510190322,0.22569738,0.859207145,2.297347551,1,252309,1137961.61,80501.76825,0.070742077,11680.5,0.046294425,0.976243647
3,2025,Sedamsville,31,16,0,15,184.8205,361.8057,715.3892216,196.1676647,256.1077844,77.84431138,56.04790419,4.510190322,0.359126984,0.73035819,3.5,1,66531.1976,300068.3635,21240.73882,0.070786332,2610.898204,0.039243217,0.840387738
3,2025,South Cumminsville,31,16,0,15,184.8205,361.8057,902.8170988,323.3861247,392.4540995,357.9201121,0,4.510190322,0.745995423,0.330463302,2.78,1,83961.99019,378684.5556,72736.38347,0.192076446,6979.442186,0.083126212,0.60566596
3,2025,South Fairmount,31,16,0,15,184.8205,361.8057,2319,960,667,259,102,4.510190322,0.2375,0.700960253,2.27,1,215667,972699.2162,68743.083,0.070672498,7039.5,0.032640599,0.80427335
3,2025,Spring Grove Village,31,16,0,15,184.8205,361.8057,1996,881,469,296,133,4.510190322,0.238365494,0.766607052,2.25,1,185628,837217.6091,63315.9975,0.075626691,8365.5,0.045065938,0.887299681
3,2025,Villages at Roll Hill,31,16,0,15,184.8205,361.8057,2196,895,1128,574,206,4.510190322,0.612290503,0.404011237,2.45,1,204228,921107.1491,165224.603,0.179376094,15210,0.074475586,0.657862917
3,2025,Walnut Hills,31,16,0,15,184.8205,361.8057,6176,3528,737,354,201,4.510190322,0.306405896,0.802111614,1.741359925,0.69,574368,2590508.995,325926.6348,0.125815674,7467.525,0.01300129,0.940928578
3,2025,West End,31,16,0,15,184.8205,361.8057,6929.284974,3429.00148,2061.355292,1159.994078,178,4.510190322,0.452993482,0.699636422,2.046430172,1,644423.5026,2906472.645,468331.9478,0.161134132,26090.88453,0.040487171,0.901257725
3,2025,West Price Hill,31,16,0,15,184.8205,361.8057,18669.39287,7441.500965,5187.970243,3128.862443,1039.131704,4.510190322,0.184977762,0.81171887,2.495004634,1,1736253.537,7830833.898,415024.9651,0.052998821,81275.88587,0.04681107,0.911528762
3,2025,Westwood,31,16,0,15,184.8205,361.8057,34095.91165,15214.73429,9589.600833,5082.343116,1146.751113,4.510190322,0.210256413,0.819990704,2.250008974,1,3170919.783,14301451.72,964512.3255,0.067441568,121467.3375,0.038306657,0.925738929
3,2025,Winton Hills,31,16,0,15,184.8205,361.8057,4681,2540,1351,691,121,4.510190322,0.546850394,0.672854039,1.84,1,435333,1963434.683,418790.0978,0.213294642,15834,0.036372156,0.922520837
3,2026,Avondale,31,15,0,16,184.2128,355.5207,12501,5950,3040,1641,623,4.645496032,0.398991597,0.674946555,1.963373111,1,1162593,5400821.168,703338.4515,0.130228058,47091.2,0.040505319,0.845679931
3,2026,Bond Hill,31,15,0,16,184.2128,355.5207,6399,3191,1417,905,151,4.645496032,0.162331558,0.839681584,1.980091999,1,595107,2764567.207,153466.4355,0.055511921,21964.8,0.036908993,0.932102498
3,2026,California,31,15,0,16,184.2128,355.5207,928.7965861,340.1422475,242.2645804,132.5860597,50.6742532,4.645496032,0.02755102,0.975296685,2.72,0.13,86378.0825,401269.0395,2776.399208,0.006919047,495.5358862,0.005736824,0.987952556
3,2026,Camp Washington,31,15,0,16,184.2128,355.5207,1143,548,90,45,12,4.645496032,0.313868613,0.867287773,1.55,1,106299,493811.5827,50957.967,0.103193138,1185.6,0.011153445,0.981634356
3,2026,Carthage,31,15,0,16,184.2128,355.5207,3183,979,1107,542,137,4.645496032,0.269662921,0.723826239,3.25,1,296019,1375155.09,78214.554,0.056876897,14123.2,0.047710451,0.828413587
3,2026,Clifton,31,15,0,16,184.2128,355.5207,8028,4079,1068,501,166,4.645496032,0.076244177,0.87645271,1.945491113,0.4,746604,3468345.919,92139.11475,0.026565722,5549.44,0.00743291,0.910451342
3,2026,College Hill,31,15,0,16,184.2128,355.5207,15930,7147,3555,1788,776,4.645496032,0.226108857,0.796321006,2.172954947,1,1481490,6882255.916,478767.876,0.069565544,53331.2,0.035998353,0.901884902
3,2026,Columbia Tusculum,31,15,0,16,184.2128,355.5207,1621.18273,765.9392659,265.8357539,148.7018748,29.49115395,4.645496032,0.043383948,0.955821905,2.11,0.13,150769.9939,700401.4085,9844.80347,0.014055945,481.8339498,0.003195821,0.973073671
3,2026,Corryville,31,15,0,16,184.2128,355.5207,4277,1968,256,101,1,4.645496032,0.018800813,0.657202351,2.086822289,1,397761,1847797.147,10961.88825,0.005932409,2121.6,0.005333856,0.668468617
3,2026,CUF,31,15,0,16,184.2128,355.5207,18282,6192,456,180,92,4.645496032,0.066860465,0.769512863,2.153319783,1,1700226,7898393.137,122654.6415,0.015529063,5657.6,0.003327558,0.788369484
3,2026,Downtown,31,15,0,16,184.2128,355.5207,6070.715026,3633.99852,282.6447076,85.00592154,0,4.645496032,0.063479574,0.913313099,1.484669432,1,564576.4974,2622737.878,68344.31517,0.026058386,1768.123168,0.003131769,0.942503254
3,2026,East End,31,15,0,16,184.2128,355.5207,1323,707,71,36,24,4.645496032,0.099009901,0.945303426,1.86,1,123039,571577.1863,20738.7075,0.036283302,1248,0.010143125,0.991729853
3,2026,East Price Hill,31,15,0,16,184.2128,355.5207,16286,6321,5352,2708,815,4.645496032,0.332384116,0.706930102,2.593354997,1,1514598,7036058.999,622457.4922,0.088466781,73278.4,0.048381419,0.843778302
3,2026,East Walnut Hills,31,15,0,16,184.2128,355.5207,3934.501285,2474.03856,308.3309769,169.5122108,25.28534704,4.645496032,0.021840688,0.927941447,1.586430218,1,365908.6195,1699827.04,16008.71327,0.009417848,4051.789203,0.011073227,0.948432523
3,2026,East Westwood,31,15,0,16,184.2128,355.5207,2601.088353,1064.265709,734.3991673,467.6568839,122.2488875,4.645496032,0.419072549,0.687094506,2.409468638,1,241901.2169,1123751.143,132136.5395,0.117585233,12270.04004,0.05072335,0.855403089
3,2026,English Woods,31,15,0,16,184.2128,355.5207,496.1727924,239.8281623,148.874463,74.66348449,22.85155131,4.645496032,0.324528302,0.671950294,2.04,1,46144.06969,214362.0926,23058.78411,0.107569318,2028.312745,0.043956087,0.823475699
3,2026,Evanston,31,15,0,16,184.2128,355.5207,8404.596004,3388.064636,1664.030385,884.24248,395.266425,4.645496032,0.120803737,0.823865582,2.18067287,0.36,781627.4284,3631047.117,121259.4802,0.033395182,9580.96268,0.01225771,0.869518475
3,2026,Hartwell,31,15,0,16,184.2128,355.5207,5439,2426,1243,558,243,4.645496032,0.23577906,0.828310604,2.1,1,505827,2349817.321,169464.867,0.072118316,16660.8,0.032937744,0.933366663
3,2026,Hyde Park,31,15,0,16,184.2128,355.5207,13303,6483,2448,1036,436,4.645496032,0.016813204,0.933705872,2.031959221,0.65,1237179,5747310.135,32293.13025,0.005618825,19901.44,0.016086144,0.955410842
3,2026,Kennedy Heights,31,15,0,16,184.2128,355.5207,4649,2401,684,380,165,4.645496032,0.101624323,0.862823974,1.93,1,432357,2008512.728,72289.209,0.035991412,11336,0.026219074,0.925034459
3,2026,Linwood,31,15,0,16,184.2128,355.5207,708.0435701,334.5202007,116.1024558,64.9448112,12.88011619,4.645496032,0.043383948,0.955821905,2.11,1,65848.05202,305896.8644,4299.669411,0.014055945,1618.75849,0.02458324,0.99446109
3,2026,Lower Price Hill,31,15,0,16,184.2128,355.5207,943.6703187,306.2191235,283.4800797,132.6444223,68.21713147,4.645496032,0.571782178,0.492507462,2.42,1,87761.33964,407694.9551,51873.62166,0.127236359,4177.920319,0.047605476,0.667349297
3,2026,Madisonville,31,15,0,16,184.2128,355.5207,10748.04938,5684.800786,1490.818182,744.3058361,233.9118967,4.645496032,0.106730738,0.879739017,1.899867134,1,999568.5926,4643491.931,179758.0757,0.038711831,20346.92884,0.02035571,0.938806558
3,2026,Millvale,31,15,0,16,184.2128,355.5207,2757.182901,987.6138753,1198.5459,1093.079888,0,4.645496032,0.745995423,0.325037131,2.78,1,256418.0098,1191188.847,218276.5055,0.18324257,22736.06167,0.088667959,0.59694766
3,2026,Mt. Adams,31,15,0,16,184.2128,355.5207,1631,1016,90,58,15,4.645496032,0,0.949172871,1.61,0.13,151683,704642.7746,0,0,197.392,0.001301346,0.950474217
3,2026,Mt. Airy,31,15,0,16,184.2128,355.5207,9099.048036,4234.088213,2055.363973,1319.365456,150.7451446,4.645496032,0.287523462,0.793018953,2.132741899,1,846211.4673,3931072.014,360675.6623,0.09174995,30578.30049,0.036135531,0.920904434
3,2026,Mt. Auburn,31,15,0,16,184.2128,355.5207,5046,2650,705,474,109,4.645496032,0.103018868,0.812319082,1.783449688,1,469278,2180029.087,80880.95925,0.037100862,12126.4,0.025840547,0.875260491
3,2026,Mt. Lookout,31,15,0,16,184.2128,355.5207,5096.773699,2144.540533,1239.06179,682.353314,134.6287299,4.645496032,0.015041788,0.963530043,2.387742194,0.13,473999.9541,2201964.906,9556.907119,0.004340172,2209.119447,0.00466059,0.972530805
3,2026,Mt. Washington,31,15,0,16,184.2128,355.5207,11879.67519,5553.087735,2598.366801,1379.398705,642.950248,4.645496032,0.115661466,0.899558734,2.117269253,0.45,1104809.793,5132389.51,190286.0156,0.037075521,18929.1862,0.017133434,0.953767689
3,2026,North Avondale - Paddock Hills,31,15,0,16,184.2128,355.5207,4878.90271,1839.896803,824.6386379,457.2453092,82.44822794,4.645496032,0.066674624,0.913526859,2.27,1,453737.9521,2107837.856,36344.41504,0.01724251,11225.62557,0.024740328,0.955509696
3,2026,North Fairmount,31,15,0,16,184.2128,355.5207,1696.827208,820.1718377,509.125537,255.3365155,78.14844869,4.645496032,0.324528302,0.671950294,2.04,1,157804.9303,733082.1776,78857.14989,0.107569318,6936.487255,0.043956087,0.823475699
3,2026,Northside,31,15,0,16,184.2128,355.5207,8550,4378,1275,664,146,4.645496032,0.100502513,0.869083894,1.942498411,1,795150,3693866.17,130357.59,0.035290285,16848,0.021188455,0.925562634
3,2026,Oakley,31,15,0,16,184.2128,355.5207,11411.95062,6598.199214,1267.181818,540.6941639,72.08810325,4.645496032,0.015043046,0.950378973,1.708519196,1,1061311.407,4930317.932,29406.60276,0.005964444,12745.87116,0.012009549,0.968352966
3,2026,Over-the-Rhine,31,15,0,16,184.2128,355.5207,6291,3343,715,315,73,4.645496032,0.169608136,0.862845863,1.784465385,0.65,585063,2717907.845,167983.5307,0.061806191,5245.76,0.008966146,0.933618199
3,2026,Pendleton,31,15,0,16,184.2128,355.5207,1146,596,210,132,31,4.645496032,0.08557047,0.939468283,1.92,1,106578,495107.6761,15109.62975,0.030517866,3390.4,0.031811443,1.001797593
3,2026,Pleasant Ridge,31,15,0,16,184.2128,355.5207,7268.072573,3683.009425,1571.93968,901.1055608,227.2544769,4.645496032,0.117650837,0.888851142,1.953138402,1,675930.7493,3140033.614,128375.308,0.040883418,23469.88878,0.034722327,0.964456888
3,2026,Queensgate,31,15,0,16,184.2128,355.5207,301.3296813,97.78087649,90.51992032,42.35557769,21.78286853,4.645496032,0.571782178,0.492507462,2.42,1,28023.66036,130183.803,16564.11309,0.127236359,1334.079681,0.047605476,0.667349297
3,2026,Riverside,31,15,0,16,184.2128,355.5207,2268.610778,840.8323353,659.8922156,318.1556886,109.9520958,4.645496032,0.34436223,0.800878826,2.771670429,1,210980.8024,980110.4804,85784.44835,0.087525284,8904.641916,0.042205934,0.930610045
3,2026,Roselawn,31,15,0,16,184.2128,355.5207,7375,3604,1483,1030,148,4.645496032,0.249167592,0.702068702,1.98616494,1,685875,3186229.591,266047.9905,0.083499316,24502.4,0.035724294,0.821292311
3,2026,Sayler Park,31,15,0,16,184.2128,355.5207,2713,1183,739,439,160,4.645496032,0.22569738,0.85528158,2.297347551,1,252309,1172100.458,79103.35575,0.067488546,12459.2,0.04938072,0.972150846
3,2026,Sedamsville,31,15,0,16,184.2128,355.5207,715.3892216,196.1676647,256.1077844,77.84431138,56.04790419,4.645496032,0.359126984,0.727058344,3.5,1,66531.1976,309070.4145,20871.76165,0.067530765,2784.958084,0.041859431,0.83644854
3,2026,South Cumminsville,31,15,0,16,184.2128,355.5207,902.8170988,323.3861247,392.4540995,357.9201121,0,4.645496032,0.745995423,0.325037131,2.78,1,83961.99019,390045.0923,71472.86504,0.18324257,7444.738332,0.088667959,0.59694766
3,2026,South Fairmount,31,15,0,16,184.2128,355.5207,2319,960,667,259,102,4.645496032,0.2375,0.694682285,2.27,1,215667,1001880.193,67548.933,0.067422166,7508.8,0.034816639,0.79692109
3,2026,Spring Grove Village,31,15,0,16,184.2128,355.5207,1996,881,469,296,133,4.645496032,0.238365494,0.763784328,2.25,1,185628,862334.1374,62216.1225,0.072148509,8923.2,0.048070334,0.884003171
3,2026,Villages at Roll Hill,31,15,0,16,184.2128,355.5207,2196,895,1128,574,206,4.645496032,0.612290503,0.393838538,2.45,1,204228,948740.3636,162354.453,0.171126326,16224,0.079440625,0.64440549
3,2026,Walnut Hills,31,15,0,16,184.2128,355.5207,6176,3528,737,354,201,4.645496032,0.306405896,0.798455566,1.741359925,0.69,574368,2668224.265,320264.8973,0.120029227,7965.36,0.013868043,0.932352836
3,2026,West End,31,15,0,16,184.2128,355.5207,6929.284974,3429.00148,2061.355292,1159.994078,178,4.645496032,0.452993482,0.692157228,2.046430172,1,644423.5026,2993666.824,460196.4588,0.153723339,27830.27683,0.043186316,0.889066882
3,2026,West Price Hill,31,15,0,16,184.2128,355.5207,18669.39287,7441.500965,5187.970243,3128.862443,1039.131704,4.645496032,0.184977762,0.808127871,2.495004634,1,1736253.537,8065758.916,407815.4825,0.050561328,86694.27826,0.049931808,0.908621007
3,2026,Westwood,31,15,0,16,184.2128,355.5207,34095.91165,15214.73429,9589.600833,5082.343116,1146.751113,4.645496032,0.210256413,0.814775082,2.250008974,1,3170919.783,14730495.27,947757.5868,0.064339832,129565.16,0.040860434,0.919975349
3,2026,Winton Hills,31,15,0,16,184.2128,355.5207,4681,2540,1351,691,121,4.645496032,0.546850394,0.660870445,1.84,1,435333,2022337.724,411515.2103,0.20348491,16889.6,0.038796967,0.903152322
4,2019,Avondale,30,8,0,22,123.46,247.97,12570,5516,3724,1951,395,3.17,0.385605511,0.661131539,2.148326173,1,1131300,3586221,439526.825,0.122559883,67095.6,0.059308406,0.842999828
4,2019,Bond Hill,30,8,0,22,123.46,247.97,7174,3182,1642,974,210,3.17,0.166561911,0.861170719,2.209983273,1,645660,2046742.2,109520.0833,0.053509467,33862.4,0.052446179,0.967126364
4,2019,California,30,8,0,22,123.46,247.97,976,373,197,71,77,3.17,0,0.995655354,2.62,0.13,87840,278452.8,0,0,550.264,0.00626439,1.001919744
4,2019,Camp Washington,30,8,0,22,123.46,247.97,1396,446,230,90,47,3.17,0.311659193,0.850194744,2.36,1,125640,398278.8,28723.19167,0.072118304,3918.2,0.031185928,0.953498977
4,2019,Carthage,30,8,0,22,123.46,247.97,2940,1039,1017,569,245,3.17,0.26852743,0.798250225,2.82,1,264600,838782,57653.025,0.068734218,23280.4,0.087983371,0.954967814
4,2019,Clifton,30,8,0,22,123.46,247.97,8552,4156,1437,824,202,3.17,0.063282002,0.867285366,2.05898971,0.4,769680,2439885.6,54346.75833,0.022274306,11737.44,0.015249766,0.904809439
4,2019,College Hill,30,8,0,22,123.46,247.97,16403,7201,3858,2424,568,3.17,0.147896126,0.848234995,2.259642139,1,1476270,4679775.9,220073.375,0.047026477,85571.2,0.057964464,0.953225936
4,2019,Columbia Tusculum,30,8,0,22,123.46,247.97,1573,741.3396774,288.7216129,145.6293548,42.11580645,3.17,0,0.985060788,2.12,0.13,141570,448776.9,0,0,698.0365097,0.004930681,0.989991469
4,2019,Corryville,30,8,0,22,123.46,247.97,3984,1863,206,56,28,3.17,0.088030059,0.707081154,2.07188253,1,358560,1136635.2,33889.23333,0.0298154,2402.4,0.006700134,0.743596688
4,2019,CUF,30,8,0,22,123.46,247.97,16974,5547,607,271,122,3.17,0.07066883,0.757190222,2.238798162,1,1527660,4842682.2,81003.53333,0.016726998,11239.8,0.007357527,0.781274747
4,2019,Downtown,30,8,0,22,123.46,247.97,3857,2785.980015,161.0910437,42.35603257,9.401184308,3.17,0.105997329,0.894340912,1.355066114,1,347130,1100402.1,61022.61487,0.055454833,1480.256403,0.004264271,0.954060017
4,2019,East End,30,8,0,22,123.46,247.97,1601,747,314,157,70,3.17,0.096385542,0.906127111,2.13,1,144090,456765.3,14878.2,0.032572965,6492.2,0.045056562,0.983756638
4,2019,East Price Hill,30,8,0,22,123.46,247.97,13848,5640,3857,2225,513,3.17,0.322695035,0.787443661,2.411106297,1,1246320,3950834.4,376087.8333,0.095192001,78306.8,0.062830413,0.945466075
4,2019,East Walnut Hills,30,8,0,22,123.46,247.97,3905,2374.665167,354.968509,161.9228792,64.96015424,3.17,0.054825481,0.939804694,1.627011524,1,351450,1114096.5,26903.1248,0.02414793,6488.854756,0.018463095,0.98241572
4,2019,East Westwood,30,8,0,22,123.46,247.97,2503,1090.543121,808.9919768,456.4381182,169.6380157,3.17,0.33312742,0.744960522,2.271434279,1,225270,714105.9,75070.81308,0.105125603,17905.77743,0.07948585,0.929571975
4,2019,English Woods,30,8,0,22,123.46,247.97,474,204.5326969,158.8295943,87.10739857,25.11408115,3.17,0.369469027,0.633179512,2.26,1,42660,135232.2,15615.60005,0.115472499,3209.53432,0.075235216,0.823887227
4,2019,Evanston,30,8,0,22,123.46,247.97,8382,3597.707265,1822.861401,1000.732867,406.494777,3.17,0.188057913,0.833913829,2.158989501,0.36,754380,2391384.6,139809.0649,0.058463647,14488.81582,0.019206257,0.911583733
4,2019,Hartwell,30,8,0,22,123.46,247.97,5397,2651,829,241,190,3.17,0.105620521,0.916339072,1.98,1,485730,1539764.1,57859.66667,0.037576968,12326.6,0.025377473,0.979293513
4,2019,Hyde Park,30,8,0,22,123.46,247.97,13291,6703,2567,1591,218,3.17,0.016261376,0.954528694,1.971784666,0.65,1196190,3791922.3,22523.94167,0.00593998,33629.31,0.028113686,0.98858236
4,2019,Kennedy Heights,30,8,0,22,123.46,247.97,5057,2619,865,427,34,3.17,0.107674685,0.909102727,1.92,1,455130,1442762.1,58272.95,0.040389854,13184.6,0.028968866,0.978461446
4,2019,Linwood,30,8,0,22,123.46,247.97,687,268,202,127,39,3.17,0.28358209,0.750871946,2.56,1,61830,196001.1,15704.76667,0.080125911,4747.6,0.076784732,0.907782589
4,2019,Lower Price Hill,30,8,0,22,123.46,247.97,761,249.3715139,284.9960159,83.37649402,51.54183267,3.17,0.531914894,0.52970774,2.29,1,68490,217113.3,27409.8645,0.126246824,3858.664143,0.056339088,0.712293652
4,2019,Madisonville,30,8,0,22,123.46,247.97,10838,5173,2288,1160,273,3.17,0.108061086,0.874742712,2.131092452,1,975420,3092081.4,115512.6917,0.037357584,40983.8,0.042016567,0.954116863
4,2019,Millvale,30,8,0,22,123.46,247.97,2150,863.3146461,890.4344779,502.4702172,66.29292221,3.17,0.530541012,0.571131307,2.48,1,193500,613395,94646.80682,0.154299932,16266.62579,0.08406525,0.809496488
4,2019,Mt. Adams,30,8,0,22,123.46,247.97,1629,1030,92,46,26,3.17,0,0.971985466,1.58,0.13,146610,464753.7,0,0,267.696,0.001825905,0.973811371
4,2019,Mt. Airy,30,8,0,22,123.46,247.97,8950,3913.515048,2508.398814,1501.777465,430.7405486,3.17,0.277678133,0.769444247,2.274527374,1,805500,2553435,224556.9937,0.087943102,55270.01518,0.068615785,0.926003134
4,2019,Mt. Auburn,30,8,0,22,123.46,247.97,4641,2132,961,570,133,3.17,0.166041276,0.844227446,2.01,1,417690,1324077.3,73151.15,0.055246888,20105.8,0.048135699,0.947610033
4,2019,Mt. Lookout,30,8,0,22,123.46,247.97,4996,2118.660323,1233.278387,701.3706452,159.8841935,3.17,0,0.972236101,2.369967974,0.13,449640,1425358.8,0,0,3202.14549,0.007121576,0.979357677
4,2019,Mt. Washington,30,8,0,22,123.46,247.97,12297,5492.241856,3154.57833,1700.554633,391.2559107,3.17,0.160947887,0.892556094,2.225589981,0.45,1106730,3508334.1,182663.9437,0.052065721,26921.6017,0.024325356,0.968947171
4,2019,North Avondale - Paddock Hills,30,8,0,22,123.46,247.97,4236,1513.627567,606.17009,288.3442539,103.5450687,3.17,0.20760095,0.852837131,2,1,381240,1208530.8,64933.1186,0.053728973,11208.03463,0.029398895,0.935964998
4,2019,North Fairmount,30,8,0,22,123.46,247.97,1621,699.4673031,543.1704057,297.8926014,85.88591885,3.17,0.369469027,0.633179512,2.26,1,145890,462471.3,53402.71662,0.115472499,10976.06568,0.075235216,0.823887227
4,2019,Northside,30,8,0,22,123.46,247.97,7865,3918,1410,678,239,3.17,0.164369576,0.88677349,2.006624285,1,707850,2243884.5,133077.2333,0.059306632,26226.2,0.037050505,0.983130628
4,2019,Oakley,30,8,0,22,123.46,247.97,12034,6473,1256,478,247,3.17,0.052216901,0.941124033,1.834845438,1,1083060,3433300.2,69844.88333,0.020343366,20735,0.01914483,0.980612229
4,2019,Over-the-Rhine,30,8,0,22,123.46,247.97,5200,2498,1076,598,132,3.17,0.325060048,0.812888983,1.860265385,0.65,468000,1483560,167793.0333,0.113101616,13570.7,0.028997222,0.954987822
4,2019,Pendleton,30,8,0,22,123.46,247.97,1083,571,238,111,49,3.17,0.218914186,0.824800105,1.9,1,97470,308979.9,25830.20833,0.083598345,4576,0.046947779,0.955346229
4,2019,Pleasant Ridge,30,8,0,22,123.46,247.97,7182,3534.503299,1409.428841,690.7728558,255.6503299,3.17,0.085550603,0.945230719,2.006922863,1,646380,2049024.6,62484.07735,0.030494547,27067.70311,0.041875836,1.017601102
4,2019,Queensgate,30,8,0,22,123.46,247.97,243,79.62848606,91.00398406,26.62350598,16.45816733,3.17,0.531914894,0.52970774,2.29,1,21870,69327.9,8752.427166,0.126246824,1232.135857,0.056339088,0.712293652
4,2019,Riverside,30,8,0,22,123.46,247.97,1772,929.6467066,299.6766467,135.7784431,49.7005988,3.17,0.179142163,0.85078079,1.920112867,1,159480,505551.6,34413.88044,0.068071944,5304.700599,0.033262482,0.952115216
4,2019,Roselawn,30,8,0,22,123.46,247.97,7627,3442,2060,1154,384,3.17,0.29110982,0.733542471,2.123861282,1,686430,2175983.1,207054.95,0.095154668,43986.8,0.064080533,0.892777672
4,2019,Sayler Park,30,8,0,22,123.46,247.97,3001,1169,690,395,136,3.17,0.127459367,0.870307156,2.56,1,270090,856185.3,30789.60833,0.035961384,15186.6,0.056227924,0.962496465
4,2019,Sedamsville,30,8,0,22,123.46,247.97,520,218.3532934,118.3233533,64.22155689,25.2994012,3.17,0.386809269,0.783156815,2.26,1,46800,148356,17453.17789,0.117643896,2560.299401,0.054707252,0.955507964
4,2019,South Cumminsville,30,8,0,22,123.46,247.97,704,282.6853539,291.5655221,164.5297828,21.70707779,3.17,0.530541012,0.571131307,2.48,1,63360,200851.2,30991.32651,0.154299932,5326.374212,0.08406525,0.809496488
4,2019,South Fairmount,30,8,0,22,123.46,247.97,1981,855,453,211,131,3.17,0.392982456,0.704799795,2.09,1,178290,565179.3,69431.6,0.122848802,9781.2,0.054861181,0.882509778
4,2019,Spring Grove Village,30,8,0,22,123.46,247.97,2171,862,599,373,70,3.17,0.212296984,0.889740215,2.51,1,195390,619386.3,37815.425,0.061053054,12669.8,0.064843646,1.015636915
4,2019,Villages at Roll Hill,30,8,0,22,123.46,247.97,2348,847,1244,487,48,3.17,0.710743802,0.410982508,2.77,1,211320,669884.4,124398.2833,0.18570112,15301,0.072406776,0.669090405
4,2019,Walnut Hills,30,8,0,22,123.46,247.97,6368,3492,1070,513,163,3.17,0.452176403,0.7327332,1.799605842,0.69,573120,1816790.4,326287.1917,0.179595396,13340.184,0.023276424,0.93560502
4,2019,West End,30,8,0,22,123.46,247.97,6695,3532.019985,1595.908956,1087.643967,210.5988157,3.17,0.363444591,0.744639173,1.909876027,1,602550,1910083.5,265264.5768,0.138875906,37129.7436,0.061621017,0.945136095
4,2019,West Price Hill,30,8,0,22,123.46,247.97,18343,7664.524854,5121.964782,2655.326325,847.0986757,3.17,0.237111692,0.852876947,2.387708663,1,1650870,5233257.9,375539.9139,0.071760254,100169.355,0.060676707,0.985313908
4,2019,Westwood,30,8,0,22,123.46,247.97,32316,14259.45688,8629.008023,4229.561882,1379.361984,3.17,0.223270087,0.84579064,2.254729236,1,2908440,9219754.8,657887.1786,0.071356255,160415.2226,0.055155074,0.972301969
4,2019,Winton Hills,30,8,0,22,123.46,247.97,6008,2268,3018,1748,402,3.17,0.547619048,0.548176713,2.65,1,540720,1714082.4,256648.95,0.149729645,61490,0.113718745,0.811625104
4,2020,Avondale,30,8,0,22,254.05,510.74,12719,5968,3390,1896,515,3.33,0.358746649,0.698973421,1.999154336,1,1144710,3811884.3,911245.2833,0.239053762,68954.6,0.060237615,0.998264798
4,2020,Bond Hill,30,8,0,22,254.05,510.74,7276,3243,1799,1169,149,3.33,0.134443417,0.864866589,2.200033454,1,654840,2180617.2,185568.8667,0.08509924,37694.8,0.057563374,1.007529204
4,2020,California,30,8,0,22,254.05,510.74,930.8790896,329.3826458,241.5704125,113.1493599,52.40967283,3.33,0,0.971241403,2.8,0.13,83779.11807,278984.4632,0,0,615.5484836,0.007347278,0.978588681
4,2020,Camp Washington,30,8,0,22,254.05,510.74,1128,412,112,33,24,3.33,0.191747573,0.893005193,1.9,1,101520,338061.6,33623.71667,0.099460325,1630.2,0.01605792,1.008523438
4,2020,Carthage,30,8,0,22,254.05,510.74,3021,1040,911,537,286,3.33,0.225961538,0.806840928,2.9,1,271890,905393.7,100019.9167,0.110471187,23537.8,0.08657104,1.003883155
4,2020,Clifton,30,8,0,22,254.05,510.74,8476,4118,1379,751,212,3.33,0.050995629,0.875841693,2.075568288,0.4,762840,2540257.2,89379.5,0.035185217,11016.72,0.014441718,0.925468628
4,2020,College Hill,30,8,0,22,254.05,510.74,16199,7263,3660,2115,618,3.33,0.144292992,0.842489456,2.210749863,1,1457910,4854840.3,446046.2667,0.09187661,78163.8,0.053613598,0.987979663
4,2020,Columbia Tusculum,30,8,0,22,254.05,510.74,1533.955374,712.7721151,250.8824927,120.0414576,40.70609982,3.33,0.027389277,0.962334613,2.15,0.13,138055.9836,459726.4255,8309.02186,0.01807384,597.6594185,0.004329109,0.984737562
4,2020,Corryville,30,8,0,22,254.05,510.74,4310,1868,192,75,9,3.33,0.051391863,0.705229009,2.254939759,1,387900,1291707,40859.2,0.031631941,2402.4,0.006193349,0.743054299
4,2020,CUF,30,8,0,22,254.05,510.74,16792,5439,516,180,190,3.33,0.05846663,0.775875336,2.201993048,1,1511280,5032562.4,135346.1,0.026894073,10582,0.007002012,0.809771421
4,2020,Downtown,30,8,0,22,254.05,510.74,3914.909697,2723.126573,201.8201332,37.58771281,0,3.33,0.115489662,0.908709516,1.400396681,1,352341.8727,1173298.436,133853.4488,0.114083037,1075.008586,0.003051038,1.025843591
4,2020,East End,30,8,0,22,254.05,510.74,1462,703,201,94,47,3.33,0.086770982,0.935705267,2.06,1,131580,438161.4,25962.61667,0.059253546,4032.6,0.030647515,1.025606328
4,2020,East Price Hill,30,8,0,22,254.05,510.74,14788,6063,4110,2240,563,3.33,0.309252845,0.802082883,2.421629116,1,1330920,4431963.6,798031.25,0.180062681,80165.8,0.060233372,1.042378937
4,2020,East Walnut Hills,30,8,0,22,254.05,510.74,3730.882391,2345.219794,238.0109254,95.55205656,27.90938303,3.33,0.042030472,0.949114357,1.57315749,1,335779.4152,1118145.453,41953.33025,0.037520459,3530.997172,0.010515824,0.997150639
4,2020,East Westwood,30,8,0,22,254.05,510.74,2594.407483,1110.703775,825.609913,480.56864,143.2812563,3.33,0.331502393,0.719523199,2.316640032,1,233496.6734,777543.9225,156712.4648,0.201548054,17842.10704,0.076412682,0.997483936
4,2020,English Woods,30,8,0,22,254.05,510.74,452.0534606,217.202864,136.4305489,76.47350835,21.49403341,3.33,0.252083333,0.721772965,2.03,1,40684.81146,135480.4221,23303.88382,0.172009235,2801.871695,0.068867757,0.962649957
4,2020,Evanston,30,8,0,22,254.05,510.74,8305.282307,3343.437259,1505.62945,782.1793541,288.1667115,3.33,0.14225908,0.880456912,2.1611644,0.36,747475.4076,2489093.107,202437.8893,0.081329979,11020.28309,0.014743339,0.976530229
4,2020,Hartwell,30,8,0,22,254.05,510.74,5213,2384,1046,412,203,3.33,0.117449664,0.913793044,2.12,1,469170,1562336.1,119172.6667,0.076278508,17589,0.037489609,1.027561161
4,2020,Hyde Park,30,8,0,22,254.05,510.74,13423,6632,2497,1401,325,3.33,0.012665862,0.953415044,2.009787826,0.65,1208070,4022873.1,35751.8,0.008887131,32086.34,0.026560001,0.988862175
4,2020,Kennedy Heights,30,8,0,22,254.05,510.74,5020,2564,821,456,28,3.33,0.097113885,0.910703138,1.95,1,451800,1504494,105978.55,0.070441324,13842.4,0.030638336,1.011782798
4,2020,Linwood,30,8,0,22,254.05,510.74,669.9474518,311.2997095,109.5716926,52.42751518,17.77818854,3.33,0.027389277,0.962334613,2.15,1,60295.27066,200783.2513,3628.92436,0.01807384,2007.883126,0.033300839,1.013709293
4,2020,Lower Price Hill,30,8,0,22,254.05,510.74,858.0199203,279.690239,281.9641434,89.44023904,42.44621514,3.33,0.482384824,0.59529547,2.3,1,77221.79283,257148.5701,57423.48848,0.223308605,3771.95259,0.048845701,0.867449776
4,2020,Madisonville,30,8,0,22,254.05,510.74,10708.11111,5353.468575,1880.752525,960.5347924,350.6116723,3.33,0.083063405,0.887632225,2.036783539,1,963730,3209220.9,189262.0824,0.058974464,37498.78889,0.038910057,0.985516746
4,2020,Millvale,30,8,0,22,254.05,510.74,2172.59986,849.0014015,897.9677645,539.3833217,57.25297828,3.33,0.573203194,0.545278332,2.55,1,195533.9874,651128.178,207126.4851,0.318104011,17063.79818,0.087267684,0.950650027
4,2020,Mt. Adams,30,8,0,22,254.05,510.74,1617,975,115,69,28,3.33,0,0.968495181,1.66,0.13,145530,484614.9,0,0,360.646,0.002478156,0.970973336
4,2020,Mt. Airy,30,8,0,22,254.05,510.74,8806.992291,3766.476649,2421.760119,1321.154633,452.6658265,3.33,0.231938543,0.771281074,2.33455419,1,792629.3062,2639455.589,371814.9339,0.140868039,50731.26514,0.064003772,0.976152885
4,2020,Mt. Auburn,30,8,0,22,254.05,510.74,4632,2374,708,325,162,3.33,0.136478517,0.876137822,1.804115492,1,416880,1388210.4,137899.8,0.099336383,13928.2,0.033410574,1.008884779
4,2020,Mt. Lookout,30,8,0,22,254.05,510.74,4936.097175,2131.928175,1133.545815,635.5310272,151.5157116,3.33,0.00888933,0.969493974,2.316645316,0.13,444248.7457,1479348.323,8066.037114,0.005452426,2926.239775,0.00658694,0.981533339
4,2020,Mt. Washington,30,8,0,22,254.05,510.74,12196.83526,5429.929707,3033.712291,1576.369099,438.2196687,3.33,0.151879582,0.908039547,2.222381882,0.45,1097715.173,3655391.527,351004.1297,0.096023675,25927.75744,0.02361975,1.027682972
4,2020,North Avondale - Paddock Hills,30,8,0,22,254.05,510.74,4209.835302,1701.342946,614.3596247,356.2685893,47.92390549,3.33,0.193256155,0.872082623,2.078163362,1,378885.1772,1261687.64,139940.6304,0.110915433,11559.90535,0.030510313,1.013508368
4,2020,North Fairmount,30,8,0,22,254.05,510.74,1545.946539,742.797136,466.5694511,261.5264916,73.50596659,3.33,0.252083333,0.721772965,2.03,1,139135.1885,463320.1779,79695.34951,0.172009235,9581.928305,0.068867757,0.962649957
4,2020,Northside,30,8,0,22,254.05,510.74,7789,3910,1374,665,222,3.33,0.135805627,0.900782894,1.987628735,1,701010,2334363.3,226002.45,0.096815457,25368.2,0.036188071,1.033786422
4,2020,Oakley,30,8,0,22,254.05,510.74,11666.88889,6491.531425,1354.247475,449.4652076,337.3883277,3.33,0.035326436,0.95188309,1.773530829,1,1050020,3496566.6,97603.55089,0.027914112,22504.01111,0.021431983,1.001229185
4,2020,Over-the-Rhine,30,8,0,22,254.05,510.74,5407,2800,872,458,96,3.33,0.251071429,0.865757332,1.735303846,0.65,486630,1620477.9,299208.5167,0.184642146,10298.86,0.021163636,1.071563114
4,2020,Pendleton,30,8,0,22,254.05,510.74,980,476,218,92,44,3.33,0.149159664,0.880294889,2.06,1,88200,293706,30218.78333,0.102887865,3889.6,0.044099773,1.027282528
4,2020,Pleasant Ridge,30,8,0,22,254.05,510.74,7044.73327,3555.784166,1513.62394,880.9359095,225.2940622,3.33,0.11101451,0.916917317,1.939781398,1,634025.9943,2111306.561,168009.4714,0.079576067,31638.17719,0.049900442,1.046393825
4,2020,Queensgate,30,8,0,22,254.05,510.74,273.9800797,89.30976096,90.03585657,28.55976096,13.55378486,3.33,0.482384824,0.59529547,2.3,1,24658.20717,82111.82988,18336.27819,0.223308605,1204.44741,0.048845701,0.867449776
4,2020,Riverside,30,8,0,22,254.05,510.74,1794.736527,917.6646707,227.8023952,131.2814371,36.76047904,3.33,0.14330832,0.87063014,1.913544018,1,161526.2874,537882.5371,55972.41457,0.104060665,4805.998802,0.029753663,1.004444469
4,2020,Roselawn,30,8,0,22,254.05,510.74,8119,3692,1820,1000,359,3.33,0.263001083,0.731864272,2.113471876,1,730710,2433264.3,413273.7833,0.16984336,38867.4,0.05319128,0.954898911
4,2020,Sayler Park,30,8,0,22,254.05,510.74,2993,1193,668,393,164,3.33,0.158424141,0.874458463,2.510073309,1,269370,897002.1,80441.55,0.089678218,15930.2,0.059138731,1.023275412
4,2020,Sedamsville,30,8,0,22,254.05,510.74,568.2634731,262.3353293,101.1976048,60.71856287,20.23952096,3.33,0.207715134,0.865068649,2.07,1,51143.71257,170308.5629,23192.28543,0.136178035,2315.401198,0.045272451,1.046519134
4,2020,South Cumminsville,30,8,0,22,254.05,510.74,711.4001402,277.9985985,294.0322355,176.6166783,18.74702172,3.33,0.573203194,0.545278332,2.55,1,64026.01261,213206.622,67821.88162,0.318104011,5587.401822,0.087267684,0.950650027
4,2020,South Fairmount,30,8,0,22,254.05,510.74,1843,853,423,199,54,3.33,0.296600234,0.745799126,1.94,1,165870,552347.1,107681.0167,0.194951719,7235.8,0.043623319,0.984374164
4,2020,Spring Grove Village,30,8,0,22,254.05,510.74,2239,889,645,434,64,3.33,0.282339708,0.824591244,2.51,1,201510,671028.3,106829.7833,0.159203097,14242.8,0.070680363,1.054474704
4,2020,Villages at Roll Hill,30,8,0,22,254.05,510.74,2382,844,1266,581,40,3.33,0.699052133,0.414767959,2.82,1,214380,713885.4,251113.8333,0.351756505,17760.6,0.082846348,0.849370812
4,2020,Walnut Hills,30,8,0,22,254.05,510.74,6382,3777,808,386,125,3.33,0.36457506,0.800911924,1.688450063,0.69,574380,1912685.4,586074.15,0.306414296,10084.074,0.01755645,1.12488267
4,2020,West End,30,8,0,22,254.05,510.74,7714.090303,3427.873427,2694.179867,1503.412287,292,3.33,0.479453827,0.679860872,2.280349515,1,694268.1273,2311912.864,699503.9845,0.30256503,51348.79141,0.073961038,1.05638694
4,2020,West Price Hill,30,8,0,22,254.05,510.74,17977.5585,7434.568795,5158.830696,2798.855275,984.6436493,3.33,0.241029518,0.843703751,2.41101074,1,1617980.265,5387874.283,762684.0124,0.141555644,108208.0692,0.066878485,1.05213788
4,2020,Westwood,30,8,0,22,254.05,510.74,32214.59252,14285.29622,8935.390087,4066.43136,1436.718744,3.33,0.197181703,0.852091822,2.25775622,1,2899313.327,9654713.377,1198876.619,0.124175268,157390.093,0.0542853,1.03055239
4,2020,Winton Hills,30,8,0,22,254.05,510.74,6204,2646,2954,1360,331,3.33,0.555933485,0.611866919,2.34,1,558360,1859338.8,626082.1167,0.336722988,48362.6,0.086615445,1.035205352
4,2021,Avondale,30,8,0,22,228.9,453.04,13427,5961,3578,1817,782,3.67,0.336017447,0.678530718,2.129065235,1,1208430,4434938.1,756199.2667,0.170509543,74331.4,0.061510721,0.910550981
4,2021,Bond Hill,30,8,0,22,228.9,453.04,7640,3312,1924,1160,158,3.67,0.125,0.873251239,2.280066908,1,687600,2523492,156298.8,0.061937506,37694.8,0.054820826,0.990009571
4,2021,California,30,8,0,22,228.9,453.04,930.8790896,333.8947368,238.0995733,113.4964438,53.10384068,3.67,0,0.974532007,2.77,0.13,83779.11807,307469.3633,0,0,619.4198578,0.007393487,0.981925495
4,2021,Camp Washington,30,8,0,22,228.9,453.04,1190,461,124,39,34,3.67,0.21691974,0.894907014,1.87,1,107100,393057,37753.33333,0.09605053,2087.8,0.019493931,1.010451475
4,2021,Carthage,30,8,0,22,228.9,453.04,2889,1107,899,566,206,3.67,0.274616079,0.817363415,2.6,1,260010,954236.7,114770.1333,0.120274281,22079.2,0.084916734,1.02255443
4,2021,Clifton,30,8,0,22,228.9,453.04,8544,4182,1386,828,171,3.67,0.055475849,0.869871483,2.043306829,0.4,768960,2822083.2,87587.73333,0.031036552,11428.56,0.01486236,0.915770395
4,2021,College Hill,30,8,0,22,228.9,453.04,17085,7353,3947,2269,700,3.67,0.15871073,0.812452927,2.296748156,1,1537650,5643175.5,440581.4,0.078073312,84913.4,0.05522284,0.945749079
4,2021,Columbia Tusculum,30,8,0,22,228.9,453.04,1546.001056,742.6786374,243.4058622,126.2719831,30.32189068,3.67,0.035234899,0.96879115,2.08,0.13,139140.0951,510644.1489,9879.370425,0.019346879,582.2160227,0.004184387,0.992322416
4,2021,Corryville,30,8,0,22,228.9,453.04,4438,1936,161,85,5,3.67,0.048553719,0.710637046,2.253644578,1,399420,1465871.4,35488.13333,0.024209582,2574,0.006444344,0.741290972
4,2021,CUF,30,8,0,22,228.9,453.04,17351,5533,603,326,155,3.67,0.053677932,0.777781785,2.291218334,1,1561590,5731035.3,112127.4,0.019564947,13756.6,0.008809355,0.806156086
4,2021,Downtown,30,8,0,22,228.9,453.04,4608.323464,3019.737232,182.9837158,34.24870466,0,3.67,0.108420912,0.920791648,1.445595022,1,414749.1118,1522129.24,123605.4193,0.081205601,979.5129534,0.0023617,1.004358948
4,2021,East End,30,8,0,22,228.9,453.04,1497,707,222,117,41,3.67,0.111739745,0.96313056,2.09,1,134730,494459.1,29825.13333,0.060318707,4518.8,0.033539672,1.056988939
4,2021,East Price Hill,30,8,0,22,228.9,453.04,15139,6027,4271,2175,643,3.67,0.296996848,0.752217016,2.480657857,1,1362510,5000411.7,675784.6667,0.135145805,80594.8,0.059151713,0.946514534
4,2021,East Walnut Hills,30,8,0,22,228.9,453.04,3830.861183,2460.753213,256.2429306,125.5520566,25.67737789,3.67,0.026929441,0.946580765,1.542606914,1,344777.5064,1265333.449,25017.89173,0.019771778,4325.161825,0.012544791,0.978897334
4,2021,East Westwood,30,8,0,22,228.9,453.04,2454.68656,1098.389607,811.9877463,519.3576096,102.613651,3.67,0.373575999,0.726996982,2.224302837,1,220921.7904,810782.9708,154914.0058,0.191067168,17788.37805,0.080518893,0.998583043
4,2021,English Woods,30,8,0,22,228.9,453.04,488.2539379,230.778043,135.073031,67.19713604,23.30405728,3.67,0.221568627,0.728074357,2.07,1,43942.85442,161270.2757,19304.47771,0.11970264,2588.334129,0.058902276,0.906679273
4,2021,Evanston,30,8,0,22,228.9,453.04,8672.297261,3470.777016,1628.718848,822.756491,335.9758535,3.67,0.14073521,0.866051248,2.181702458,0.36,780506.7535,2864459.785,184410.1327,0.064378677,11930.30822,0.015285336,0.945715261
4,2021,Hartwell,30,8,0,22,228.9,453.04,5084,2421,960,407,270,3.67,0.090458488,0.922572537,2.03,1,457560,1679245.2,82679.8,0.049236288,19362.2,0.042316199,1.014125023
4,2021,Hyde Park,30,8,0,22,228.9,453.04,14090,6696,2678,1434,361,3.67,0.009109916,0.950683326,2.093173576,0.65,1268100,4653927,23029.53333,0.004948409,33369.05,0.02631421,0.981945945
4,2021,Kennedy Heights,30,8,0,22,228.9,453.04,5042,2478,890,418,40,3.67,0.086763519,0.863439283,2.02,1,453780,1665372.6,81169.66667,0.048739643,13098.8,0.02886597,0.941044897
4,2021,Linwood,30,8,0,22,228.9,453.04,675.2083443,324.3612358,106.3063111,55.14866649,13.24293636,3.67,0.035234899,0.96879115,2.08,1,60768.75099,223021.3161,4314.766359,0.019346879,1955.999842,0.032187593,1.020325622
4,2021,Lower Price Hill,30,8,0,22,228.9,453.04,857.2619522,274.3844622,282.7221116,110.6633466,18.94920319,3.67,0.497237569,0.566005899,2.41,1,77153.5757,283153.6228,51508.48207,0.181910023,3706.918924,0.048045977,0.795961899
4,2021,Madisonville,30,8,0,22,228.9,453.04,10328.1431,5116.823232,1645.746914,776.157688,339.3602694,3.67,0.089933637,0.863930384,2.048913084,1,929532.8788,3411385.665,173731.2216,0.050926878,31903.81358,0.034322415,0.949179677
4,2021,Millvale,30,8,0,22,228.9,453.04,2390.311843,890.4344779,964.2606868,522.8100911,59.51296426,3.67,0.611675127,0.483970406,2.67,1,215128.0659,789520.0018,205626.0301,0.260444358,16654.43938,0.077416395,0.82183116
4,2021,Mt. Adams,30,8,0,22,228.9,453.04,1611,940,134,89,31,3.67,0,0.947803977,1.71,0.13,144990,532113.3,0,0,446.16,0.003077178,0.950881155
4,2021,Mt. Airy,30,8,0,22,228.9,453.04,8782.733284,3929.412157,2344.556412,1316.05278,373.766642,3.67,0.226574217,0.744310778,2.229856983,1,790445.9956,2900936.804,336119.242,0.115865758,48328.83546,0.061141224,0.92131776
4,2021,Mt. Auburn,30,8,0,22,228.9,453.04,4811,2573,712,390,151,3.67,0.158958414,0.860787614,1.750066796,1,432990,1589073.3,154411.1333,0.097170554,15472.6,0.035734313,0.99369248
4,2021,Mt. Lookout,30,8,0,22,228.9,453.04,5051.790599,2169.960127,1191.287827,626.5793504,164.435173,3.67,0.011706647,0.969539695,2.336911529,0.13,454661.1539,1668606.435,9590.463216,0.005747589,2940.991998,0.006468536,0.981755819
4,2021,Mt. Washington,30,8,0,22,228.9,453.04,12483.0966,5465.23091,3053.730015,1620.465724,681.9047985,3.67,0.130170228,0.909940127,2.261685777,0.45,1123478.694,4123166.808,268581.1221,0.065139524,29631.50862,0.026374785,1.001454435
4,2021,North Avondale - Paddock Hills,30,8,0,22,228.9,453.04,4352.841557,1743.469771,617.038221,334.6914524,117.3467686,3.67,0.155593612,0.880778935,2.099291785,1,391755.7401,1437743.566,102414.5089,0.071232806,12928.29312,0.033000903,0.985012644
4,2021,North Fairmount,30,8,0,22,228.9,453.04,1669.746062,789.221957,461.926969,229.802864,79.69594272,3.67,0.221568627,0.728074357,2.07,1,150277.1456,551517.1243,66018.05562,0.11970264,8851.665871,0.058902276,0.906679273
4,2021,Northside,30,8,0,22,228.9,453.04,7965,4049,1390,654,270,3.67,0.097061003,0.896129559,1.963954228,1,716850,2630839.5,148370.6,0.056396675,26426.4,0.036864616,0.98939085
4,2021,Oakley,30,8,0,22,228.9,453.04,11310.8569,6355.176768,1271.253086,532.842312,163.6397306,3.67,0.033488522,0.946221026,1.75428702,1,1017977.121,3735976.035,80348.71175,0.021506752,19919.38642,0.019567617,0.987295395
4,2021,Over-the-Rhine,30,8,0,22,228.9,453.04,5712,2976,893,456,143,3.67,0.228158602,0.865310959,1.766196154,0.65,514080,1886673.6,256345.1333,0.135871479,11135.41,0.02166085,1.022843289
4,2021,Pendleton,30,8,0,22,228.9,453.04,1018,509,223,116,30,3.67,0.106090373,0.892919279,2,1,91620,336245.4,20386.8,0.060630718,4175.6,0.045575202,0.999125198
4,2021,Pleasant Ridge,30,8,0,22,228.9,453.04,7326.252592,3596.025448,1421.01131,749.3854854,189.8831291,3.67,0.111246761,0.906729328,2.000969089,1,659362.7333,2419861.231,151030.7689,0.062412988,26863.08238,0.040740978,1.009883294
4,2021,Queensgate,30,8,0,22,228.9,453.04,273.7380478,87.61553785,90.27788845,35.33665339,6.050796813,3.67,0.497237569,0.566005899,2.41,1,24636.4243,90415.67719,16447.51793,0.181910023,1183.681076,0.048045977,0.795961899
4,2021,Riverside,30,8,0,22,228.9,453.04,1612.790419,737.7125749,260.4850299,139.6047904,32.31736527,3.67,0.210060228,0.823390031,2.149051919,1,145151.1377,532704.6754,58504.10259,0.109824646,4916.973653,0.033874854,0.967089532
4,2021,Roselawn,30,8,0,22,228.9,453.04,7056,3035,1647,887,249,3.67,0.228336079,0.749102912,2.200778812,1,635040,2330596.8,261630.6,0.112259057,32489.6,0.051161502,0.912523471
4,2021,Sayler Park,30,8,0,22,228.9,453.04,3122,1287,721,462,133,3.67,0.172494172,0.836237043,2.427624125,1,280980,1031196.6,83812.4,0.081276839,17017,0.060563029,0.978076912
4,2021,Sedamsville,30,8,0,22,228.9,453.04,570.2095808,206.2874251,147.5149701,72.39520958,18.68263473,3.67,0.203773585,0.785877964,2.64,1,51318.86228,188340.2246,15869.96407,0.084262213,2604.826347,0.050757679,0.920897856
4,2021,South Cumminsville,30,8,0,22,228.9,453.04,782.688157,291.5655221,315.7393132,171.1899089,19.48703574,3.67,0.611675127,0.483970406,2.67,1,70441.93413,258521.8982,67330.56987,0.260444358,5453.360617,0.077416395,0.82183116
4,2021,South Fairmount,30,8,0,22,228.9,453.04,1948,879,467,238,64,3.67,0.360637088,0.72152678,2.02,1,175320,643424.4,119678.0667,0.186001754,8637.2,0.049265343,0.956793876
4,2021,Spring Grove Village,30,8,0,22,228.9,453.04,2167,885,569,353,63,3.67,0.246327684,0.829347783,2.44,1,195030,715760.1,82302.26667,0.114985826,11897.6,0.061003948,1.005337558
4,2021,Villages at Roll Hill,30,8,0,22,228.9,453.04,2556,861,1464,770,35,3.67,0.766550523,0.394923892,2.97,1,230040,844246.8,249172,0.295141184,23023,0.100082594,0.79014767
4,2021,Walnut Hills,30,8,0,22,228.9,453.04,6121,3661,769,356,74,3.67,0.356186834,0.781163163,1.662482726,0.69,550890,2021766.3,492303.4667,0.243501668,8485.62,0.015403474,1.040068306
4,2021,West End,30,8,0,22,228.9,453.04,8108.676536,3560.262768,2883.016284,1662.751295,282,3.67,0.4933898,0.676673033,2.308115011,1,729780.8882,2678295.86,663174.0473,0.247610452,55619.88705,0.076214502,1.000497986
4,2021,West Price Hill,30,8,0,22,228.9,453.04,19033.09943,7620.713062,5323.327424,2962.558573,1141.668963,3.67,0.227960123,0.832467257,2.488727035,1,1712978.949,6286632.742,655857.9628,0.104325796,117380.9075,0.068524431,1.005317484
4,2021,Westwood,30,8,0,22,228.9,453.04,33395.31344,14676.61039,9045.012254,4450.64239,1192.386349,3.67,0.209562557,0.822624938,2.291599517,1,3005578.21,11030472.03,1161167.194,0.105269039,161390.6219,0.05369703,0.981591007
4,2021,Winton Hills,30,8,0,22,228.9,453.04,6294,2662,3029,1366,361,3.67,0.51014275,0.569889451,2.36,1,566460,2078908.2,512690.2667,0.246615154,49392.2,0.087194506,0.903699112
4,2022,Avondale,30,9,0,21,235.15,465.29,12792,5700,3094,1540,797,4.1,0.34877193,0.690980596,2.096732697,1,1151280,4720248,770830.4333,0.163302952,63800.1,0.055416667,0.909700215
4,2022,Bond Hill,30,9,0,21,235.15,465.29,7287,3139,1780,1167,192,4.1,0.153552087,0.86942799,2.290075272,1,655830,2688903,186891.4833,0.069504732,37100.7,0.056570605,0.995503327
4,2022,California,30,9,0,21,235.15,465.29,929.4907539,341.8776671,256.1479374,125.2972973,57.61593172,4.1,0.023350254,0.969585022,2.71,0.13,83654.16785,342982.0882,3095.314699,0.009024712,649.1590498,0.007760032,0.986369766
4,2022,Camp Washington,30,9,0,21,235.15,465.29,1151,479,106,59,17,4.1,0.219206681,0.888968813,1.78,1,103590,424719,40712.875,0.095858379,2074.8,0.02002896,1.004856153
4,2022,Carthage,30,9,0,21,235.15,465.29,2759,1055,821,527,173,4.1,0.232227488,0.783555874,2.61,1,248310,1018071,94996.70833,0.093310494,19110,0.076960251,0.95382662
4,2022,Clifton,30,9,0,21,235.15,465.29,8311,4192,1066,556,124,4.1,0.070849237,0.872889824,1.977352666,0.4,747990,3066759,115159.275,0.037550807,7425.6,0.009927405,0.920368036
4,2022,College Hill,30,9,0,21,235.15,465.29,16578,7214,3674,1973,744,4.1,0.174383144,0.81169804,2.262897641,1,1492020,6117282,487779.0167,0.079737867,74174.1,0.049713878,0.941149785
4,2022,Columbia Tusculum,30,9,0,21,235.15,465.29,1527.30948,742.2632691,232.6062847,103.0113546,34.47557433,4.1,0.040850588,0.969597306,2.05,0.13,137457.8532,563577.198,11757.06043,0.020861491,487.9411109,0.003549751,0.994008547
4,2022,Corryville,30,9,0,21,235.15,465.29,4593,1944,313,99,2,4.1,0.036522634,0.654416473,2.308411145,1,413370,1694817,27529.65833,0.01624344,2757.3,0.006670295,0.677330209
4,2022,CUF,30,9,0,21,235.15,465.29,17703,5839,590,332,135,4.1,0.047097106,0.778482266,2.260336397,1,1593270,6532407,106628.9583,0.016323073,12749.1,0.008001845,0.802807185
4,2022,Downtown,30,9,0,21,235.15,465.29,5257.262028,3281.935603,263.9726129,50.43523316,0,4.1,0.057514217,0.93358807,1.474933886,1,473153.5825,1939929.688,73189.32487,0.037727823,1376.881865,0.00291001,0.974225904
4,2022,East End,30,9,0,21,235.15,465.29,1430,707,161,88,24,4.1,0.101838755,0.944726758,2,1,128700,527670,27917.4,0.05290693,3057.6,0.023757576,1.021391264
4,2022,East Price Hill,30,9,0,21,235.15,465.29,15908,6082,5021,2667,762,4.1,0.29118711,0.723129086,2.611281774,1,1431720,5870052,686690.4917,0.116982012,93611.7,0.065384083,0.905495181
4,2022,East Walnut Hills,30,9,0,21,235.15,465.29,4012.088046,2493.270566,399.2056555,215.1201799,60.33868895,4.1,0.035380584,0.913265016,1.603667093,1,361087.9242,1480460.489,34203.99818,0.023103621,7520.027121,0.020826028,0.957194665
4,2022,East Westwood,30,9,0,21,235.15,465.29,2434.307438,1059.651077,735.5904287,462.9622519,116.2436471,4.1,0.373495044,0.696477431,2.276188574,1,219087.6694,898259.4445,153458.2352,0.170839545,15812.32104,0.072173487,0.939490463
4,2022,English Woods,30,9,0,21,235.15,465.29,489.8377088,235.3031026,125.1178998,51.58568019,21.94653938,4.1,0.273076923,0.710655115,2.05,1,44085.39379,180750.1146,24914.66931,0.137840407,2007.429594,0.045535027,0.894030549
4,2022,Evanston,30,9,0,21,235.15,465.29,8354.011328,3434.786071,1417.954873,731.6112308,313.4879268,4.1,0.112565559,0.869583815,2.133520639,0.36,751861.0195,3082630.18,149915.9002,0.048632464,10271.23452,0.013661081,0.93187736
4,2022,Hartwell,30,9,0,21,235.15,465.29,5237,2448,965,379,237,4.1,0.100081699,0.917389358,2.04,1,471330,1932453,94996.70833,0.049158613,16816.8,0.03567946,1.002227431
4,2022,Hyde Park,30,9,0,21,235.15,465.29,13530,6580,2465,1297,355,4.1,0.013981763,0.94137498,2.039088857,0.65,1217700,4992570,35672.23333,0.007145064,29314.74,0.024073861,0.972593905
4,2022,Kennedy Heights,30,9,0,21,235.15,465.29,4714,2372,795,352,69,4.1,0.1306914,0.828223603,1.98,1,424260,1739466,120199.9167,0.069101619,11493.3,0.027090228,0.924415449
4,2022,Linwood,30,9,0,21,235.15,465.29,667.0448904,324.1798257,101.5896488,44.98970161,15.05703723,4.1,0.040850588,0.969597306,2.05,1,60034.04014,246139.5646,5134.838216,0.020861491,1639.27597,0.027305775,1.017764571
4,2022,Lower Price Hill,30,9,0,21,235.15,465.29,877.7270916,288.0278884,288.0278884,91.71414343,47.75199203,4.1,0.621052632,0.517487295,2.37,1,78995.43825,323881.2968,69359.41471,0.214150726,3807.425498,0.048198043,0.779836063
4,2022,Madisonville,30,9,0,21,235.15,465.29,10685.46577,5292.751964,1716.369809,732.0976431,342.6060606,4.1,0.099709447,0.845874785,2.041209633,1,961691.9192,3942936.869,204625.7689,0.051896791,29339.41111,0.030508119,0.928279694
4,2022,Millvale,30,9,0,21,235.15,465.29,2341.34548,890.4344779,1023.773651,662.1758935,74.57953749,4.1,0.602368866,0.476951667,2.62,1,210721.0932,863956.4821,207973.0005,0.240721616,20113.42327,0.09545045,0.813123733
4,2022,Mt. Adams,30,9,0,21,235.15,465.29,1643,977,114,80,16,4.1,0,0.941869806,1.68,0.13,147870,606267,0,0,340.704,0.002304078,0.944173883
4,2022,Mt. Airy,30,9,0,21,235.15,465.29,8913.806968,3893.991994,2475.059451,1374.247739,386.149444,4.1,0.250267048,0.711869148,2.277665922,1,802242.6271,3289194.771,377868.9418,0.114881899,48058.8431,0.059905621,0.886656669
4,2022,Mt. Auburn,30,9,0,21,235.15,465.29,4705,2583,603,416,113,4.1,0.14324429,0.838284446,1.705475113,1,423450,1736145,143464.4167,0.082633891,14441.7,0.034104853,0.95502319
4,2022,Mt. Lookout,30,9,0,21,235.15,465.29,5009.64563,2186.556905,1170.804067,611.9989438,164.4673884,4.1,0.013461883,0.972702418,2.299967974,0.13,450868.1067,1848559.237,11413.24302,0.006174129,2755.679013,0.00611194,0.984988487
4,2022,Mt. Washington,30,9,0,21,235.15,465.29,12436.34362,5527.69696,3001.501673,1566.027132,764.2803732,4.1,0.114884969,0.901115514,2.223608197,0.45,1119270.926,4589010.796,246235.0718,0.053657549,28627.82771,0.02557721,0.980350273
4,2022,North Avondale - Paddock Hills,30,9,0,21,235.15,465.29,4240.900625,1687.943363,666.8394719,393.2685893,104.1733843,4.1,0.179003648,0.874775752,2.117322946,1,381681.0563,1564892.331,117155.3766,0.074864816,13580.16588,0.035579879,0.985220447
4,2022,North Fairmount,30,9,0,21,235.15,465.29,1675.162291,804.6968974,427.8821002,176.4143198,75.05346062,4.1,0.273076923,0.710655115,2.05,1,150764.6062,618134.8854,85203.96403,0.137840407,6865.070406,0.045535027,0.894030549
4,2022,Northside,30,9,0,21,235.15,465.29,8200,4053,1354,559,240,4.1,0.098198865,0.899673792,2.025715194,1,738000,3025800,154321.1833,0.051001779,21812.7,0.029556504,0.980232075
4,2022,Oakley,30,9,0,21,235.15,465.29,11265.53423,6513.248036,1219.630191,484.9023569,118.3939394,4.1,0.019999642,0.943024935,1.708637195,1,1013898.081,4156982.131,50508.24781,0.01215022,16469.98889,0.016244225,0.971419381
4,2022,Over-the-Rhine,30,9,0,21,235.15,465.29,5657,3047,795,406,143,4.1,0.208729898,0.875445421,1.708942308,0.65,509130,2087433,246603.7,0.118137301,9742.005,0.019134612,1.012717334
4,2022,Pendleton,30,9,0,21,235.15,465.29,1134,550,251,145,40,4.1,0.125454545,0.900215501,2.06,1,102060,418446,26754.175,0.063936984,5050.5,0.049485597,1.013638082
4,2022,Pleasant Ridge,30,9,0,21,235.15,465.29,7184.554194,3642.132893,1438.686145,853.2770971,149.8831291,4.1,0.135636621,0.887994463,1.938428014,1,646609.8775,2651100.498,191546.9415,0.07225186,27386.27418,0.042353628,1.002599951
4,2022,Queensgate,30,9,0,21,235.15,465.29,280.2729084,91.97211155,91.97211155,29.28585657,15.24800797,4.1,0.621052632,0.517487295,2.37,1,25224.56175,103420.7032,22147.61863,0.214150726,1215.774502,0.048198043,0.779836063
4,2022,Riverside,30,9,0,21,235.15,465.29,2008.023952,826.0538922,418.1976048,213.6107784,33.59281437,4.1,0.19557669,0.824574948,2.420248307,1,180722.1557,740960.8383,62642.33633,0.084542034,6748.658084,0.037342727,0.946459709
4,2022,Roselawn,30,9,0,21,235.15,465.29,7692,3558,1970,1287,248,4.1,0.24480045,0.708884333,2.11616494,1,692280,2838348,337722.9917,0.118985759,41905.5,0.060532588,0.88840268
4,2022,Sayler Park,30,9,0,21,235.15,465.29,2902,1186,710,402,133,4.1,0.15851602,0.861450757,2.442799067,1,261180,1070838,72895.43333,0.06807326,14605.5,0.055921204,0.98544522
4,2022,Sedamsville,30,9,0,21,235.15,465.29,556.9760479,196.9461078,158.8023952,65.38922156,21.40718563,4.1,0.322134387,0.747090832,2.69,1,50127.84431,205524.1617,24599.53867,0.119691712,2369.541916,0.047269974,0.914052518
4,2022,South Cumminsville,30,9,0,21,235.15,465.29,766.65452,291.5655221,335.226349,216.8241065,24.42046251,4.1,0.602368866,0.476951667,2.62,1,68998.9068,282895.5179,68099.0662,0.240721616,6585.976734,0.09545045,0.813123733
4,2022,South Fairmount,30,9,0,21,235.15,465.29,1926,888,474,242,77,4.1,0.30518018,0.712572081,1.98,1,173340,710694,105077.9917,0.147852651,8708.7,0.050240568,0.9106653
4,2022,Spring Grove Village,30,9,0,21,235.15,465.29,2220,922,515,362,65,4.1,0.245119306,0.782147981,2.4,1,199800,819180,87629.61667,0.106972359,11657.1,0.058343844,0.947464184
4,2022,Villages at Roll Hill,30,9,0,21,235.15,465.29,2503,864,1444,819,77,4.1,0.706018519,0.369700104,2.9,1,225270,923607,236522.4167,0.256085561,24460.8,0.108584365,0.734370031
4,2022,Walnut Hills,30,9,0,21,235.15,465.29,6431,3677,860,364,186,4.1,0.342398695,0.782790116,1.751691269,0.69,578790,2373039,488166.7583,0.205713753,10360.35,0.017900016,1.006403884
4,2022,West End,30,9,0,21,235.15,465.29,7764.737972,3603.064397,2293.027387,1263.564767,234,4.1,0.464949237,0.690893072,2.177132188,1,698826.4175,2865188.312,649561.1418,0.22670801,40883.51813,0.058503109,0.976104191
4,2022,West Price Hill,30,9,0,21,235.15,465.29,18961.63553,7517.694487,5411.251034,3232.174391,1144.64663,4.1,0.196647414,0.81024671,2.514935943,1,1706547.198,6996843.51,573212.1455,0.081924391,119487.2139,0.070016941,0.962188042
4,2022,Westwood,30,9,0,21,235.15,465.29,32780.69256,14571.34892,8579.409571,3879.037748,1322.756353,4.1,0.218389223,0.819417792,2.263472583,1,2950262.331,12096075.56,1233881.448,0.102006758,142008.979,0.048134357,0.969558906
4,2022,Winton Hills,30,9,0,21,235.15,465.29,6741,2746,3304,1617,595,4.1,0.494901675,0.542016339,2.45,1,606690,2487429,526940.925,0.211841594,60387.6,0.099536172,0.853394105
4,2023,Avondale,30,10,0,20,158.2,306.45,12825,5866,3070,1560,841,4.2845,0.423968633,0.688056323,2.051463803,1,1154250,4945384.125,635117.625,0.128426348,62426,0.054083604,0.870566275
4,2023,Bond Hill,30,10,0,20,158.2,306.45,6723,3165,1495,1154,129,4.2845,0.165876777,0.861707486,2.105112908,1,605070,2592422.415,134071.875,0.051716832,33358,0.055130811,0.968555129
4,2023,California,30,10,0,20,158.2,306.45,954.8278805,335.9772404,260.6600284,135.3627312,45.46799431,4.2845,0.026859504,0.983597254,2.83,0.13,85934.50925,368186.4049,2304.550498,0.006259195,611.2078521,0.007112484,0.996968933
4,2023,Camp Washington,30,10,0,20,158.2,306.45,1128,520,109,67,18,4.2845,0.309615385,0.86960362,1.61,1,101520,434962.44,41115.375,0.094526265,2210,0.02176911,0.985898994
4,2023,Carthage,30,10,0,20,158.2,306.45,2962,1094,905,576,145,4.2845,0.174588665,0.808487356,2.7,1,266580,1142162.01,48776.625,0.042705522,18746,0.070320354,0.921513232
4,2023,Clifton,30,10,0,20,158.2,306.45,8012,4101,1091,543,155,4.2845,0.058522312,0.895678177,1.940058466,0.4,721080,3089467.26,61290,0.019838372,7259.2,0.010067122,0.92558367
4,2023,College Hill,30,10,0,20,158.2,306.45,16324,7124,3721,2033,828,4.2845,0.20620438,0.813060802,2.238321039,1,1469160,6294616.02,375145.875,0.059597897,74386,0.050631653,0.923290352
4,2023,Columbia Tusculum,30,10,0,20,158.2,306.45,1597.922102,755.1396884,284.111962,159.086084,25.33747029,4.2845,0.048954895,0.980076407,2.11,0.13,143812.9892,616166.7521,9440.647973,0.01532158,623.3516134,0.00433446,0.999732447
4,2023,Corryville,30,10,0,20,158.2,306.45,4442,1987,267,78,1,4.2845,0.023653749,0.686047929,2.159706325,1,399780,1712857.41,12002.625,0.00700737,2054,0.005137826,0.698193124
4,2023,CUF,30,10,0,20,158.2,306.45,17903,6110,478,165,120,4.2845,0.052373159,0.77211139,2.154798515,1,1611270,6903486.315,81720,0.011837497,7410,0.004598857,0.788547744
4,2023,Downtown,30,10,0,20,158.2,306.45,5501.109548,3389.128053,229.8482605,28.20355292,0,4.2845,0.072973797,0.934914516,1.449603319,1,495099.8594,2121255.347,63158.71743,0.029774217,733.292376,0.0014811,0.966169833
4,2023,East End,30,10,0,20,158.2,306.45,1306,681,172,111,38,4.2845,0.114537445,0.955370044,1.9,1,117540,503600.13,19919.25,0.039553703,3874,0.032958993,1.02788274
4,2023,East Price Hill,30,10,0,20,158.2,306.45,15955,6112,5263,2574,882,4.2845,0.296138743,0.73184202,2.599238879,1,1435950,6152327.775,462228.75,0.075130709,89856,0.062575995,0.869548724
4,2023,East Walnut Hills,30,10,0,20,158.2,306.45,3876.895887,2470.430591,361.3496144,200.8348329,39.33868895,4.2845,0.03423318,0.915068833,1.552788732,1,348920.6298,1494950.438,21597.241,0.014446794,6244.511568,0.017896653,0.947412281
4,2023,East Westwood,30,10,0,20,158.2,306.45,2446.440728,1082.362735,662.7084265,423.8682901,112.1505178,4.2845,0.403008497,0.730271131,2.233280064,1,220179.6656,943359.7771,111394.9272,0.118083185,13936.48901,0.063295986,0.911650302
4,2023,English Woods,30,10,0,20,158.2,306.45,494.8152745,231.9093079,114.9365155,56.78949881,23.98281623,4.2845,0.24195122,0.715299412,2.1,1,44533.3747,190803.2439,14329.28019,0.075099772,2100.080191,0.047157446,0.83755663
4,2023,Evanston,30,10,0,20,158.2,306.45,8421.154843,3511.949534,1469.161852,755.5963693,308.2870928,4.2845,0.090933908,0.854076328,2.101616559,0.36,757903.9359,3247239.413,81555.35876,0.02511529,9957.949206,0.013138801,0.892330419
4,2023,Hartwell,30,10,0,20,158.2,306.45,5403,2462,852,527,174,4.2845,0.097887896,0.924583721,2.07,1,486270,2083423.815,61545.375,0.029540497,18226,0.037481235,0.991605453
4,2023,Hyde Park,30,10,0,20,158.2,306.45,13559,6539,2522,1119,401,4.2845,0.011010858,0.940017258,2.057848168,0.65,1220310,5228418.195,18387,0.003516742,25688,0.021050389,0.964584389
4,2023,Kennedy Heights,30,10,0,20,158.2,306.45,4275,2222,492,333,67,4.2845,0.143564356,0.848252783,1.91,1,384750,1648461.375,81464.625,0.049418583,10400,0.027030539,0.924701906
4,2023,Linwood,30,10,0,20,158.2,306.45,697.8846052,329.8035384,124.0844996,69.48006337,11.06601532,4.2845,0.048954895,0.980076407,2.11,1,62809.61447,269107.7932,4123.156489,0.01532158,2094.198046,0.033341998,1.028739985
4,2023,Lower Price Hill,30,10,0,20,158.2,306.45,876.9691235,298.6394422,294.0916335,80.34462151,68.21713147,4.2845,0.631979695,0.466354618,2.32,1,78927.22112,338163.6789,48197.96153,0.142528499,3862.605578,0.048938826,0.657821944
4,2023,Madisonville,30,10,0,20,158.2,306.45,10561.56341,5445.440516,1620.369809,794.7861953,232.8462402,4.2845,0.096409902,0.87532009,1.957708987,1,950540.7071,4072591.659,134070.4419,0.032920178,26718.44332,0.028108679,0.936348947
4,2023,Millvale,30,10,0,20,158.2,306.45,2408.391731,825.648213,1009.460406,614.7161878,61.01962158,4.2845,0.515510949,0.498484702,2.9,1,216755.2558,928687.8934,108695.4384,0.117041946,17569.13104,0.081055156,0.696581804
4,2023,Mt. Adams,30,10,0,20,158.2,306.45,1592,984,97,65,11,4.2845,0,0.934637005,1.62,0.13,143280,613883.16,0,0,256.88,0.001792853,0.936429858
4,2023,Mt. Airy,30,10,0,20,158.2,306.45,8855.104818,4117.800593,2459.034396,1515.051742,311.7610082,4.2845,0.246881058,0.716394854,2.140346369,1,796959.4337,3414572.693,259616.0045,0.07603177,47497.1315,0.059597929,0.852024552
4,2023,Mt. Auburn,30,10,0,20,158.2,306.45,5192,2640,771,558,145,4.2845,0.15719697,0.793266802,1.851103211,1,467280,2002061.16,105980.625,0.052935758,18278,0.039115734,0.885318293
4,2023,Mt. Lookout,30,10,0,20,158.2,306.45,5018.193293,2134.056773,1254.803538,660.4338527,168.5965144,4.2845,0.016816196,0.97521814,2.359967974,0.13,451637.3964,1935040.425,9164.570537,0.004736113,2802.122641,0.006204364,0.986158617
4,2023,Mt. Washington,30,10,0,20,158.2,306.45,11815.2445,5463.880907,2649.821269,1560.902515,620.874501,4.2845,0.13778012,0.908509681,2.133691957,0.45,1063372.005,4556017.355,192249.9177,0.042196924,25526.79109,0.024005514,0.974712118
4,2023,North Avondale - Paddock Hills,30,10,0,20,158.2,306.45,4209.94927,1687.619875,609.4885337,370.5687978,55.37421821,4.2845,0.135145368,0.902230071,2.084645892,1,378895.4343,1623377.488,58244.40023,0.035878531,11074.51842,0.029228429,0.967337032
4,2023,North Fairmount,30,10,0,20,158.2,306.45,1692.184726,793.0906921,393.0634845,194.2105012,82.01718377,4.2845,0.24195122,0.715299412,2.1,1,152296.6253,652514.8911,49003.71981,0.075099772,7181.919809,0.047157446,0.83755663
4,2023,Northside,30,10,0,20,158.2,306.45,8407,4175,1198,548,192,4.2845,0.123113772,0.879595765,2.010178004,1,756630,3241781.235,131262.75,0.040490934,19240,0.025428545,0.945515244
4,2023,Oakley,30,10,0,20,158.2,306.45,11405.43659,6478.559484,1361.630191,602.2138047,115.1537598,4.2845,0.016825594,0.946980836,1.739411667,1,1026489.293,4397993.376,27837.30808,0.006329548,18651.55668,0.01817024,0.971480623
4,2023,Over-the-Rhine,30,10,0,20,158.2,306.45,6180,3155,840,328,149,4.2845,0.203486529,0.849835918,1.818869231,0.65,556200,2383038.9,163950.75,0.068799024,8061.3,0.014493528,0.93312847
4,2023,Pendleton,30,10,0,20,158.2,306.45,1163,558,238,154,36,4.2845,0.082437276,0.89748322,2.08,1,104670,448458.615,11747.25,0.026194725,4940,0.047195949,0.970873894
4,2023,Pleasant Ridge,30,10,0,20,158.2,306.45,7308.599434,3688.551367,1534.065033,828.6644675,150.332705,4.2845,0.131432997,0.883372961,1.952439432,1,657773.9491,2818232.485,123805.1261,0.043930061,25453.92648,0.038697073,0.966000096
4,2023,Queensgate,30,10,0,20,158.2,306.45,280.0308765,95.36055777,93.90836653,25.65537849,21.78286853,4.2845,0.631979695,0.466354618,2.32,1,25202.77888,107981.3061,15390.41347,0.142528499,1233.394422,0.048938826,0.657821944
4,2023,Riverside,30,10,0,20,158.2,306.45,2088.550898,829.5508982,512.3952096,212.3473054,86.07784431,4.2845,0.216450716,0.830840211,2.513273138,1,187969.5808,805355.6691,45854.33982,0.056936757,7759.053892,0.041278242,0.92905521
4,2023,Roselawn,30,10,0,20,158.2,306.45,7449,3583,1509,1121,162,4.2845,0.234161317,0.728904,2.031551069,1,670410,2872371.645,214259.625,0.074593281,33358,0.049757611,0.853254892
4,2023,Sayler Park,30,10,0,20,158.2,306.45,2745,1184,682,423,106,4.2845,0.199324324,0.857092042,2.314898367,1,247050,1058485.725,60268.5,0.056938415,13754,0.055672941,0.969703398
4,2023,Sedamsville,30,10,0,20,158.2,306.45,590.4491018,200.4491018,187.6047904,48.65269461,38.92215569,4.2845,0.316504854,0.750546837,2.81,1,53140.41916,227680.1259,16201.78518,0.071160296,2276.946108,0.042847726,0.864554859
4,2023,South Cumminsville,30,10,0,20,158.2,306.45,788.6082691,270.351787,330.5395936,201.2838122,19.98037842,4.2845,0.515510949,0.498484702,2.9,1,70974.74422,304091.2916,35591.43658,0.117041946,5752.868956,0.081055156,0.696581804
4,2023,South Fairmount,30,10,0,20,158.2,306.45,1960,852,478,231,108,4.2845,0.253521127,0.718636272,2.13,1,176400,755785.8,55161,0.072984965,8814,0.049965986,0.841587223
4,2023,Spring Grove Village,30,10,0,20,158.2,306.45,2163,927,549,327,132,4.2845,0.252427184,0.77983631,2.32,1,194670,834063.615,59757.75,0.071646513,11934,0.061303745,0.912786568
4,2023,Villages at Roll Hill,30,10,0,20,158.2,306.45,2262,901,1261,630,135,4.2845,0.612652608,0.359694036,2.51,1,203580,872238.51,140967,0.161615199,19890,0.097701149,0.619010384
4,2023,Walnut Hills,30,10,0,20,158.2,306.45,6259,3678,829,359,193,4.2845,0.347471452,0.790895394,1.714202261,0.69,563310,2413501.695,326369.25,0.135226443,9902.88,0.017579805,0.943701643
4,2023,West End,30,10,0,20,158.2,306.45,7764.890452,3592.871947,2249.151739,1322.796447,198,4.2845,0.433269674,0.699608129,2.182286781,1,698840.1406,2994180.583,397537.7826,0.132770142,39540.70762,0.056580476,0.888958748
4,2023,West Price Hill,30,10,0,20,158.2,306.45,18811.14342,7650.011933,5370.627021,3261.091031,1051.858812,4.2845,0.201424858,0.815275332,2.450516273,1,1693002.908,7253670.958,393507.9936,0.054249496,112136.6959,0.066235383,0.935760211
4,2023,Westwood,30,10,0,20,158.2,306.45,34059.55927,15074.63727,9471.291574,4788.13171,1273.849482,4.2845,0.213391444,0.823986694,2.266125449,1,3065360.334,13133536.35,821489.9478,0.062549029,157611.511,0.05141696,0.937952683
4,2023,Winton Hills,30,10,0,20,158.2,306.45,5401,2699,2102,1050,281,4.2845,0.519081141,0.64571331,2,1,486090,2082652.605,357780.375,0.171790713,34606,0.071192578,0.8886966
4,2024,Avondale,30,8,0,22,188.24,365.91,12501,5950,3040,1641,623,4.395897,0.398991597,0.690806134,1.963373111,1,1125090,4945779.756,723891.95,0.146365586,64750.4,0.057551307,0.894723027
4,2024,Bond Hill,30,8,0,22,188.24,365.91,6399,3191,1417,905,151,4.395897,0.162331558,0.850134085,1.980091999,1,575910,2531641.041,157951.15,0.062390816,30201.6,0.052441527,0.964966428
4,2024,California,30,8,0,22,188.24,365.91,928.7965861,340.1422475,242.2645804,132.5860597,50.6742532,4.395897,0.02755102,0.976559214,2.72,0.13,83591.69275,367460.4714,2857.533286,0.007776437,681.3618435,0.008151071,0.992486723
4,2024,Camp Washington,30,8,0,22,188.24,365.91,1143,548,90,45,12,4.395897,0.313868613,0.876434088,1.55,1,102870,452205.9244,52447.1,0.115980568,1630.2,0.015847186,1.008261842
4,2024,Carthage,30,8,0,22,188.24,365.91,3183,979,1107,542,137,4.395897,0.269662921,0.733606197,3.25,1,286470,1259292.614,80500.2,0.063924936,19419.4,0.067788599,0.865319732
4,2024,Clifton,30,8,0,22,188.24,365.91,8028,4079,1068,501,166,4.395897,0.076244177,0.885250904,1.945491113,0.4,722520,3176123.5,94831.675,0.029857679,7630.48,0.010560926,0.925669508
4,2024,College Hill,30,8,0,22,188.24,365.91,15930,7147,3555,1788,776,4.395897,0.226108857,0.804704983,2.172954947,1,1433700,6302397.529,492758.8,0.078185928,73330.4,0.05114766,0.934038571
4,2024,Columbia Tusculum,30,8,0,22,188.24,365.91,1621.18273,765.9392659,265.8357539,148.7018748,29.49115395,4.395897,0.043383948,0.95904074,2.11,0.13,145906.4457,641389.7071,10132.49591,0.015797721,662.521681,0.004540729,0.979379191
4,2024,Corryville,30,8,0,22,188.24,365.91,4277,1968,256,101,1,4.395897,0.018800813,0.67161011,2.086822289,1,384930,1692112.632,11282.225,0.006667538,2917.2,0.007578521,0.685856168
4,2024,CUF,30,8,0,22,188.24,365.91,18282,6192,456,180,92,4.395897,0.066860465,0.782651708,2.153319783,1,1645380,7232921.006,126238.95,0.017453384,7779.2,0.004727905,0.804832997
4,2024,Downtown,30,8,0,22,188.24,365.91,6070.715026,3633.99852,282.6447076,85.00592154,0,4.395897,0.063479574,0.918821977,1.484669432,1,546364.3523,2401761.417,70341.52544,0.029287474,2431.169356,0.004449722,0.952559173
4,2024,East End,30,8,0,22,188.24,365.91,1323,707,71,36,24,4.395897,0.099009901,0.948525224,1.86,1,119070,523419.4558,21344.75,0.040779436,1716,0.014411691,1.00371635
4,2024,East Price Hill,30,8,0,22,188.24,365.91,16286,6321,5352,2708,815,4.395897,0.332384116,0.71801936,2.593354997,1,1465740,6443242.069,640647.425,0.099429358,100757.8,0.068741932,0.886190651
4,2024,East Walnut Hills,30,8,0,22,188.24,365.91,3934.501285,2474.03856,308.3309769,169.5122108,25.28534704,4.395897,0.021840688,0.93192842,1.586430218,1,354105.1157,1556609.616,16476.53223,0.010584884,5571.210154,0.01573321,0.958246514
4,2024,East Westwood,30,8,0,22,188.24,365.91,2601.088353,1064.265709,734.3991673,467.6568839,122.2488875,4.395897,0.419072549,0.699829171,2.409468638,1,234097.9518,1029070.484,135997.9353,0.132156094,16871.30506,0.072069426,0.904054691
4,2024,English Woods,30,8,0,22,188.24,365.91,496.1727924,239.8281623,148.874463,74.66348449,22.85155131,4.395897,0.324528302,0.687230934,2.04,1,44655.55131,196301.204,23732.62568,0.120899033,2788.930024,0.062454274,0.87058424
4,2024,Evanston,30,8,0,22,188.24,365.91,8404.596004,3388.064636,1664.030385,884.24248,395.266425,4.395897,0.120803737,0.830442821,2.18067287,0.36,756413.6404,3325116.453,124803.0182,0.037533428,13173.82369,0.017416164,0.885392412
4,2024,Hartwell,30,8,0,22,188.24,365.91,5439,2426,1243,558,243,4.395897,0.23577906,0.843932863,2.1,1,489510,2151835.54,174417.1,0.081055033,22908.6,0.046799044,0.97178694
4,2024,Hyde Park,30,8,0,22,188.24,365.91,13303,6483,2448,1036,436,4.395897,0.016813204,0.938358409,2.031959221,0.65,1197270,5263075.601,33236.825,0.006315095,27364.48,0.02285573,0.967529235
4,2024,Kennedy Heights,30,8,0,22,188.24,365.91,4649,2401,684,380,165,4.395897,0.101624323,0.871139734,1.93,1,418410,1839287.264,74401.7,0.040451376,15587,0.037252934,0.948844043
4,2024,Linwood,30,8,0,22,188.24,365.91,708.0435701,334.5202007,116.1024558,64.9448112,12.88011619,4.395897,0.043383948,0.95904074,2.11,1,63723.92131,280123.7945,4425.317666,0.015797721,2225.792923,0.034928687,1.009767149
4,2024,Lower Price Hill,30,8,0,22,188.24,365.91,943.6703187,306.2191235,283.4800797,132.6444223,68.21713147,4.395897,0.571782178,0.509650105,2.42,1,84930.32869,373344.9771,53389.51262,0.143003163,5744.640438,0.067639447,0.720292715
4,2024,Madisonville,30,8,0,22,188.24,365.91,10748.04938,5684.800786,1490.818182,744.3058361,233.9118967,4.395897,0.106730738,0.887988151,1.899867134,1,967324.4444,4252258.623,185011.1048,0.043508902,27977.02716,0.028922072,0.960419125
4,2024,Millvale,30,8,0,22,188.24,365.91,2757.182901,987.6138753,1198.5459,1093.079888,0,4.395897,0.745995423,0.335307065,2.78,1,248146.4611,1090826.284,224655.1498,0.20594952,31262.08479,0.125982392,0.667238977
4,2024,Mt. Adams,30,8,0,22,188.24,365.91,1631,1016,90,58,15,4.395897,0,0.950534229,1.61,0.13,146790,645273.7206,0,0,271.414,0.001848995,0.952383225
4,2024,Mt. Airy,30,8,0,22,188.24,365.91,9099.048036,4234.088213,2055.363973,1319.365456,150.7451446,4.395897,0.287523462,0.802446372,2.132741899,1,818914.3232,3599863.017,371215.6046,0.10311937,42045.16317,0.051342567,0.956908308
4,2024,Mt. Auburn,30,8,0,22,188.24,365.91,5046,2650,705,474,109,4.395897,0.103018868,0.81967643,1.783449688,1,454140,1996352.664,83244.525,0.041698306,16673.8,0.03671511,0.898089846
4,2024,Mt. Lookout,30,8,0,22,188.24,365.91,5096.773699,2144.540533,1239.06179,682.353314,134.6287299,4.395897,0.015041788,0.965245402,2.387742194,0.13,458709.633,2016440.299,9836.186427,0.004877995,3037.539239,0.006621922,0.976745319
4,2024,Mt. Washington,30,8,0,22,188.24,365.91,11879.67519,5553.087735,2598.366801,1379.398705,642.950248,4.395897,0.115661466,0.905976425,2.117269253,0.45,1069170.768,4699964.569,195846.7003,0.041669825,26027.63103,0.024343755,0.971990004
4,2024,North Avondale - Paddock Hills,30,8,0,22,188.24,365.91,4878.90271,1839.896803,824.6386379,457.2453092,82.44822794,4.395897,0.066674624,0.919005919,2.27,1,439101.2439,1930243.841,37406.49956,0.019379158,15435.23516,0.035151882,0.973536958
4,2024,North Fairmount,30,8,0,22,188.24,365.91,1696.827208,820.1718377,509.125537,255.3365155,78.14844869,4.395897,0.324528302,0.687230934,2.04,1,152714.4487,671316.9868,81161.57432,0.120899033,9537.669976,0.062454274,0.87058424
4,2024,Northside,30,8,0,22,188.24,365.91,8550,4378,1275,664,146,4.395897,0.100502513,0.876720911,1.942498411,1,769500,3382642.742,134167,0.039663367,23166,0.030105263,0.946489541
4,2024,Oakley,30,8,0,22,188.24,365.91,11411.95062,6598.199214,1267.181818,540.6941639,72.08810325,4.395897,0.015043046,0.952669194,1.708519196,1,1027075.556,4514918.353,30265.94517,0.006703542,17525.57284,0.017063567,0.976436303
4,2024,Over-the-Rhine,30,8,0,22,188.24,365.91,6291,3343,715,315,73,4.395897,0.169608136,0.868197339,1.784465385,0.65,566190,2488912.922,172892.475,0.069465056,7212.92,0.012739398,0.950401793
4,2024,Pendleton,30,8,0,22,188.24,365.91,1146,596,210,132,31,4.395897,0.08557047,0.943748038,1.92,1,103140,453392.8166,15551.175,0.034299562,4661.8,0.045198759,1.023246358
4,2024,Pleasant Ridge,30,8,0,22,188.24,365.91,7268.072573,3683.009425,1571.93968,901.1055608,227.2544769,4.395897,0.117650837,0.895783889,1.953138402,1,654126.5316,2875472.858,132126.7902,0.045949587,32271.09708,0.04933464,0.991068116
4,2024,Queensgate,30,8,0,22,188.24,365.91,301.3296813,97.78087649,90.51992032,42.35557769,21.78286853,4.395897,0.571782178,0.509650105,2.42,1,27119.67131,119215.2818,17048.16238,0.143003163,1834.359562,0.067639447,0.720292715
4,2024,Riverside,30,8,0,22,188.24,365.91,2268.610778,840.8323353,659.8922156,318.1556886,109.9520958,4.395897,0.34436223,0.807189532,2.771670429,1,204174.9701,897532.1384,88291.30763,0.098371193,12243.88263,0.059967599,0.965528324
4,2024,Roselawn,30,8,0,22,188.24,365.91,7375,3604,1483,1030,148,4.395897,0.249167592,0.716173201,1.98616494,1,663750,2917776.634,273822.65,0.093846337,33690.8,0.050758267,0.860777805
4,2024,Sayler Park,30,8,0,22,188.24,365.91,2713,1183,739,439,160,4.395897,0.22569738,0.862711366,2.297347551,1,244170,1073346.17,81414.975,0.075851554,17131.4,0.070161773,1.008724693
4,2024,Sedamsville,30,8,0,22,188.24,365.91,715.3892216,196.1676647,256.1077844,77.84431138,56.04790419,4.395897,0.359126984,0.733303852,3.5,1,64385.02994,283029.96,21481.69237,0.075899005,3829.317365,0.059475275,0.868678132
4,2024,South Cumminsville,30,8,0,22,188.24,365.91,902.8170988,323.3861247,392.4540995,357.9201121,0,4.395897,0.745995423,0.335307065,2.78,1,81253.53889,357182.1879,73561.50021,0.20594952,10236.51521,0.125982392,0.667238977
4,2024,South Fairmount,30,8,0,22,188.24,365.91,2319,960,667,259,102,4.395897,0.2375,0.706564387,2.27,1,208710,917467.6629,69522.9,0.075776949,10324.6,0.049468641,0.831809976
4,2024,Spring Grove Village,30,8,0,22,188.24,365.91,1996,881,469,296,133,4.395897,0.238365494,0.769126803,2.25,1,179640,789678.9371,64034.25,0.081088968,12269.4,0.068299933,0.918515704
4,2024,Villages at Roll Hill,30,8,0,22,188.24,365.91,2196,895,1128,574,206,4.395897,0.612290503,0.413092065,2.45,1,197640,868805.0831,167098.9,0.192331863,22308,0.112871888,0.718295816
4,2024,Walnut Hills,30,8,0,22,188.24,365.91,6176,3528,737,354,201,4.395897,0.306405896,0.805375246,1.741359925,0.69,555840,2443415.388,329623.925,0.134902942,10952.37,0.019704177,0.959982366
4,2024,West End,30,8,0,22,188.24,365.91,6929.284974,3429.00148,2061.355292,1159.994078,178,4.395897,0.452993482,0.706312849,2.046430172,1,623635.6477,2741438.073,473644.6746,0.172772341,38266.63064,0.061360557,0.940445748
4,2024,West Price Hill,30,8,0,22,188.24,365.91,18669.39287,7441.500965,5187.970243,3128.862443,1039.131704,4.395897,0.184977762,0.814924436,2.495004634,1,1680245.358,7386185.53,419732.981,0.056826758,119204.6326,0.070944777,0.942695971
4,2024,Westwood,30,8,0,22,188.24,365.91,34095.91165,15214.73429,9589.600833,5082.343116,1146.751113,4.395897,0.210256413,0.824646515,2.250008974,1,3068632.048,13489390.41,975453.6897,0.072312659,178152.0949,0.058055867,0.955015042
4,2024,Winton Hills,30,8,0,22,188.24,365.91,4681,2540,1351,691,121,4.395897,0.546850394,0.679619002,1.84,1,421290,1851947.447,423540.825,0.22870024,23223.2,0.055124024,0.963443266
4,2025,Avondale,30,8,0,22,184.6212,361.0232,12501,5950,3040,1641,623,4.510190322,0.398991597,0.683326044,1.963373111,1,1125090,5074370.029,714224.2307,0.14075131,64750.4,0.057551307,0.881628661
4,2025,Bond Hill,30,8,0,22,184.6212,361.0232,6399,3191,1417,905,151,4.510190322,0.162331558,0.845204216,1.980091999,1,575910,2597463.708,155841.6813,0.059997636,30201.6,0.052441527,0.957643379
4,2025,California,30,8,0,22,184.6212,361.0232,928.7965861,340.1422475,242.2645804,132.5860597,50.6742532,4.510190322,0.02755102,0.975963749,2.72,0.13,83591.69275,377014.4436,2819.370367,0.007478149,681.3618435,0.008151071,0.991592969
4,2025,Camp Washington,30,8,0,22,184.6212,361.0232,1143,548,90,45,12,4.510190322,0.313868613,0.872120275,1.55,1,102870,463963.2784,51746.65867,0.111531798,1630.2,0.015847186,0.999499259
4,2025,Carthage,30,8,0,22,184.6212,361.0232,3183,979,1107,542,137,4.510190322,0.269662921,0.728993529,3.25,1,286470,1292034.222,79425.104,0.06147291,19419.4,0.067788599,0.858255039
4,2025,Clifton,30,8,0,22,184.6212,361.0232,8028,4079,1068,501,166,4.510190322,0.076244177,0.88110128,1.945491113,0.4,722520,3258702.711,93565.17933,0.028712401,7630.48,0.010560926,0.920374607
4,2025,College Hill,30,8,0,22,184.6212,361.0232,15930,7147,3555,1788,776,4.510190322,0.226108857,0.800750723,2.172954947,1,1433700,6466259.865,486177.9093,0.075186881,73330.4,0.05114766,0.927085263
4,2025,Columbia Tusculum,30,8,0,22,184.6212,361.0232,1621.18273,765.9392659,265.8357539,148.7018748,29.49115395,4.510190322,0.043383948,0.957522593,2.11,0.13,145906.4457,658065.8395,9997.174432,0.015191754,662.521681,0.004540729,0.977255076
4,2025,Corryville,30,8,0,22,184.6212,361.0232,4277,1968,256,101,1,4.510190322,0.018800813,0.664814763,2.086822289,1,384930,1736107.561,11131.54867,0.006411785,2917.2,0.007578521,0.678805069
4,2025,CUF,30,8,0,22,184.6212,361.0232,18282,6192,456,180,92,4.510190322,0.066860465,0.776454838,2.153319783,1,1645380,7420976.952,124553.004,0.016783909,7779.2,0.004727905,0.797966653
4,2025,Downtown,30,8,0,22,184.6212,361.0232,6070.715026,3633.99852,282.6447076,85.00592154,0,4.510190322,0.063479574,0.916223742,1.484669432,1,546364.3523,2464207.214,69402.10054,0.028164068,2431.169356,0.004449722,0.948837533
4,2025,East End,30,8,0,22,184.6212,361.0232,1323,707,71,36,24,4.510190322,0.099009901,0.947099586,1.86,1,119070,537028.3616,21059.68667,0.039215222,1716,0.014411691,1.000726499
4,2025,East Price Hill,30,8,0,22,184.6212,361.0232,16286,6321,5352,2708,815,4.510190322,0.332384116,0.712789168,2.593354997,1,1465740,6610766.363,632091.4527,0.095615458,100757.8,0.068741932,0.877146558
4,2025,East Walnut Hills,30,8,0,22,184.6212,361.0232,3934.501285,2474.03856,308.3309769,169.5122108,25.28534704,4.510190322,0.021840688,0.930047984,1.586430218,1,354105.1157,1597081.466,16256.4849,0.01017887,5571.210154,0.01573321,0.955960065
4,2025,East Westwood,30,8,0,22,184.6212,361.0232,2601.088353,1064.265709,734.3991673,467.6568839,122.2488875,4.510190322,0.419072549,0.693822931,2.409468638,1,234097.9518,1055826.317,134181.6561,0.127086865,16871.30506,0.072069426,0.892979222
4,2025,English Woods,30,8,0,22,184.6212,361.0232,496.1727924,239.8281623,148.874463,74.66348449,22.85155131,4.510190322,0.324528302,0.680023897,2.04,1,44655.55131,201405.0354,23415.6718,0.116261601,2788.930024,0.062454274,0.858739772
4,2025,Evanston,30,8,0,22,184.6212,361.0232,8404.596004,3388.064636,1664.030385,884.24248,395.266425,4.510190322,0.120803737,0.8273407,2.18067287,0.36,756413.6404,3411569.48,123136.2494,0.036093725,13173.82369,0.017416164,0.880850588
4,2025,Hartwell,30,8,0,22,184.6212,361.0232,5439,2426,1243,558,243,4.510190322,0.23577906,0.836564704,2.1,1,489510,2207783.265,172087.7253,0.077945933,22908.6,0.046799044,0.96130968
4,2025,Hyde Park,30,8,0,22,184.6212,361.0232,13303,6483,2448,1036,436,4.510190322,0.016813204,0.936164064,2.031959221,0.65,1197270,5399915.567,32792.94067,0.006072862,27364.48,0.02285573,0.965092656
4,2025,Kennedy Heights,30,8,0,22,184.6212,361.0232,4649,2401,684,380,165,4.510190322,0.101624323,0.867217647,1.93,1,418410,1887108.733,73408.05067,0.038899746,15587,0.037252934,0.943370327
4,2025,Linwood,30,8,0,22,184.6212,361.0232,708.0435701,334.5202007,116.1024558,64.9448112,12.88011619,4.510190322,0.043383948,0.957522593,2.11,1,63723.92131,287407.0132,4366.216678,0.015191754,2225.792923,0.034928687,1.007643034
4,2025,Lower Price Hill,30,8,0,22,184.6212,361.0232,943.6703187,306.2191235,283.4800797,132.6444223,68.21713147,4.510190322,0.571782178,0.501564864,2.42,1,84930.32869,383051.9465,52676.48519,0.137517863,5744.640438,0.067639447,0.706722174
4,2025,Madisonville,30,8,0,22,184.6212,361.0232,10748.04938,5684.800786,1490.818182,744.3058361,233.9118967,4.510190322,0.106730738,0.884097488,1.899867134,1,967324.4444,4362817.348,182540.2451,0.041839993,27977.02716,0.028922072,0.954859553
4,2025,Millvale,30,8,0,22,184.6212,361.0232,2757.182901,987.6138753,1198.5459,1093.079888,0,4.510190322,0.745995423,0.330463302,2.78,1,248146.4611,1119187.767,221654.8361,0.198049731,31262.08479,0.125982392,0.654495426
4,2025,Mt. Adams,30,8,0,22,184.6212,361.0232,1631,1016,90,58,15,4.510190322,0,0.949892152,1.61,0.13,146790,662050.8374,0,0,271.414,0.001848995,0.951741147
4,2025,Mt. Airy,30,8,0,22,184.6212,361.0232,9099.048036,4234.088213,2055.363973,1319.365456,150.7451446,4.510190322,0.287523462,0.797999977,2.132741899,1,818914.3232,3693459.455,366257.9472,0.099163928,42045.16317,0.051342567,0.948506472
4,2025,Mt. Auburn,30,8,0,22,184.6212,361.0232,5046,2650,705,474,109,4.510190322,0.103018868,0.81645244,1.783449688,1,454140,2048257.833,82132.778,0.040098847,16673.8,0.03671511,0.893266397
4,2025,Mt. Lookout,30,8,0,22,184.6212,361.0232,5096.773699,2144.540533,1239.06179,682.353314,134.6287299,4.510190322,0.015041788,0.964436361,2.387742194,0.13,458709.633,2068867.747,9704.822223,0.004690886,3037.539239,0.006621922,0.975749169
4,2025,Mt. Washington,30,8,0,22,184.6212,361.0232,11879.67519,5553.087735,2598.366801,1379.398705,642.950248,4.510190322,0.115661466,0.902949553,2.117269253,0.45,1069170.768,4822163.648,193231.1291,0.040071458,26027.63103,0.024343755,0.967364766
4,2025,North Avondale - Paddock Hills,30,8,0,22,184.6212,361.0232,4878.90271,1839.896803,824.6386379,457.2453092,82.44822794,4.510190322,0.066674624,0.916421748,2.27,1,439101.2439,1980430.181,36906.9284,0.018635814,15435.23516,0.035151882,0.970209444
4,2025,North Fairmount,30,8,0,22,184.6212,361.0232,1696.827208,820.1718377,509.125537,255.3365155,78.14844869,4.510190322,0.324528302,0.680023897,2.04,1,152714.4487,688771.2285,80077.64554,0.116261601,9537.669976,0.062454274,0.858739772
4,2025,Northside,30,8,0,22,184.6212,361.0232,8550,4378,1275,664,146,4.510190322,0.100502513,0.873118951,1.942498411,1,769500,3470591.453,132375.1733,0.038141964,23166,0.030105263,0.941366178
4,2025,Oakley,30,8,0,22,184.6212,361.0232,11411.95062,6598.199214,1267.181818,540.6941639,72.08810325,4.510190322,0.015043046,0.951589023,1.708519196,1,1027075.556,4632306.231,29861.73752,0.006446408,17525.57284,0.017063567,0.975098998
4,2025,Over-the-Rhine,30,8,0,22,184.6212,361.0232,6291,3343,715,315,73,4.510190322,0.169608136,0.865806618,1.784465385,0.65,566190,2553624.658,170583.462,0.066800523,7212.92,0.012739398,0.945346539
4,2025,Pendleton,30,8,0,22,184.6212,361.0232,1146,596,210,132,31,4.510190322,0.08557047,0.941729513,1.92,1,103140,465181.0298,15343.486,0.032983903,4661.8,0.045198759,1.019912175
4,2025,Pleasant Ridge,30,8,0,22,184.6212,361.0232,7268.072573,3683.009425,1571.93968,901.1055608,227.2544769,4.510190322,0.117650837,0.892514094,1.953138402,1,654126.5316,2950235.152,130362.211,0.044187058,32271.09708,0.04933464,0.986035792
4,2025,Queensgate,30,8,0,22,184.6212,361.0232,301.3296813,97.78087649,90.51992032,42.35557769,21.78286853,4.510190322,0.571782178,0.501564864,2.42,1,27119.67131,122314.8791,16820.48081,0.137517863,1834.359562,0.067639447,0.706722174
4,2025,Riverside,30,8,0,22,184.6212,361.0232,2268.610778,840.8323353,659.8922156,318.1556886,109.9520958,4.510190322,0.34436223,0.804213119,2.771670429,1,204174.9701,920867.974,87112.15986,0.094597882,12243.88263,0.059967599,0.9587786
4,2025,Roselawn,30,8,0,22,184.6212,361.0232,7375,3604,1483,1030,148,4.510190322,0.249167592,0.709520885,1.98616494,1,663750,2993638.826,270165.6947,0.09024659,33690.8,0.050758267,0.850525742
4,2025,Sayler Park,30,8,0,22,184.6212,361.0232,2713,1183,739,439,160,4.510190322,0.22569738,0.859207145,2.297347551,1,244170,1101253.171,80327.662,0.072942048,17131.4,0.070161773,1.002310966
4,2025,Sedamsville,30,8,0,22,184.6212,361.0232,715.3892216,196.1676647,256.1077844,77.84431138,56.04790419,4.510190322,0.359126984,0.73035819,3.5,1,64385.02994,290388.7389,21194.80014,0.072987679,3829.317365,0.059475275,0.862821144
4,2025,South Cumminsville,30,8,0,22,184.6212,361.0232,902.8170988,323.3861247,392.4540995,357.9201121,0,4.510190322,0.745995423,0.330463302,2.78,1,81253.53889,366468.9247,72579.07191,0.198049731,10236.51521,0.125982392,0.654495426
4,2025,South Fairmount,30,8,0,22,184.6212,361.0232,2319,960,667,259,102,4.510190322,0.2375,0.700960253,2.27,1,208710,941321.8221,68594.408,0.072870305,10324.6,0.049468641,0.823299199
4,2025,Spring Grove Village,30,8,0,22,184.6212,361.0232,1996,881,469,296,133,4.510190322,0.238365494,0.766607052,2.25,1,179640,810210.5894,63179.06,0.077978566,12269.4,0.068299933,0.912885551
4,2025,Villages at Roll Hill,30,8,0,22,184.6212,361.0232,2196,895,1128,574,206,4.510190322,0.612290503,0.404011237,2.45,1,197640,891394.0152,164867.2613,0.184954418,22308,0.112871888,0.701837543
4,2025,Walnut Hills,30,8,0,22,184.6212,361.0232,6176,3528,737,354,201,4.510190322,0.306405896,0.802111614,1.741359925,0.69,555840,2506944.189,325221.7327,0.12972835,10952.37,0.019704177,0.951544141
4,2025,West End,30,8,0,22,184.6212,361.0232,6929.284974,3429.00148,2061.355292,1159.994078,178,4.510190322,0.452993482,0.699636422,2.046430172,1,623635.6477,2812715.463,467319.0568,0.166145159,38266.63064,0.061360557,0.927142138
4,2025,West Price Hill,30,8,0,22,184.6212,361.0232,18669.39287,7441.500965,5187.970243,3128.862443,1039.131704,4.510190322,0.184977762,0.81171887,2.495004634,1,1680245.358,7578226.353,414127.3645,0.054647004,119204.6326,0.070944777,0.937310651
4,2025,Westwood,30,8,0,22,184.6212,361.0232,34095.91165,15214.73429,9589.600833,5082.343116,1146.751113,4.510190322,0.210256413,0.819990704,2.250008974,1,3068632.048,13840114.57,962426.3139,0.069538898,178152.0949,0.058055867,0.947585469
4,2025,Winton Hills,30,8,0,22,184.6212,361.0232,4681,2540,1351,691,121,4.510190322,0.546850394,0.672854039,1.84,1,421290,1900098.081,417884.354,0.219927781,23223.2,0.055124024,0.947905844
4,2026,Avondale,30,8,0,22,183.3366,353.8037,12501,5950,3040,1641,623,4.645496032,0.398991597,0.674946555,1.963373111,1,1125090,5226601.131,699941.6532,0.133919087,64750.4,0.057551307,0.866416949
4,2026,Bond Hill,30,8,0,22,183.3366,353.8037,6399,3191,1417,905,151,4.645496032,0.162331558,0.839681584,1.980091999,1,575910,2675387.62,152725.2638,0.057085285,30201.6,0.052441527,0.949208396
4,2026,California,30,8,0,22,183.3366,353.8037,928.7965861,340.1422475,242.2645804,132.5860597,50.6742532,4.645496032,0.02755102,0.975296685,2.72,0.13,83591.69275,388324.877,2762.990488,0.007115152,681.3618435,0.008151071,0.990562908
4,2026,Camp Washington,30,8,0,22,183.3366,353.8037,1143,548,90,45,12,4.645496032,0.313868613,0.867287773,1.55,1,102870,477882.1768,50711.86367,0.106117922,1630.2,0.015847186,0.989252881
4,2026,Carthage,30,8,0,22,183.3366,353.8037,3183,979,1107,542,137,4.645496032,0.269662921,0.723826239,3.25,1,286470,1330795.248,77836.814,0.058488948,19419.4,0.067788599,0.850103787
4,2026,Clifton,30,8,0,22,183.3366,353.8037,8028,4079,1068,501,166,4.645496032,0.076244177,0.87645271,1.945491113,0.4,722520,3356463.793,91694.12558,0.02731867,7630.48,0.010560926,0.914332305
4,2026,College Hill,30,8,0,22,183.3366,353.8037,15930,7147,3555,1788,776,4.645496032,0.226108857,0.796321006,2.172954947,1,1433700,6660247.661,476455.6493,0.071537227,73330.4,0.05114766,0.919005893
4,2026,Columbia Tusculum,30,8,0,22,183.3366,353.8037,1621.18273,765.9392659,265.8357539,148.7018748,29.49115395,4.645496032,0.043383948,0.955821905,2.11,0.13,145906.4457,677807.8147,9797.257638,0.01445433,662.521681,0.004540729,0.974816964
4,2026,Corryville,30,8,0,22,183.3366,353.8037,4277,1968,256,101,1,4.645496032,0.018800813,0.657202351,2.086822289,1,384930,1788190.788,10908.94742,0.00610055,2917.2,0.007578521,0.670881422
4,2026,CUF,30,8,0,22,183.3366,353.8037,18282,6192,456,180,92,4.645496032,0.066860465,0.769512863,2.153319783,1,1645380,7643606.261,122062.2765,0.0159692,7779.2,0.004727905,0.790209968
4,2026,Downtown,30,8,0,22,183.3366,353.8037,6070.715026,3633.99852,282.6447076,85.00592154,0,4.645496032,0.063479574,0.913313099,1.484669432,1,546364.3523,2538133.431,68014.24385,0.026796954,2431.169356,0.004449722,0.944559775
4,2026,East End,30,8,0,22,183.3366,353.8037,1323,707,71,36,24,4.645496032,0.099009901,0.945303426,1.86,1,119070,553139.2125,20638.54917,0.037311673,1716,0.014411691,0.997026789
4,2026,East Price Hill,30,8,0,22,183.3366,353.8037,16286,6321,5352,2708,815,4.645496032,0.332384116,0.706930102,2.593354997,1,1465740,6809089.354,619451.3114,0.090974179,100757.8,0.068741932,0.866646213
4,2026,East Walnut Hills,30,8,0,22,183.3366,353.8037,3934.501285,2474.03856,308.3309769,169.5122108,25.28534704,4.645496032,0.021840688,0.927941447,1.586430218,1,354105.1157,1644993.91,15931.39861,0.009684777,5571.210154,0.01573321,0.953359434
4,2026,East Westwood,30,8,0,22,183.3366,353.8037,2601.088353,1064.265709,734.3991673,467.6568839,122.2488875,4.645496032,0.419072549,0.687094506,2.409468638,1,234097.9518,1087501.106,131498.3813,0.120917929,16871.30506,0.072069426,0.880081861
4,2026,English Woods,30,8,0,22,183.3366,353.8037,496.1727924,239.8281623,148.874463,74.66348449,22.85155131,4.645496032,0.324528302,0.671950294,2.04,1,44655.55131,207447.1864,22947.42089,0.110618135,2788.930024,0.062454274,0.845022703
4,2026,Evanston,30,8,0,22,183.3366,353.8037,8404.596004,3388.064636,1664.030385,884.24248,395.266425,4.645496032,0.120803737,0.823865582,2.18067287,0.36,756413.6404,3513916.565,120673.8532,0.034341696,13173.82369,0.017416164,0.875623442
4,2026,Hartwell,30,8,0,22,183.3366,353.8037,5439,2426,1243,558,243,4.645496032,0.23577906,0.828310604,2.1,1,489510,2274016.763,168646.4303,0.074162351,22908.6,0.046799044,0.949272
4,2026,Hyde Park,30,8,0,22,183.3366,353.8037,13303,6483,2448,1036,436,4.645496032,0.016813204,0.933705872,2.031959221,0.65,1197270,5561913.034,32137.16942,0.005778078,27364.48,0.02285573,0.962339681
4,2026,Kennedy Heights,30,8,0,22,183.3366,353.8037,4649,2401,684,380,165,4.645496032,0.101624323,0.862823974,1.93,1,418410,1943721.995,71940.08567,0.03701151,15587,0.037252934,0.937088417
4,2026,Linwood,30,8,0,22,183.3366,353.8037,708.0435701,334.5202007,116.1024558,64.9448112,12.88011619,4.645496032,0.043383948,0.955821905,2.11,1,63723.92131,296029.2236,4278.904003,0.01445433,2225.792923,0.034928687,1.005204922
4,2026,Lower Price Hill,30,8,0,22,183.3366,353.8037,943.6703187,306.2191235,283.4800797,132.6444223,68.21713147,4.645496032,0.571782178,0.492507462,2.42,1,84930.32869,394543.5049,51623.09614,0.130842595,5744.640438,0.067639447,0.690989504
4,2026,Madisonville,30,8,0,22,183.3366,353.8037,10748.04938,5684.800786,1490.818182,744.3058361,233.9118967,4.645496032,0.106730738,0.879739017,1.899867134,1,967324.4444,4493701.868,178889.9277,0.039809033,27977.02716,0.028922072,0.948470122
4,2026,Millvale,30,8,0,22,183.3366,353.8037,2757.182901,987.6138753,1198.5459,1093.079888,0,4.645496032,0.745995423,0.325037131,2.78,1,248146.4611,1152763.4,217222.3312,0.18843618,31262.08479,0.125982392,0.639455703
4,2026,Mt. Adams,30,8,0,22,183.3366,353.8037,1631,1016,90,58,15,4.645496032,0,0.949172871,1.61,0.13,146790,681912.3625,0,0,271.414,0.001848995,0.951021866
4,2026,Mt. Airy,30,8,0,22,183.3366,353.8037,9099.048036,4234.088213,2055.363973,1319.365456,150.7451446,4.645496032,0.287523462,0.793018953,2.132741899,1,818914.3232,3804263.239,358933.7662,0.094350402,42045.16317,0.051342567,0.938711921
4,2026,Mt. Auburn,30,8,0,22,183.3366,353.8037,5046,2650,705,474,109,4.645496032,0.103018868,0.812319082,1.783449688,1,454140,2109705.568,80490.34175,0.038152405,16673.8,0.03671511,0.887186597
4,2026,Mt. Lookout,30,8,0,22,183.3366,353.8037,5096.773699,2144.540533,1239.06179,682.353314,134.6287299,4.645496032,0.015041788,0.963530043,2.387742194,0.13,458709.633,2130933.78,9510.751693,0.004463185,3037.539239,0.006621922,0.974615149
4,2026,Mt. Washington,30,8,0,22,183.3366,353.8037,11879.67519,5553.087735,2598.366801,1379.398705,642.950248,4.645496032,0.115661466,0.899558734,2.117269253,0.45,1069170.768,4966828.558,189367.0225,0.038126346,26027.63103,0.024343755,0.962028834
4,2026,North Avondale - Paddock Hills,30,8,0,22,183.3366,353.8037,4878.90271,1839.896803,824.6386379,457.2453092,82.44822794,4.645496032,0.066674624,0.913526859,2.27,1,439101.2439,2039843.086,36168.88838,0.017731211,15435.23516,0.035151882,0.966409952
4,2026,North Fairmount,30,8,0,22,183.3366,353.8037,1696.827208,820.1718377,509.125537,255.3365155,78.14844869,4.645496032,0.324528302,0.671950294,2.04,1,152714.4487,709434.3654,78476.30645,0.110618135,9537.669976,0.062454274,0.845022703
4,2026,Northside,30,8,0,22,183.3366,353.8037,8550,4378,1275,664,146,4.645496032,0.100502513,0.869083894,1.942498411,1,769500,3574709.197,129728.0233,0.036290511,23166,0.030105263,0.935479668
4,2026,Oakley,30,8,0,22,183.3366,353.8037,11411.95062,6598.199214,1267.181818,540.6941639,72.08810325,4.645496032,0.015043046,0.950378973,1.708519196,1,1027075.556,4771275.418,29264.58251,0.006133493,17525.57284,0.017063567,0.973576033
4,2026,Over-the-Rhine,30,8,0,22,183.3366,353.8037,6291,3343,715,315,73,4.645496032,0.169608136,0.862845863,1.784465385,0.65,566190,2630233.398,167172.2483,0.063557952,7212.92,0.012739398,0.939143214
4,2026,Pendleton,30,8,0,22,183.3366,353.8037,1146,596,210,132,31,4.645496032,0.08557047,0.939468283,1.92,1,103140,479136.4607,15036.65725,0.031382828,4661.8,0.045198759,1.016049871
4,2026,Pleasant Ridge,30,8,0,22,183.3366,353.8037,7268.072573,3683.009425,1571.93968,901.1055608,227.2544769,4.645496032,0.117650837,0.888851142,1.953138402,1,654126.5316,3038742.207,127755.3148,0.042042169,32271.09708,0.04933464,0.980227952
4,2026,Queensgate,30,8,0,22,183.3366,353.8037,301.3296813,97.78087649,90.51992032,42.35557769,21.78286853,4.645496032,0.571782178,0.492507462,2.42,1,27119.67131,125984.3255,16484.11611,0.130842595,1834.359562,0.067639447,0.690989504
4,2026,Riverside,30,8,0,22,183.3366,353.8037,2268.610778,840.8323353,659.8922156,318.1556886,109.9520958,4.645496032,0.34436223,0.800878826,2.771670429,1,204174.9701,948494.0132,85370.14927,0.090005997,12243.88263,0.059967599,0.950852422
4,2026,Roselawn,30,8,0,22,183.3366,353.8037,7375,3604,1483,1030,148,4.645496032,0.249167592,0.702068702,1.98616494,1,663750,3083447.991,264763.1022,0.085865921,33690.8,0.050758267,0.83869289
4,2026,Sayler Park,30,8,0,22,183.3366,353.8037,2713,1183,739,439,160,4.645496032,0.22569738,0.85528158,2.297347551,1,244170,1134290.766,78721.32325,0.069401361,17131.4,0.070161773,0.994844714
4,2026,Sedamsville,30,8,0,22,183.3366,353.8037,715.3892216,196.1676647,256.1077844,77.84431138,56.04790419,4.645496032,0.359126984,0.727058344,3.5,1,64385.02994,299100.4011,20770.96073,0.069444777,3829.317365,0.059475275,0.855978396
4,2026,South Cumminsville,30,8,0,22,183.3366,353.8037,902.8170988,323.3861247,392.4540995,357.9201121,0,4.645496032,0.745995423,0.325037131,2.78,1,81253.53889,377462.9925,71127.68427,0.18843618,10236.51521,0.125982392,0.639455703
4,2026,South Fairmount,30,8,0,22,183.3366,353.8037,2319,960,667,259,102,4.645496032,0.2375,0.694682285,2.27,1,208710,969561.4768,67222.703,0.0693331,10324.6,0.049468641,0.813484026
4,2026,Spring Grove Village,30,8,0,22,183.3366,353.8037,1996,881,469,296,133,4.645496032,0.238365494,0.763784328,2.25,1,179640,834516.9072,61915.6475,0.074193401,12269.4,0.068299933,0.906277662
4,2026,Villages at Roll Hill,30,8,0,22,183.3366,353.8037,2196,895,1128,574,206,4.645496032,0.612290503,0.393838538,2.45,1,197640,918135.8358,161570.3563,0.175976528,22308,0.112871888,0.682686954
4,2026,Walnut Hills,30,8,0,22,183.3366,353.8037,6176,3528,737,354,201,4.645496032,0.306405896,0.798455566,1.741359925,0.69,555840,2582152.514,318718.1664,0.123431193,10952.37,0.019704177,0.941590937
4,2026,West End,30,8,0,22,183.3366,353.8037,6929.284974,3429.00148,2061.355292,1159.994078,178,4.645496032,0.452993482,0.692157228,2.046430172,1,623635.6477,2897096.927,457973.9235,0.15808029,38266.63064,0.061360557,0.911598075
4,2026,West Price Hill,30,8,0,22,183.3366,353.8037,18669.39287,7441.500965,5187.970243,3128.862443,1039.131704,4.645496032,0.184977762,0.808127871,2.495004634,1,1680245.358,7805573.144,405845.923,0.051994378,119204.6326,0.070944777,0.931067027
4,2026,Westwood,30,8,0,22,183.3366,353.8037,34095.91165,15214.73429,9589.600833,5082.343116,1146.751113,4.645496032,0.210256413,0.814775082,2.250008974,1,3068632.048,14255318,943180.3574,0.066163404,178152.0949,0.058055867,0.938994353
4,2026,Winton Hills,30,8,0,22,183.3366,353.8037,4681,2540,1351,691,121,4.645496032,0.546850394,0.660870445,1.84,1,421290,1957101.023,409527.7828,0.209252245,23223.2,0.055124024,0.925246714
5,2019,Avondale,31,13,4,18,123.74,248.89,12570,5516,3724,1951,395,3.17,0.385605511,0.661131539,2.148326173,1,1169010,3705761.7,441157.525,0.119046383,56773.2,0.048565196,0.828743118
5,2019,Bond Hill,31,13,4,18,123.74,248.89,7174,3182,1642,974,210,3.17,0.166561911,0.861170719,2.209983273,1,667182,2114966.94,109926.4167,0.051975478,28652.8,0.042946003,0.956092199
5,2019,California,31,13,4,18,123.74,248.89,976,373,197,71,77,3.17,0,0.995655354,2.62,0.13,90768,287734.56,0,0,465.608,0.005129649,1.000785003
5,2019,Camp Washington,31,13,4,18,123.74,248.89,1396,446,230,90,47,3.17,0.311659193,0.850194744,2.36,1,129828,411554.76,28829.75833,0.070050844,3315.4,0.025536864,0.945782453
5,2019,Carthage,31,13,4,18,123.74,248.89,2940,1039,1017,569,245,3.17,0.26852743,0.798250225,2.82,1,273420,866741.4,57866.925,0.066763772,19698.8,0.072045937,0.937059934
5,2019,Clifton,31,13,4,18,123.74,248.89,8552,4156,1437,824,202,3.17,0.063282002,0.867285366,2.05898971,0.4,795336,2521215.12,54548.39167,0.021635755,9931.68,0.012487402,0.901408523
5,2019,College Hill,31,13,4,18,123.74,248.89,16403,7201,3858,2424,568,3.17,0.147896126,0.848234995,2.259642139,1,1525479,4835768.43,220889.875,0.04567834,72406.4,0.047464698,0.941378033
5,2019,Columbia Tusculum,31,13,4,18,123.74,248.89,1573,741.3396774,288.7216129,145.6293548,42.11580645,3.17,0,0.985060788,2.12,0.13,146289,463736.13,0,0,590.6462774,0.00403753,0.989098318
5,2019,Corryville,31,13,4,18,123.74,248.89,3984,1863,206,56,28,3.17,0.088030059,0.707081154,2.07188253,1,370512,1174523.04,34014.96667,0.028960664,2032.8,0.005486462,0.74152828
5,2019,CUF,31,13,4,18,123.74,248.89,16974,5547,607,271,122,3.17,0.07066883,0.757190222,2.238798162,1,1578582,5004104.94,81304.06667,0.016247474,9510.6,0.006024774,0.779462471
5,2019,Downtown,31,13,4,18,123.74,248.89,3857,2785.980015,161.0910437,42.35603257,9.401184308,3.17,0.105997329,0.894340912,1.355066114,1,358701,1137082.17,61249.01648,0.053865075,1252.524648,0.003491835,0.951697822
5,2019,East End,31,13,4,18,123.74,248.89,1601,747,314,157,70,3.17,0.096385542,0.906127111,2.13,1,148893,471990.81,14933.4,0.031639175,5493.4,0.036894951,0.974661238
5,2019,East Price Hill,31,13,4,18,123.74,248.89,13848,5640,3857,2225,513,3.17,0.322695035,0.787443661,2.411106297,1,1287864,4082528.88,377483.1667,0.092463073,66259.6,0.051449221,0.931355956
5,2019,East Walnut Hills,31,13,4,18,123.74,248.89,3905,2374.665167,354.968509,161.9228792,64.96015424,3.17,0.054825481,0.939804694,1.627011524,1,363165,1151233.05,27002.93879,0.023455667,5490.569409,0.015118663,0.978379024
5,2019,East Westwood,31,13,4,18,123.74,248.89,2503,1090.543121,808.9919768,456.4381182,169.6380157,3.17,0.33312742,0.744960522,2.271434279,1,232779,737909.43,75349.33527,0.102111902,15151.04244,0.065087669,0.912160093
5,2019,English Woods,31,13,4,18,123.74,248.89,474,204.5326969,158.8295943,87.10739857,25.11408115,3.17,0.369469027,0.633179512,2.26,1,44082,139739.94,15673.53589,0.112162177,2715.759809,0.061607001,0.80694869
5,2019,Evanston,31,13,4,18,123.74,248.89,8382,3597.707265,1822.861401,1000.732867,406.494777,3.17,0.188057913,0.833913829,2.158989501,0.36,779526,2471097.42,140327.7742,0.056787633,12259.76723,0.015727208,0.90642867
5,2019,Hartwell,31,13,4,18,123.74,248.89,5397,2651,829,241,190,3.17,0.105620521,0.916339072,1.98,1,501921,1591089.57,58074.33333,0.036499726,10430.2,0.020780561,0.973619359
5,2019,Hyde Park,31,13,4,18,123.74,248.89,13291,6703,2567,1591,218,3.17,0.016261376,0.954528694,1.971784666,0.65,1236063,3918319.71,22607.50833,0.005769695,28455.57,0.023021132,0.983319521
5,2019,Kennedy Heights,31,13,4,18,123.74,248.89,5057,2619,865,427,34,3.17,0.107674685,0.909102727,1.92,1,470301,1490854.17,58489.15,0.039231973,11156.2,0.023721404,0.972056103
5,2019,Linwood,31,13,4,18,123.74,248.89,687,268,202,127,39,3.17,0.28358209,0.750871946,2.56,1,63891,202534.47,15763.03333,0.077828892,4017.2,0.062875835,0.891576673
5,2019,Lower Price Hill,31,13,4,18,123.74,248.89,761,249.3715139,284.9960159,83.37649402,51.54183267,3.17,0.531914894,0.52970774,2.29,1,70773,224350.41,27511.55856,0.122627628,3265.023506,0.046133745,0.698469113
5,2019,Madisonville,31,13,4,18,123.74,248.89,10838,5173,2288,1160,273,3.17,0.108061086,0.874742712,2.131092452,1,1007934,3195150.78,115941.2583,0.036286631,34678.6,0.034405626,0.945434969
5,2019,Millvale,31,13,4,18,123.74,248.89,2150,863.3146461,890.4344779,502.4702172,66.29292221,3.17,0.530541012,0.571131307,2.48,1,199950,633841.5,94997.95842,0.14987652,13764.06797,0.068837549,0.789845376
5,2019,Mt. Adams,31,13,4,18,123.74,248.89,1629,1030,92,46,26,3.17,0,0.971985466,1.58,0.13,151497,480245.49,0,0,226.512,0.001495158,0.973480624
5,2019,Mt. Airy,31,13,4,18,123.74,248.89,8950,3913.515048,2508.398814,1501.777465,430.7405486,3.17,0.277678133,0.769444247,2.274527374,1,832350,2638549.5,225390.1285,0.085421982,46766.93592,0.056186623,0.911052853
5,2019,Mt. Auburn,31,13,4,18,123.74,248.89,4641,2132,961,570,133,3.17,0.166041276,0.844227446,2.01,1,431613,1368213.21,73422.55,0.053663091,17012.6,0.039416329,0.937306866
5,2019,Mt. Lookout,31,13,4,18,123.74,248.89,4996,2118.660323,1233.278387,701.3706452,159.8841935,3.17,0,0.972236101,2.369967974,0.13,464628,1472870.76,0,0,2709.507723,0.005831564,0.978067664
5,2019,Mt. Washington,31,13,4,18,123.74,248.89,12297,5492.241856,3154.57833,1700.554633,391.2559107,3.17,0.160947887,0.892556094,2.225589981,0.45,1143621,3625278.57,183341.65,0.050573121,22779.81682,0.019919026,0.963048241
5,2019,North Avondale - Paddock Hills,31,13,4,18,123.74,248.89,4236,1513.627567,606.17009,288.3442539,103.5450687,3.17,0.20760095,0.852837131,2,1,393948,1248815.16,65174.02867,0.052188691,9483.721609,0.024073537,0.929099358
5,2019,North Fairmount,31,13,4,18,123.74,248.89,1621,699.4673031,543.1704057,297.8926014,85.88591885,3.17,0.369469027,0.633179512,2.26,1,150753,477887.01,53600.84744,0.112162177,9287.440191,0.061607001,0.80694869
5,2019,Northside,31,13,4,18,123.74,248.89,7865,3918,1410,678,239,3.17,0.164369576,0.88677349,2.006624285,1,731445,2318680.65,133570.9667,0.057606452,22191.4,0.030339123,0.974719066
5,2019,Oakley,31,13,4,18,123.74,248.89,12034,6473,1256,478,247,3.17,0.052216901,0.941124033,1.834845438,1,1119162,3547743.54,70104.01667,0.01976017,17545,0.015676908,0.976561111
5,2019,Over-the-Rhine,31,13,4,18,123.74,248.89,5200,2498,1076,598,132,3.17,0.325060048,0.812888983,1.860265385,0.65,483600,1533012,168415.5667,0.109859262,11482.9,0.023744624,0.946492869
5,2019,Pendleton,31,13,4,18,123.74,248.89,1083,571,238,111,49,3.17,0.218914186,0.824800105,1.9,1,100719,319279.23,25926.04167,0.08120178,3872,0.038443591,0.944445475
5,2019,Pleasant Ridge,31,13,4,18,123.74,248.89,7182,3534.503299,1409.428841,690.7728558,255.6503299,3.17,0.085550603,0.945230719,2.006922863,1,667926,2117325.42,62715.90116,0.029620341,22903.44109,0.034290387,1.009141447
5,2019,Queensgate,31,13,4,18,123.74,248.89,243,79.62848606,91.00398406,26.62350598,16.45816733,3.17,0.531914894,0.52970774,2.29,1,22599,71638.83,8784.899776,0.122627628,1042.576494,0.046133745,0.698469113
5,2019,Riverside,31,13,4,18,123.74,248.89,1772,929.6467066,299.6766467,135.7784431,49.7005988,3.17,0.179142163,0.85078079,1.920112867,1,164796,522403.32,34541.56028,0.066120484,4488.592814,0.027237268,0.944138542
5,2019,Roselawn,31,13,4,18,123.74,248.89,7627,3442,2060,1154,384,3.17,0.29110982,0.733542471,2.123861282,1,709311,2248515.87,207823.15,0.09242681,37219.6,0.052472893,0.878442174
5,2019,Sayler Park,31,13,4,18,123.74,248.89,3001,1169,690,395,136,3.17,0.127459367,0.870307156,2.56,1,279093,884724.81,30903.84167,0.034930457,12850.2,0.046042717,0.95128033
5,2019,Sedamsville,31,13,4,18,123.74,248.89,520,218.3532934,118.3233533,64.22155689,25.2994012,3.17,0.386809269,0.783156815,2.26,1,48360,153301.2,17517.93139,0.114271326,2166.407186,0.044797502,0.942225643
5,2019,South Cumminsville,31,13,4,18,123.74,248.89,704,282.6853539,291.5655221,164.5297828,21.70707779,3.17,0.530541012,0.571131307,2.48,1,65472,207546.24,31106.30825,0.14987652,4506.932025,0.068837549,0.789845376
5,2019,South Fairmount,31,13,4,18,123.74,248.89,1981,855,453,211,131,3.17,0.392982456,0.704799795,2.09,1,184233,584018.61,69689.2,0.119327019,8276.4,0.044923548,0.869050362
5,2019,Spring Grove Village,31,13,4,18,123.74,248.89,2171,862,599,373,70,3.17,0.212296984,0.889740215,2.51,1,201903,640032.51,37955.725,0.059302808,10720.6,0.053097775,1.002140798
5,2019,Villages at Roll Hill,31,13,4,18,123.74,248.89,2348,847,1244,487,48,3.17,0.710743802,0.410982508,2.77,1,218364,692213.88,124859.8167,0.180377511,12947,0.059290909,0.650650928
5,2019,Walnut Hills,31,13,4,18,123.74,248.89,6368,3492,1070,513,163,3.17,0.452176403,0.7327332,1.799605842,0.69,592224,1877350.08,327497.7583,0.174446824,11287.848,0.019060099,0.926240122
5,2019,West End,31,13,4,18,123.74,248.89,6695,3532.019985,1595.908956,1087.643967,210.5988157,3.17,0.363444591,0.744639173,1.909876027,1,622635,1973752.95,266248.7419,0.134894664,31417.47535,0.050458897,0.929992734
5,2019,West Price Hill,31,13,4,18,123.74,248.89,18343,7664.524854,5121.964782,2655.326325,847.0986757,3.17,0.237111692,0.852876947,2.387708663,1,1705899,5407699.83,376933.2144,0.069703058,84758.68503,0.049685641,0.972265646
5,2019,Westwood,31,13,4,18,123.74,248.89,32316,14259.45688,8629.008023,4229.561882,1379.361984,3.17,0.223270087,0.84579064,2.254729236,1,3005388,9527079.96,660328.0231,0.069310641,135735.9576,0.045164204,0.960265485
5,2019,Winton Hills,31,13,4,18,123.74,248.89,6008,2268,3018,1748,402,3.17,0.547619048,0.548176713,2.65,1,558744,1771218.48,257601.15,0.145437253,52030,0.093119568,0.786733534
5,2020,Avondale,31,15,4,16,203.22,408.53,12719,5968,3390,1896,515,3.33,0.358746649,0.698973421,1.999154336,1,1182867,3938947.11,728885.6083,0.185045797,52077.6,0.04402659,0.928045807
5,2020,Bond Hill,31,15,4,16,203.22,408.53,7276,3243,1799,1169,149,3.33,0.134443417,0.864866589,2.200033454,1,676668,2253304.44,148432.5667,0.065873285,28468.8,0.042072035,0.97281191
5,2020,California,31,15,4,16,203.22,408.53,930.8790896,329.3826458,241.5704125,113.1493599,52.40967283,3.33,0,0.971241403,2.8,0.13,86571.75533,288283.9453,0,0,464.8897639,0.005369994,0.976611397
5,2020,Camp Washington,31,15,4,16,203.22,408.53,1128,412,112,33,24,3.33,0.191747573,0.893005193,1.9,1,104904,349330.32,26894.89167,0.076989858,1231.2,0.011736445,0.981731495
5,2020,Carthage,31,15,4,16,203.22,408.53,3021,1040,911,537,286,3.33,0.225961538,0.806840928,2.9,1,280953,935573.49,80003.79167,0.085513102,17776.8,0.063273217,0.955627247
5,2020,Clifton,31,15,4,16,203.22,408.53,8476,4118,1379,751,212,3.33,0.050995629,0.875841693,2.075568288,0.4,788268,2624932.44,71492.75,0.027236034,8320.32,0.010555192,0.91363292
5,2020,College Hill,31,15,4,16,203.22,408.53,16199,7263,3660,2115,618,3.33,0.144292992,0.842489456,2.210749863,1,1506507,5016668.31,356782.8667,0.071119485,59032.8,0.039185215,0.952794155
5,2020,Columbia Tusculum,31,15,4,16,203.22,408.53,1533.955374,712.7721151,250.8824927,120.0414576,40.70609982,3.33,0.027389277,0.962334613,2.15,0.13,142657.8497,475050.6397,6646.208835,0.013990527,451.3791413,0.003164068,0.979489208
5,2020,Corryville,31,15,4,16,203.22,408.53,4310,1868,192,75,9,3.33,0.051391863,0.705229009,2.254939759,1,400830,1334763.9,32682.4,0.024485529,1814.4,0.004526607,0.734241145
5,2020,CUF,31,15,4,16,203.22,408.53,16792,5439,516,180,190,3.33,0.05846663,0.775875336,2.201993048,1,1561656,5200314.48,108260.45,0.020818058,7992,0.005117644,0.801811039
5,2020,Downtown,31,15,4,16,203.22,408.53,3914.909697,2723.126573,201.8201332,37.58771281,0,3.33,0.115489662,0.908709516,1.400396681,1,364086.6018,1212408.384,107066.5102,0.088308949,811.8945966,0.002229949,0.999248414
5,2020,East End,31,15,4,16,203.22,408.53,1462,703,201,94,47,3.33,0.086770982,0.935705267,2.06,1,135966,452766.78,20766.94167,0.045866752,3045.6,0.022399718,1.003971737
5,2020,East Price Hill,31,15,4,16,203.22,408.53,14788,6063,4110,2240,563,3.33,0.309252845,0.802082883,2.421629116,1,1375284,4579695.72,638328.125,0.139382213,60544.8,0.044023489,0.985488585
5,2020,East Walnut Hills,31,15,4,16,203.22,408.53,3730.882391,2345.219794,238.0109254,95.55205656,27.90938303,3.33,0.042030472,0.949114357,1.57315749,1,346972.0623,1155416.968,33557.57138,0.029043689,2666.767095,0.007685827,0.985843872
5,2020,East Westwood,31,15,4,16,203.22,408.53,2594.407483,1110.703775,825.609913,480.56864,143.2812563,3.33,0.331502393,0.719523199,2.316640032,1,241279.8959,803462.0533,125350.9481,0.156013526,13475.15776,0.055848655,0.931385381
5,2020,English Woods,31,15,4,16,203.22,408.53,452.0534606,217.202864,136.4305489,76.47350835,21.49403341,3.33,0.252083333,0.721772965,2.03,1,42040.97184,139996.4362,18640.27814,0.133148233,2116.098902,0.050334205,0.905255404
5,2020,Evanston,31,15,4,16,203.22,408.53,8305.282307,3343.437259,1505.62945,782.1793541,288.1667115,3.33,0.14225908,0.880456912,2.1611644,0.36,772391.2545,2572062.878,161925.737,0.06295559,8323.011006,0.010775641,0.954188144
5,2020,Hartwell,31,15,4,16,203.22,408.53,5213,2384,1046,412,203,3.33,0.117449664,0.913793044,2.12,1,484809,1614413.97,95323.66667,0.059045368,13284,0.027400481,1.000238893
5,2020,Hyde Park,31,15,4,16,203.22,408.53,13423,6632,2497,1401,325,3.33,0.012665862,0.953415044,2.009787826,0.65,1248339,4156968.87,28597.1,0.006879315,24233.04,0.019412227,0.979706586
5,2020,Kennedy Heights,31,15,4,16,203.22,408.53,5020,2564,821,456,28,3.33,0.097113885,0.910703138,1.95,1,466860,1554643.8,84769.975,0.054526944,10454.4,0.022393009,0.98762309
5,2020,Linwood,31,15,4,16,203.22,408.53,669.9474518,311.2997095,109.5716926,52.42751518,17.77818854,3.33,0.027389277,0.962334613,2.15,1,62305.11302,207476.0264,2902.698964,0.013990527,1516.4432,0.024338985,1.000664125
5,2020,Lower Price Hill,31,15,4,16,203.22,408.53,858.0199203,279.690239,281.9641434,89.44023904,42.44621514,3.33,0.482384824,0.59529547,2.3,1,79795.85259,265720.1891,45931.82,0.172857848,2848.74741,0.035700445,0.803853763
5,2020,Madisonville,31,15,4,16,203.22,408.53,10708.11111,5353.468575,1880.752525,960.5347924,350.6116723,3.33,0.083063405,0.887632225,2.036783539,1,995854.3333,3316194.93,151386.691,0.045650721,28320.76364,0.028438661,0.961721607
5,2020,Millvale,31,15,4,16,203.22,408.53,2172.59986,849.0014015,897.9677645,539.3833217,57.25297828,3.33,0.573203194,0.545278332,2.55,1,202051.787,672832.4506,165676.0444,0.246236703,12887.34408,0.063782381,0.855297416
5,2020,Mt. Adams,31,15,4,16,203.22,408.53,1617,975,115,69,28,3.33,0,0.968495181,1.66,0.13,150381,500768.73,0,0,272.376,0.001811239,0.97030642
5,2020,Mt. Airy,31,15,4,16,203.22,408.53,8806.992291,3766.476649,2421.760119,1321.154633,452.6658265,3.33,0.231938543,0.771281074,2.33455419,1,819050.283,2727437.442,297406.8116,0.109042579,38314.52193,0.046779206,0.927102858
5,2020,Mt. Auburn,31,15,4,16,203.22,408.53,4632,2374,708,325,162,3.33,0.136478517,0.876137822,1.804115492,1,430776,1434484.08,110303.1,0.076893917,10519.2,0.024419188,0.977450927
5,2020,Mt. Lookout,31,15,4,16,203.22,408.53,4936.097175,2131.928175,1133.545815,635.5310272,151.5157116,3.33,0.00888933,0.969493974,2.316645316,0.13,459057.0372,1528659.934,6451.850535,0.004220592,2210.027243,0.004814276,0.978528842
5,2020,Mt. Washington,31,15,4,16,203.22,408.53,12196.83526,5429.929707,3033.712291,1576.369099,438.2196687,3.33,0.151879582,0.908039547,2.222381882,0.45,1134305.679,3777237.912,280760.6945,0.074329629,19581.80282,0.01726325,0.999632427
5,2020,North Avondale - Paddock Hills,31,15,4,16,203.22,408.53,4209.835302,1701.342946,614.3596247,356.2685893,47.92390549,3.33,0.193256155,0.872082623,2.078163362,1,391514.6831,1303743.895,111935.5166,0.085856982,8730.557887,0.022299439,0.980239044
5,2020,North Fairmount,31,15,4,16,203.22,408.53,1545.946539,742.797136,466.5694511,261.5264916,73.50596659,3.33,0.252083333,0.721772965,2.03,1,143773.0282,478764.1838,63746.60519,0.133148233,7236.701098,0.050334205,0.905255404
5,2020,Northside,31,15,4,16,203.22,408.53,7789,3910,1374,665,222,3.33,0.135805627,0.900782894,1.987628735,1,724377,2412175.41,180774.525,0.074942529,19159.2,0.026449211,1.002174633
5,2020,Oakley,31,15,4,16,203.22,408.53,11666.88889,6491.531425,1354.247475,449.4652076,337.3883277,3.33,0.035326436,0.95188309,1.773530829,1,1085020.667,3613118.82,78070.99237,0.021607646,16996.03636,0.015664251,0.989154988
5,2020,Over-the-Rhine,31,15,4,16,203.22,408.53,5407,2800,872,458,96,3.33,0.251071429,0.865757332,1.735303846,0.65,502851,1674493.83,239330.4917,0.142927067,7778.16,0.015468121,1.02415252
5,2020,Pendleton,31,15,4,16,203.22,408.53,980,476,218,92,44,3.33,0.149159664,0.880294889,2.06,1,91140,303496.2,24171.35833,0.079643035,2937.6,0.032231731,0.992169655
5,2020,Pleasant Ridge,31,15,4,16,203.22,408.53,7044.73327,3555.784166,1513.62394,880.9359095,225.2940622,3.33,0.11101451,0.916917317,1.939781398,1,655160.1942,2181683.447,134387.1821,0.061597929,23894.56739,0.036471336,1.014986582
5,2020,Queensgate,31,15,4,16,203.22,408.53,273.9800797,89.30976096,90.03585657,28.55976096,13.55378486,3.33,0.482384824,0.59529547,2.3,1,25480.14741,84848.89088,14666.79666,0.172857848,909.6525896,0.035700445,0.803853763
5,2020,Riverside,31,15,4,16,203.22,408.53,1794.736527,917.6646707,227.8023952,131.2814371,36.76047904,3.33,0.14330832,0.87063014,1.913544018,1,166910.497,555811.955,44771.13703,0.080550871,3629.705389,0.021746418,0.972927429
5,2020,Roselawn,31,15,4,16,203.22,408.53,8119,3692,1820,1000,359,3.33,0.263001083,0.731864272,2.113471876,1,755067,2514373.11,330568.8583,0.131471681,29354.4,0.03887655,0.902212502
5,2020,Sayler Park,31,15,4,16,203.22,408.53,2993,1193,668,393,164,3.33,0.158424141,0.874458463,2.510073309,1,278349,926902.17,64343.475,0.069417763,12031.2,0.043223435,0.987099661
5,2020,Sedamsville,31,15,4,16,203.22,408.53,568.2634731,262.3353293,101.1976048,60.71856287,20.23952096,3.33,0.207715134,0.865068649,2.07,1,52848.50299,175985.515,18551.01297,0.105412158,1748.694611,0.03308882,1.003569627
5,2020,South Cumminsville,31,15,4,16,203.22,408.53,711.4001402,277.9985985,294.0322355,176.6166783,18.74702172,3.33,0.573203194,0.545278332,2.55,1,66160.21303,220313.5094,54249.27223,0.246236703,4219.855922,0.063782381,0.855297416
5,2020,South Fairmount,31,15,4,16,203.22,408.53,1843,853,423,199,54,3.33,0.296600234,0.745799126,1.94,1,171399,570758.67,86131.74167,0.150907461,5464.8,0.0318835,0.928590086
5,2020,Spring Grove Village,31,15,4,16,203.22,408.53,2239,889,645,434,64,3.33,0.282339708,0.824591244,2.51,1,208227,693395.91,85450.85833,0.123235308,10756.8,0.051659007,0.999485558
5,2020,Villages at Roll Hill,31,15,4,16,203.22,408.53,2382,844,1266,581,40,3.33,0.699052133,0.414767959,2.82,1,221526,737681.58,200860.5833,0.272286294,13413.6,0.060550906,0.747605159
5,2020,Walnut Hills,31,15,4,16,203.22,408.53,6382,3777,808,386,125,3.33,0.36457506,0.800911924,1.688450063,0.69,593526,1976441.58,468788.175,0.237187974,7615.944,0.012831694,1.050931592
5,2020,West End,31,15,4,16,203.22,408.53,7714.090303,3427.873427,2694.179867,1503.412287,292,3.33,0.479453827,0.679860872,2.280349515,1,717410.3982,2388976.626,559518.2731,0.23420835,38780.9054,0.054056793,0.968126015
5,2020,West Price Hill,31,15,4,16,203.22,408.53,17977.5585,7434.568795,5158.830696,2798.855275,984.6436493,3.33,0.241029518,0.843703751,2.41101074,1,1671912.941,5567470.093,610054.6258,0.109574837,81723.57676,0.048880282,1.00215887
5,2020,Westwood,31,15,4,16,203.22,408.53,32214.59252,14285.29622,8935.390087,4066.43136,1436.718744,3.33,0.197181703,0.852091822,2.25775622,1,2995957.104,9976537.157,958955.7602,0.096121103,118868.0422,0.03967615,0.987889075
5,2020,Winton Hills,31,15,4,16,203.22,408.53,6204,2646,2954,1360,331,3.33,0.555933485,0.611866919,2.34,1,576972,1921316.76,500789.6917,0.260649208,36525.6,0.063305672,0.935821799
5,2021,Avondale,31,16,5,15,220.27,436.32,13427,5961,3578,1817,782,3.67,0.336017447,0.678530718,2.129065235,1,1248711,4582769.37,728290.8,0.158919365,53279.5,0.042667599,0.880117682
5,2021,Bond Hill,31,16,5,15,220.27,436.32,7640,3312,1924,1160,158,3.67,0.125,0.873251239,2.280066908,1,710520,2607608.4,150530.4,0.05772738,27019,0.038027079,0.969005698
5,2021,California,31,16,5,15,220.27,436.32,930.8790896,333.8947368,238.0995733,113.4964438,53.10384068,3.67,0,0.974532007,2.77,0.13,86571.75533,317718.3421,0,0,443.9897582,0.005128575,0.979660583
5,2021,Camp Washington,31,16,5,15,220.27,436.32,1190,461,124,39,34,3.67,0.21691974,0.894907014,1.87,1,110670,406158.9,36360,0.089521613,1496.5,0.013522183,0.99795081
5,2021,Carthage,31,16,5,15,220.27,436.32,2889,1107,899,566,206,3.67,0.274616079,0.817363415,2.6,1,268677,986044.59,110534.4,0.112098784,15826,0.058903442,0.988365641
5,2021,Clifton,31,16,5,15,220.27,436.32,8544,4182,1386,828,171,3.67,0.055475849,0.869871483,2.043306829,0.4,794592,2916152.64,84355.2,0.028926881,8191.8,0.010309442,0.909107806
5,2021,College Hill,31,16,5,15,220.27,436.32,17085,7353,3947,2269,700,3.67,0.15871073,0.812452927,2.296748156,1,1588905,5831281.35,424321.2,0.072766374,60864.5,0.03830594,0.923525242
5,2021,Columbia Tusculum,31,16,5,15,220.27,436.32,1546.001056,742.6786374,243.4058622,126.2719831,30.32189068,3.67,0.035234899,0.96879115,2.08,0.13,143778.0982,527665.6205,9514.760074,0.018031798,417.3226736,0.002902547,0.989725496
5,2021,Corryville,31,16,5,15,220.27,436.32,4438,1936,161,85,5,3.67,0.048553719,0.710637046,2.253644578,1,412734,1514733.78,34178.4,0.022563965,1845,0.004470191,0.737671203
5,2021,CUF,31,16,5,15,220.27,436.32,17351,5533,603,326,155,3.67,0.053677932,0.777781785,2.291218334,1,1613643,5922069.81,107989.2,0.018235043,9860.5,0.006110707,0.802127535
5,2021,Downtown,31,16,5,15,220.27,436.32,4608.323464,3019.737232,182.9837158,34.24870466,0,3.67,0.108420912,0.920791648,1.445595022,1,428574.0822,1572866.882,119043.6089,0.07568575,702.0984456,0.00163822,0.998115617
5,2021,East End,31,16,5,15,220.27,436.32,1497,707,222,117,41,3.67,0.111739745,0.96313056,2.09,1,139221,510941.07,28724.4,0.056218616,3239,0.023265168,1.042614345
5,2021,East Price Hill,31,16,5,15,220.27,436.32,15139,6027,4271,2175,643,3.67,0.296996848,0.752217016,2.480657857,1,1407927,5167092.09,650844,0.125959435,57769,0.041031247,0.919207697
5,2021,East Walnut Hills,31,16,5,15,220.27,436.32,3830.861183,2460.753213,256.2429306,125.5520566,25.67737789,3.67,0.026929441,0.946580765,1.542606914,1,356270.09,1307511.23,24094.57558,0.018427815,3100.203406,0.008701835,0.973710415
5,2021,East Westwood,31,16,5,15,220.27,436.32,2454.68656,1098.389607,811.9877463,519.3576096,102.613651,3.67,0.373575999,0.726996982,2.224302837,1,228285.8501,837809.0698,149196.7134,0.178079611,12750.41084,0.05585283,0.960929424
5,2021,English Woods,31,16,5,15,220.27,436.32,488.2539379,230.778043,135.073031,67.19713604,23.30405728,3.67,0.221568627,0.728074357,2.07,1,45407.61623,166645.9516,18592.02215,0.111565999,1855.274463,0.040858222,0.880498579
5,2021,Evanston,31,16,5,15,220.27,436.32,8672.297261,3470.777016,1628.718848,822.756491,335.9758535,3.67,0.14073521,0.866051248,2.181702458,0.36,806523.6453,2959941.778,177604.2493,0.060002616,8551.444703,0.010602844,0.936656708
5,2021,Hartwell,31,16,5,15,220.27,436.32,5084,2421,960,407,270,3.67,0.090458488,0.922572537,2.03,1,472812,1735220.04,79628.4,0.045889512,13878.5,0.029353104,0.997815153
5,2021,Hyde Park,31,16,5,15,220.27,436.32,14090,6696,2678,1434,361,3.67,0.009109916,0.950683326,2.093173576,0.65,1310370,4809057.9,22179.6,0.004612047,23918.375,0.018253146,0.973548518
5,2021,Kennedy Heights,31,16,5,15,220.27,436.32,5042,2478,890,418,40,3.67,0.086763519,0.863439283,2.02,1,468906,1720885.02,78174,0.045426626,9389,0.020023203,0.928889112
5,2021,Linwood,31,16,5,15,220.27,436.32,675.2083443,324.3612358,106.3063111,55.14866649,13.24293636,3.67,0.035234899,0.96879115,2.08,1,62794.37602,230455.36,4155.524584,0.018031798,1402.027858,0.022327284,1.009150233
5,2021,Lower Price Hill,31,16,5,15,220.27,436.32,857.2619522,274.3844622,282.7221116,110.6633466,18.94920319,3.67,0.497237569,0.566005899,2.41,1,79725.36155,292592.0769,49607.49801,0.169544912,2657.057271,0.033327629,0.76887844
5,2021,Madisonville,31,16,5,15,220.27,436.32,10328.1431,5116.823232,1645.746914,776.157688,339.3602694,3.67,0.089933637,0.863930384,2.048913084,1,960517.3081,3525098.521,167319.4566,0.047465186,22868.11813,0.023808127,0.935203696
5,2021,Millvale,31,16,5,15,220.27,436.32,2390.311843,890.4344779,964.2606868,522.8100911,59.51296426,3.67,0.611675127,0.483970406,2.67,1,222299.0014,815837.3351,198037.1479,0.242740972,11937.62263,0.053700748,0.780412126
5,2021,Mt. Adams,31,16,5,15,220.27,436.32,1611,940,134,89,31,3.67,0,0.947803977,1.71,0.13,149823,549850.41,0,0,319.8,0.002134519,0.949938496
5,2021,Mt. Airy,31,16,5,15,220.27,436.32,8782.733284,3929.412157,2344.556412,1316.05278,373.766642,3.67,0.226574217,0.744310778,2.229856983,1,816794.1954,2997634.697,323714.3468,0.107989925,34641.29815,0.042411293,0.894711996
5,2021,Mt. Auburn,31,16,5,15,220.27,436.32,4811,2573,712,390,151,3.67,0.158958414,0.860787614,1.750066796,1,447423,1642042.41,148712.4,0.090565505,11090.5,0.024787505,0.976140624
5,2021,Mt. Lookout,31,16,5,15,220.27,436.32,5051.790599,2169.960127,1191.287827,626.5793504,164.435173,3.67,0.011706647,0.969539695,2.336911529,0.13,469816.5257,1724226.649,9236.515342,0.005356903,2108.053705,0.004486972,0.97938357
5,2021,Mt. Washington,31,16,5,15,220.27,436.32,12483.0966,5465.23091,3053.730015,1620.465724,681.9047985,3.67,0.130170228,0.909940127,2.261685777,0.45,1160927.984,4260605.702,258668.8045,0.060711744,21239.36807,0.018295164,0.988947035
5,2021,North Avondale - Paddock Hills,31,16,5,15,220.27,436.32,4352.841557,1743.469771,617.038221,334.6914524,117.3467686,3.67,0.155593612,0.880778935,2.099291785,1,404814.2648,1485668.352,98634.77512,0.066390844,9266.78353,0.022891445,0.970061223
5,2021,North Fairmount,31,16,5,15,220.27,436.32,1669.746062,789.221957,461.926969,229.802864,79.69594272,3.67,0.221568627,0.728074357,2.07,1,155286.3838,569901.0284,63581.57785,0.111565999,6344.725537,0.040858222,0.880498579
5,2021,Northside,31,16,5,15,220.27,436.32,7965,4049,1390,654,270,3.67,0.097061003,0.896129559,1.963954228,1,740745,2718534.15,142894.8,0.05256318,18942,0.025571553,0.974264292
5,2021,Oakley,31,16,5,15,220.27,436.32,11310.8569,6355.176768,1271.253086,532.842312,163.6397306,3.67,0.033488522,0.946221026,1.75428702,1,1051909.692,3860508.569,77383.34343,0.020044857,14277.88187,0.013573296,0.979839179
5,2021,Over-the-Rhine,31,16,5,15,220.27,436.32,5712,2976,893,456,143,3.67,0.228158602,0.865310959,1.766196154,0.65,531216,1949562.72,246884.4,0.126635782,7981.675,0.015025291,1.006972032
5,2021,Pendleton,31,16,5,15,220.27,436.32,1018,509,223,116,30,3.67,0.106090373,0.892919279,2,1,94674,347453.58,19634.4,0.056509419,2993,0.031613748,0.981042446
5,2021,Pleasant Ridge,31,16,5,15,220.27,436.32,7326.252592,3596.025448,1421.01131,749.3854854,189.8831291,3.67,0.111246761,0.906729328,2.000969089,1,681341.491,2500523.272,145456.7921,0.058170541,19255.0066,0.028260435,0.993160304
5,2021,Queensgate,31,16,5,15,220.27,436.32,273.7380478,87.61553785,90.27788845,35.33665339,6.050796813,3.67,0.497237569,0.566005899,2.41,1,25457.63845,93429.5331,15840.50199,0.169544912,848.4427291,0.033327629,0.76887844
5,2021,Riverside,31,16,5,15,220.27,436.32,1612.790419,737.7125749,260.4850299,139.6047904,32.31736527,3.67,0.210060228,0.823390031,2.149051919,1,149989.509,550461.498,56344.93653,0.102359451,3524.404192,0.023497671,0.949247153
5,2021,Roselawn,31,16,5,15,220.27,436.32,7056,3035,1647,887,249,3.67,0.228336079,0.749102912,2.200778812,1,656208,2408283.36,251974.8,0.104628386,23288,0.035488747,0.889220045
5,2021,Sayler Park,31,16,5,15,220.27,436.32,3122,1287,721,462,133,3.67,0.172494172,0.836237043,2.427624125,1,290346,1065569.82,80719.2,0.075752145,12197.5,0.042010222,0.953999411
5,2021,Sedamsville,31,16,5,15,220.27,436.32,570.2095808,206.2874251,147.5149701,72.39520958,18.68263473,3.67,0.203773585,0.785877964,2.64,1,53029.49102,194618.232,15284.26347,0.078534592,1867.095808,0.035208632,0.899621188
5,2021,South Cumminsville,31,16,5,15,220.27,436.32,782.688157,291.5655221,315.7393132,171.1899089,19.48703574,3.67,0.611675127,0.483970406,2.67,1,72789.9986,267139.2949,64845.65214,0.242740972,3908.877365,0.053700748,0.780412126
5,2021,South Fairmount,31,16,5,15,220.27,436.32,1948,879,467,238,64,3.67,0.360637088,0.72152678,2.02,1,181164,664871.88,115261.2,0.173358512,6191,0.034173456,0.929058748
5,2021,Spring Grove Village,31,16,5,15,220.27,436.32,2167,885,569,353,63,3.67,0.246327684,0.829347783,2.44,1,201531,739618.77,79264.8,0.107169806,8528,0.04231607,0.97883366
5,2021,Villages at Roll Hill,31,16,5,15,220.27,436.32,2556,861,1464,770,35,3.67,0.766550523,0.394923892,2.97,1,237708,872388.36,239976,0.275079324,16502.5,0.06942341,0.739426626
5,2021,Walnut Hills,31,16,5,15,220.27,436.32,6121,3661,769,356,74,3.67,0.356186834,0.781163163,1.662482726,0.69,569253,2089158.51,474134.4,0.226949941,6082.35,0.010684792,1.018797896
5,2021,West End,31,16,5,15,220.27,436.32,8108.676536,3560.262768,2883.016284,1662.751295,282,3.67,0.4933898,0.676673033,2.308115011,1,754106.9178,2767572.388,638698.7911,0.230779435,39867.40155,0.052867041,0.960319508
5,2021,West Price Hill,31,16,5,15,220.27,436.32,19033.09943,7620.713062,5323.327424,2962.558573,1141.668963,3.67,0.227960123,0.832467257,2.488727035,1,1770078.247,6496187.167,631652.7157,0.097234378,84136.66449,0.047532737,0.977234372
5,2021,Westwood,31,16,5,15,220.27,436.32,33395.31344,14676.61039,9045.012254,4450.64239,1192.386349,3.67,0.209562557,0.822624938,2.291599517,1,3105764.15,11398154.43,1118312.887,0.098113505,115682.0892,0.037247545,0.957985988
5,2021,Winton Hills,31,16,5,15,220.27,436.32,6294,2662,3029,1366,361,3.67,0.51014275,0.569889451,2.36,1,585342,2148205.14,493768.8,0.229851792,35403.5,0.060483444,0.860224687
5,2022,Avondale,31,16,6,15,240.93,477.11,12792,5700,3094,1540,797,4.1,0.34877193,0.690980596,2.096732697,1,1189656,4877589.6,790412.2333,0.162049762,48375.9,0.040663772,0.89369413
5,2022,Bond Hill,31,16,6,15,240.93,477.11,7287,3139,1780,1167,192,4.1,0.153552087,0.86942799,2.290075272,1,677691,2778533.1,191639.1833,0.068971352,28131.3,0.041510511,0.979909853
5,2022,California,31,16,6,15,240.93,477.11,929.4907539,341.8776671,256.1479374,125.2972973,57.61593172,4.1,0.023350254,0.969585022,2.71,0.13,86442.64011,354414.8245,3173.946562,0.008955457,492.2194993,0.005694175,0.984234653
5,2022,Camp Washington,31,16,6,15,240.93,477.11,1151,479,106,59,17,4.1,0.219206681,0.888968813,1.78,1,107043,438876.3,41747.125,0.09512276,1573.2,0.014696898,0.998788471
5,2022,Carthage,31,16,6,15,240.93,477.11,2759,1055,821,527,173,4.1,0.232227488,0.783555874,2.61,1,256587,1052006.7,97409.95833,0.092594428,14490,0.056472074,0.932622376
5,2022,Clifton,31,16,6,15,240.93,477.11,8311,4192,1066,556,124,4.1,0.070849237,0.872889824,1.977352666,0.4,772923,3168984.3,118084.725,0.037262641,5630.4,0.007284555,0.91743702
5,2022,College Hill,31,16,6,15,240.93,477.11,16578,7214,3674,1973,744,4.1,0.174383144,0.81169804,2.262897641,1,1541754,6321191.4,500170.3167,0.079125957,56241.9,0.036479166,0.927303163
5,2022,Columbia Tusculum,31,16,6,15,240.93,477.11,1527.30948,742.2632691,232.6062847,103.0113546,34.47557433,4.1,0.040850588,0.969597306,2.05,0.13,142039.7816,582363.1046,12055.73105,0.020701399,369.9773259,0.002604744,0.992903449
5,2022,Corryville,31,16,6,15,240.93,477.11,4593,1944,313,99,2,4.1,0.036522634,0.654416473,2.308411145,1,427149,1751310.9,28229.00833,0.016118788,2090.7,0.004894545,0.675429806
5,2022,CUF,31,16,6,15,240.93,477.11,17703,5839,590,332,135,4.1,0.047097106,0.778482266,2.260336397,1,1646379,6750153.9,109337.7083,0.01619781,9666.9,0.005871613,0.800551689
5,2022,Downtown,31,16,6,15,240.93,477.11,5257.262028,3281.935603,263.9726129,50.43523316,0,4.1,0.057514217,0.93358807,1.474933886,1,488925.3686,2004594.011,75048.59075,0.037438299,1044.009326,0.002135314,0.973161683
5,2022,East End,31,16,6,15,240.93,477.11,1430,707,161,88,24,4.1,0.101838755,0.944726758,2,1,132990,545259,28626.6,0.052500922,2318.4,0.01743289,1.014660569
5,2022,East Price Hill,31,16,6,15,240.93,477.11,15908,6082,5021,2667,762,4.1,0.29118711,0.723129086,2.611281774,1,1479444,6065720.4,704134.8417,0.116084289,70980.3,0.047977686,0.887191061
5,2022,East Walnut Hills,31,16,6,15,240.93,477.11,4012.088046,2493.270566,399.2056555,215.1201799,60.33868895,4.1,0.035380584,0.913265016,1.603667093,1,373124.1883,1529809.172,35072.89985,0.022926323,5701.998586,0.015281771,0.951473111
5,2022,East Westwood,31,16,6,15,240.93,477.11,2434.307438,1059.651077,735.5904287,462.9622519,116.2436471,4.1,0.373495044,0.696477431,2.276188574,1,226390.5917,928201.426,157356.6133,0.169528519,11989.56211,0.052959631,0.91896558
5,2022,English Woods,31,16,6,15,240.93,477.11,489.8377088,235.3031026,125.1178998,51.58568019,21.94653938,4.1,0.273076923,0.710655115,2.05,1,45554.90692,186775.1184,25547.5894,0.136782617,1522.116945,0.033412799,0.880850531
5,2022,Evanston,31,16,6,15,240.93,477.11,8354.011328,3434.786071,1417.954873,731.6112308,313.4879268,4.1,0.112565559,0.869583815,2.133520639,0.36,776923.0535,3185384.519,153724.2905,0.048259257,7788.078922,0.01002426,0.927867333
5,2022,Hartwell,31,16,6,15,240.93,477.11,5237,2448,965,379,237,4.1,0.100081699,0.917389358,2.04,1,487041,1996868.1,97409.95833,0.048781368,12751.2,0.026180958,0.992351684
5,2022,Hyde Park,31,16,6,15,240.93,477.11,13530,6580,2465,1297,355,4.1,0.013981763,0.94137498,2.039088857,0.65,1258290,5158989,36578.43333,0.007090233,22227.66,0.017664974,0.966130187
5,2022,Kennedy Heights,31,16,6,15,240.93,477.11,4714,2372,795,352,69,4.1,0.1306914,0.828223603,1.98,1,438402,1797448.2,123253.4167,0.068571332,8714.7,0.019878331,0.916673265
5,2022,Linwood,31,16,6,15,240.93,477.11,667.0448904,324.1798257,101.5896488,44.98970161,15.05703723,4.1,0.040850588,0.969597306,2.05,1,62035.17481,254344.2167,5265.281139,0.020701399,1242.967494,0.020036495,1.0103352
5,2022,Lower Price Hill,31,16,6,15,240.93,477.11,877.7270916,288.0278884,288.0278884,91.71414343,47.75199203,4.1,0.621052632,0.517487295,2.37,1,81628.61952,334677.34,71121.38742,0.212507328,2886.949004,0.035366873,0.765361496
5,2022,Madisonville,31,16,6,15,240.93,477.11,10685.46577,5292.751964,1716.369809,732.0976431,342.6060606,4.1,0.099709447,0.845874785,2.041209633,1,993748.3165,4074368.098,209823.982,0.051498534,22246.36667,0.022386319,0.919759637
5,2022,Millvale,31,16,6,15,240.93,477.11,2341.34548,890.4344779,1023.773651,662.1758935,74.57953749,4.1,0.602368866,0.476951667,2.62,1,217745.1296,892755.0315,213256.245,0.238874313,15250.83742,0.070039856,0.785865836
5,2022,Mt. Adams,31,16,6,15,240.93,477.11,1643,977,114,80,16,4.1,0,0.941869806,1.68,0.13,152799,626475.9,0,0,258.336,0.001690692,0.943560497
5,2022,Mt. Airy,31,16,6,15,240.93,477.11,8913.806968,3893.991994,2475.059451,1374.247739,386.149444,4.1,0.250267048,0.711869148,2.277665922,1,828984.048,3398834.597,387468.1399,0.114000293,36440.22169,0.043957687,0.869827129
5,2022,Mt. Auburn,31,16,6,15,240.93,477.11,4705,2583,603,416,113,4.1,0.14324429,0.838284446,1.705475113,1,437565,1794016.5,147108.9167,0.081999757,10950.3,0.025025539,0.945309742
5,2022,Mt. Lookout,31,16,6,15,240.93,477.11,5009.64563,2186.556905,1170.804067,611.9989438,164.4673884,4.1,0.013461883,0.972702418,2.299967974,0.13,465897.0436,1910177.879,11703.17948,0.006126749,2089.4709,0.004484834,0.983314
5,2022,Mt. Washington,31,16,6,15,240.93,477.11,12436.34362,5527.69696,3001.501673,1566.027132,764.2803732,4.1,0.114884969,0.901115514,2.223608197,0.45,1156579.957,4741977.823,252490.3074,0.05324578,21706.81441,0.018768105,0.973129399
5,2022,North Avondale - Paddock Hills,31,16,6,15,240.93,477.11,4240.900625,1687.943363,666.8394719,393.2685893,104.1733843,4.1,0.179003648,0.874775752,2.117322946,1,394403.7582,1617055.408,120131.5346,0.074290302,10297.04885,0.026107887,0.975173941
5,2022,North Fairmount,31,16,6,15,240.93,477.11,1675.162291,804.6968974,427.8821002,176.4143198,75.05346062,4.1,0.273076923,0.710655115,2.05,1,155790.0931,638739.3816,87368.44393,0.136782617,5205.383055,0.033412799,0.880850531
5,2022,Northside,31,16,6,15,240.93,477.11,8200,4053,1354,559,240,4.1,0.098198865,0.899673792,2.025715194,1,762600,3126660,158241.4833,0.05061039,16539.3,0.021688041,0.971972223
5,2022,Oakley,31,16,6,15,240.93,477.11,11265.53423,6513.248036,1219.630191,484.9023569,118.3939394,4.1,0.019999642,0.943024935,1.708637195,1,1047694.684,4295548.202,51791.33468,0.012056979,12488.23333,0.011919726,0.96700164
5,2022,Over-the-Rhine,31,16,6,15,240.93,477.11,5657,3047,795,406,143,4.1,0.208729898,0.875445421,1.708942308,0.65,526101,2157014.1,252868.3,0.117230713,7386.795,0.01404064,1.006716774
5,2022,Pendleton,31,16,6,15,240.93,477.11,1134,550,251,145,40,4.1,0.125454545,0.900215501,2.06,1,105462,432394.2,27433.825,0.06344633,3829.5,0.036311657,0.999973488
5,2022,Pleasant Ridge,31,16,6,15,240.93,477.11,7184.554194,3642.132893,1438.686145,853.2770971,149.8831291,4.1,0.135636621,0.887994463,1.938428014,1,668163.5401,2739470.514,196412.9065,0.071697398,20765.41668,0.031078345,0.990770205
5,2022,Queensgate,31,16,6,15,240.93,477.11,280.2729084,91.97211155,91.97211155,29.28585657,15.24800797,4.1,0.621052632,0.517487295,2.37,1,26065.38048,106868.06,22710.24592,0.212507328,921.850996,0.035366873,0.765361496
5,2022,Riverside,31,16,6,15,240.93,477.11,2008.023952,826.0538922,418.1976048,213.6107784,33.59281437,4.1,0.19557669,0.824574948,2.420248307,1,186746.2275,765659.5329,64233.67166,0.083893257,5117.114371,0.027401434,0.935869639
5,2022,Roselawn,31,16,6,15,240.93,477.11,7692,3558,1970,1287,248,4.1,0.24480045,0.708884333,2.11616494,1,715356,2932959.6,346302.3417,0.11807266,31774.5,0.044417744,0.871374737
5,2022,Sayler Park,31,16,6,15,240.93,477.11,2902,1186,710,402,133,4.1,0.15851602,0.861450757,2.442799067,1,269886,1106532.6,74747.23333,0.067550864,11074.5,0.041033992,0.970035613
5,2022,Sedamsville,31,16,6,15,240.93,477.11,556.9760479,196.9461078,158.8023952,65.38922156,21.40718563,4.1,0.322134387,0.747090832,2.69,1,51798.77246,212374.9671,25224.45334,0.118773195,1796.685629,0.034685873,0.9005499
5,2022,South Cumminsville,31,16,6,15,240.93,477.11,766.65452,291.5655221,335.226349,216.8241065,24.42046251,4.1,0.602368866,0.476951667,2.62,1,71298.87036,292325.3685,69829.02163,0.238874313,4993.762579,0.070039856,0.785865836
5,2022,South Fairmount,31,16,6,15,240.93,477.11,1926,888,474,242,77,4.1,0.30518018,0.712572081,1.98,1,179118,734383.8,107747.3417,0.146718026,6603.3,0.036865642,0.896155749
5,2022,Spring Grove Village,31,16,6,15,240.93,477.11,2220,922,515,362,65,4.1,0.245119306,0.782147981,2.4,1,206460,846486,89855.71667,0.10615145,8838.9,0.042811683,0.931111114
5,2022,Villages at Roll Hill,31,16,6,15,240.93,477.11,2503,864,1444,819,77,4.1,0.706018519,0.369700104,2.9,1,232779,954393.9,242530.9167,0.254120355,18547.2,0.07967729,0.70349775
5,2022,Walnut Hills,31,16,6,15,240.93,477.11,6431,3677,860,364,186,4.1,0.342398695,0.782790116,1.751691269,0.69,598083,2452140.3,500567.9083,0.204135101,7855.65,0.013134715,1.000059933
5,2022,West End,31,16,6,15,240.93,477.11,7764.737972,3603.064397,2293.027387,1263.564767,234,4.1,0.464949237,0.690893072,2.177132188,1,722120.6314,2960694.589,666062.2759,0.224968248,30999.59067,0.042928549,0.958789869
5,2022,West Price Hill,31,16,6,15,240.93,477.11,18961.63553,7517.694487,5411.251034,3232.174391,1144.64663,4.1,0.196647414,0.81024671,2.514935943,1,1763432.104,7230071.627,587773.747,0.081295702,90600.19512,0.051377195,0.942919606
5,2022,Westwood,31,16,6,15,240.93,477.11,32780.69256,14571.34892,8579.409571,3879.037748,1322.756353,4.1,0.218389223,0.819417792,2.263472583,1,3048604.408,12499278.07,1265226.37,0.101223956,107677.1379,0.035320141,0.955961889
5,2022,Winton Hills,31,16,6,15,240.93,477.11,6741,2746,3304,1617,595,4.1,0.494901675,0.542016339,2.45,1,626913,2570343.3,540327.075,0.210215917,45788.4,0.073037886,0.825270142
5,2023,Avondale,31,12,3,19,176.27,341.08,12825,5866,3070,1560,841,4.2845,0.423968633,0.688056323,2.051463803,1,1192725,5110230.263,706888.3,0.138328072,60745.3,0.050929846,0.87731424
5,2023,Bond Hill,31,12,3,19,176.27,341.08,6723,3165,1495,1154,129,4.2845,0.165876777,0.861707486,2.105112908,1,625239,2678836.496,149222.5,0.055704221,32459.9,0.051915987,0.969327694
5,2023,California,31,12,3,19,176.27,341.08,954.8278805,335.9772404,260.6600284,135.3627312,45.46799431,4.2845,0.026859504,0.983597254,2.83,0.13,88798.99289,380459.285,2564.973352,0.006741781,594.752256,0.006697737,0.997036772
5,2023,Camp Washington,31,12,3,19,176.27,341.08,1128,520,109,67,18,4.2845,0.309615385,0.86960362,1.61,1,104904,449461.188,45761.56667,0.101814279,2150.5,0.020499695,0.991917593
5,2023,Carthage,31,12,3,19,176.27,341.08,2962,1094,905,576,145,4.2845,0.174588665,0.808487356,2.7,1,275466,1180234.077,54288.56667,0.045998135,18241.3,0.066219788,0.920705278
5,2023,Clifton,31,12,3,19,176.27,341.08,8012,4101,1091,543,155,4.2845,0.058522312,0.895678177,1.940058466,0.4,745116,3192449.502,68216,0.021367918,7063.76,0.009480081,0.926526176
5,2023,College Hill,31,12,3,19,176.27,341.08,16324,7124,3721,2033,828,4.2845,0.20620438,0.813060802,2.238321039,1,1518132,6504436.554,417538.7667,0.064192919,72383.3,0.047679187,0.924932908
5,2023,Columbia Tusculum,31,12,3,19,176.27,341.08,1597.922102,755.1396884,284.111962,159.086084,25.33747029,4.2845,0.048954895,0.980076407,2.11,0.13,148606.7555,636705.6439,10507.47662,0.01650288,606.56907,0.004081706,1.000660993
5,2023,Corryville,31,12,3,19,176.27,341.08,4442,1987,267,78,1,4.2845,0.023653749,0.686047929,2.159706325,1,413106,1769952.657,13358.96667,0.007547641,1998.7,0.004838226,0.698433795
5,2023,CUF,31,12,3,19,176.27,341.08,17903,6110,478,165,120,4.2845,0.052373159,0.77211139,2.154798515,1,1664979,7133602.526,90954.66667,0.012750173,7210.5,0.004330685,0.789192249
5,2023,Downtown,31,12,3,19,176.27,341.08,5501.109548,3389.128053,229.8482605,28.20355292,0,4.2845,0.072973797,0.934914516,1.449603319,1,511603.188,2191963.859,70295.88951,0.032069821,713.549889,0.001394733,0.96837907
5,2023,East End,31,12,3,19,176.27,341.08,1306,681,172,111,38,4.2845,0.114537445,0.955370044,1.9,1,121458,520386.801,22170.2,0.04260331,3769.7,0.031037066,1.02901042
5,2023,East Price Hill,31,12,3,19,176.27,341.08,15955,6112,5263,2574,882,4.2845,0.296138743,0.73184202,2.599238879,1,1483815,6357405.368,514462.3333,0.080923318,87436.8,0.058927023,0.87169236
5,2023,East Walnut Hills,31,12,3,19,176.27,341.08,3876.895887,2470.430591,361.3496144,200.8348329,39.33868895,4.2845,0.03423318,0.915068833,1.552788732,1,360551.3175,1544782.12,24037.81028,0.015560648,6076.390103,0.016853052,0.947482533
5,2023,East Westwood,31,12,3,19,176.27,341.08,2446.440728,1082.362735,662.7084265,423.8682901,112.1505178,4.2845,0.403008497,0.730271131,2.233280064,1,227518.9877,974805.103,123982.972,0.127187447,13561.27584,0.059605029,0.917063606
5,2023,English Woods,31,12,3,19,176.27,341.08,494.8152745,231.9093079,114.9365155,56.78949881,23.98281623,4.2845,0.24195122,0.715299412,2.1,1,46017.82053,197163.352,15948.54263,0.080889995,2043.53957,0.04440757,0.840596977
5,2023,Evanston,31,12,3,19,176.27,341.08,8421.154843,3511.949534,1469.161852,755.5963693,308.2870928,4.2845,0.090933908,0.854076328,2.101616559,0.36,783167.4004,3355480.727,90771.42035,0.027051689,9689.850573,0.012372643,0.893500659
5,2023,Hartwell,31,12,3,19,176.27,341.08,5403,2462,852,527,174,4.2845,0.097887896,0.924583721,2.07,1,502479,2152871.276,68500.23333,0.031818081,17735.3,0.035295604,0.991697407
5,2023,Hyde Park,31,12,3,19,176.27,341.08,13559,6539,2522,1119,401,4.2845,0.011010858,0.940017258,2.057848168,0.65,1260987,5402698.802,20464.8,0.003787885,24996.4,0.019822885,0.963628027
5,2023,Kennedy Heights,31,12,3,19,176.27,341.08,4275,2222,492,333,67,4.2845,0.143564356,0.848252783,1.91,1,397575,1703410.088,90670.43333,0.053228776,10120,0.025454317,0.926935876
5,2023,Linwood,31,12,3,19,176.27,341.08,697.8846052,329.8035384,124.0844996,69.48006337,11.06601532,4.2845,0.048954895,0.980076407,2.11,1,64903.26829,278078.053,4589.088645,0.01650288,2037.815791,0.031397738,1.027977025
5,2023,Lower Price Hill,31,12,3,19,176.27,341.08,876.9691235,298.6394422,294.0916335,80.34462151,68.21713147,4.2845,0.631979695,0.466354618,2.32,1,81558.12849,349435.8015,53644.51205,0.153517504,3758.612351,0.046085074,0.665957196
5,2023,Madisonville,31,12,3,19,176.27,341.08,10561.56341,5445.440516,1620.369809,794.7861953,232.8462402,4.2845,0.096409902,0.87532009,1.957708987,1,982225.3973,4208344.715,149220.905,0.035458337,25999.10062,0.026469587,0.937248014
5,2023,Millvale,31,12,3,19,176.27,341.08,2408.391731,825.648213,1009.460406,614.7161878,61.01962158,4.2845,0.515510949,0.498484702,2.9,1,223980.431,959644.1565,120978.4309,0.126065928,17096.11598,0.076328615,0.700879244
5,2023,Mt. Adams,31,12,3,19,176.27,341.08,1592,984,97,65,11,4.2845,0,0.934637005,1.62,0.13,148056,634345.932,0,0,249.964,0.001688307,0.936325312
5,2023,Mt. Airy,31,12,3,19,176.27,341.08,8855.104818,4117.800593,2459.034396,1515.051742,311.7610082,4.2845,0.246881058,0.716394854,2.140346369,1,823524.7481,3528391.783,288953.5872,0.08189385,46218.36258,0.056122615,0.854411319
5,2023,Mt. Auburn,31,12,3,19,176.27,341.08,5192,2640,771,558,145,4.2845,0.15719697,0.793266802,1.851103211,1,482856,2068796.532,117956.8333,0.057017126,17785.9,0.036834791,0.887118719
5,2023,Mt. Lookout,31,12,3,19,176.27,341.08,5018.193293,2134.056773,1254.803538,660.4338527,168.5965144,4.2845,0.016816196,0.97521814,2.359967974,0.13,466691.9762,1999541.772,10200.2014,0.005101269,2726.680877,0.005842571,0.986161981
5,2023,Mt. Washington,31,12,3,19,176.27,341.08,11815.2445,5463.880907,2649.821269,1560.902515,620.874501,4.2845,0.13778012,0.908509681,2.133691957,0.45,1098817.738,4707884.6,213974.8798,0.045450324,24839.53133,0.022605688,0.976565693
5,2023,North Avondale - Paddock Hills,31,12,3,19,176.27,341.08,4209.94927,1687.619875,609.4885337,370.5687978,55.37421821,4.2845,0.135145368,0.902230071,2.084645892,1,391525.2821,1677490.071,64826.23603,0.038644781,10776.3583,0.027524042,0.968398894
5,2023,North Fairmount,31,12,3,19,176.27,341.08,1692.184726,793.0906921,393.0634845,194.2105012,82.01718377,4.2845,0.24195122,0.715299412,2.1,1,157373.1795,674265.3875,54541.32404,0.080889995,6988.56043,0.04440757,0.840596977
5,2023,Northside,31,12,3,19,176.27,341.08,8407,4175,1198,548,192,4.2845,0.123113772,0.879595765,2.010178004,1,781851,3349840.61,146095.9333,0.043612801,18722,0.023945739,0.947154306
5,2023,Oakley,31,12,3,19,176.27,341.08,11405.43659,6478.559484,1361.630191,602.2138047,115.1537598,4.2845,0.016825594,0.946980836,1.739411667,1,1060705.603,4544593.155,30983.02836,0.006817558,18149.39938,0.017110685,0.970909079
5,2023,Over-the-Rhine,31,12,3,19,176.27,341.08,6180,3155,840,328,149,4.2845,0.203486529,0.849835918,1.818869231,0.65,574740,2462473.53,182477.8,0.074103456,7844.265,0.013648371,0.937587746
5,2023,Pendleton,31,12,3,19,176.27,341.08,1163,558,238,154,36,4.2845,0.082437276,0.89748322,2.08,1,108159,463407.2355,13074.73333,0.028214349,4807,0.044443828,0.970141397
5,2023,Pleasant Ridge,31,12,3,19,176.27,341.08,7308.599434,3688.551367,1534.065033,828.6644675,150.332705,4.2845,0.131432997,0.883372961,1.952439432,1,679699.7474,2912173.568,137795.5699,0.047317087,24768.62846,0.036440544,0.967130592
5,2023,Queensgate,31,12,3,19,176.27,341.08,280.0308765,95.36055777,93.90836653,25.65537849,21.78286853,4.2845,0.631979695,0.466354618,2.32,1,26042.87151,111580.683,17129.58795,0.153517504,1200.187649,0.046085074,0.665957196
5,2023,Riverside,31,12,3,19,176.27,341.08,2088.550898,829.5508982,512.3952096,212.3473054,86.07784431,4.2845,0.216450716,0.830840211,2.513273138,1,194235.2335,832200.8581,51036.0523,0.061326604,7550.156287,0.038871198,0.931038013
5,2023,Roselawn,31,12,3,19,176.27,341.08,7449,3583,1509,1121,162,4.2845,0.234161317,0.728904,2.031551069,1,692757,2968117.367,238471.7667,0.080344453,32459.9,0.046856113,0.856104566
5,2023,Sayler Park,31,12,3,19,176.27,341.08,2745,1184,682,423,106,4.2845,0.199324324,0.857092042,2.314898367,1,255285,1093768.583,67079.06667,0.06132839,13383.7,0.052426504,0.970846936
5,2023,Sedamsville,31,12,3,19,176.27,341.08,590.4491018,200.4491018,187.6047904,48.65269461,38.92215569,4.2845,0.316504854,0.750546837,2.81,1,54911.76647,235269.4634,18032.6477,0.076646784,2215.643713,0.040349161,0.867542782
5,2023,South Cumminsville,31,12,3,19,176.27,341.08,788.6082691,270.351787,330.5395936,201.2838122,19.98037842,4.2845,0.515510949,0.498484702,2.9,1,73340.56903,314227.668,39613.40248,0.126065928,5597.984022,0.076328615,0.700879244
5,2023,South Fairmount,31,12,3,19,176.27,341.08,1960,852,478,231,108,4.2845,0.253521127,0.718636272,2.13,1,182280,780978.66,61394.4,0.078612135,8576.7,0.047052337,0.844300744
5,2023,Spring Grove Village,31,12,3,19,176.27,341.08,2163,927,549,327,132,4.2845,0.252427184,0.77983631,2.32,1,201159,861865.7355,66510.6,0.077170489,11612.7,0.057728961,0.914735759
5,2023,Villages at Roll Hill,31,12,3,19,176.27,341.08,2262,901,1261,630,135,4.2845,0.612652608,0.359694036,2.51,1,210366,901313.127,156896.8,0.174075796,19354.5,0.092003936,0.625773768
5,2023,Walnut Hills,31,12,3,19,176.27,341.08,6259,3678,829,359,193,4.2845,0.347471452,0.790895394,1.714202261,0.69,582087,2493951.752,363250.2,0.145652457,9636.264,0.01655468,0.953102531
5,2023,West End,31,12,3,19,176.27,341.08,7764.890452,3592.871947,2249.151739,1322.796447,198,4.2845,0.433269674,0.699608129,2.182286781,1,722134.812,3093986.602,442461.0438,0.143006774,38476.15011,0.053281118,0.895896022
5,2023,West Price Hill,31,12,3,19,176.27,341.08,18811.14342,7650.011933,5370.627021,3261.091031,1051.858812,4.2845,0.201424858,0.815275332,2.450516273,1,1749436.338,7495459.99,437975.8735,0.058432154,109117.631,0.062373022,0.936080509
5,2023,Westwood,31,12,3,19,176.27,341.08,34059.55927,15074.63727,9471.291574,4788.13171,1273.849482,4.2845,0.213391444,0.823986694,2.266125449,1,3167539.012,13571320.9,914321.3947,0.067371585,153368.1242,0.048418701,0.939776979
5,2023,Winton Hills,31,12,3,19,176.27,341.08,5401,2699,2102,1050,281,4.2845,0.519081141,0.64571331,2,1,502293,2152074.359,398210.9,0.185035846,33674.3,0.067041149,0.897790306
5,2024,Avondale,31,14,5,17,190.57,368.93,12501,5950,3040,1641,623,4.395897,0.398991597,0.690806134,1.963373111,1,1162593,5110639.081,729866.5167,0.14281316,52298.4,0.044984272,0.878603567
5,2024,Bond Hill,31,14,5,17,190.57,368.93,6399,3191,1417,905,151,4.395897,0.162331558,0.850134085,1.980091999,1,595107,2616029.076,159254.7833,0.060876534,24393.6,0.040990276,0.952000895
5,2024,California,31,14,5,17,190.57,368.93,928.7965861,340.1422475,242.2645804,132.5860597,50.6742532,4.395897,0.02755102,0.976559214,2.72,0.13,86378.0825,379709.1537,2881.117639,0.007587696,550.3307198,0.006371185,0.990518095
5,2024,Camp Washington,31,14,5,17,190.57,368.93,1143,548,90,45,12,4.395897,0.313868613,0.876434088,1.55,1,106299,467279.4552,52879.96667,0.113165614,1316.7,0.012386758,1.001986461
5,2024,Carthage,31,14,5,17,190.57,368.93,3183,979,1107,542,137,4.395897,0.269662921,0.733606197,3.25,1,296019,1301269.034,81164.6,0.06237342,15684.9,0.052986126,0.848965742
5,2024,Clifton,31,14,5,17,190.57,368.93,8028,4079,1068,501,166,4.395897,0.076244177,0.885250904,1.945491113,0.4,746604,3281994.284,95614.35833,0.029133006,6163.08,0.008254818,0.922638727
5,2024,College Hill,31,14,5,17,190.57,368.93,15930,7147,3555,1788,776,4.395897,0.226108857,0.804704983,2.172954947,1,1481490,6512477.447,496825.7333,0.076288285,59228.4,0.03997894,0.920972208
5,2024,Columbia Tusculum,31,14,5,17,190.57,368.93,1621.18273,765.9392659,265.8357539,148.7018748,29.49115395,4.395897,0.043383948,0.95904074,2.11,0.13,150769.9939,662769.364,10216.1234,0.015414296,535.1136654,0.003549205,0.978004242
5,2024,Corryville,31,14,5,17,190.57,368.93,4277,1968,256,101,1,4.395897,0.018800813,0.67161011,2.086822289,1,397761,1748516.387,11375.34167,0.006505711,2356.2,0.005923658,0.684039478
5,2024,CUF,31,14,5,17,190.57,368.93,18282,6192,456,180,92,4.395897,0.066860465,0.782651708,2.153319783,1,1700226,7474018.373,127280.85,0.017029775,6283.2,0.003695509,0.803376992
5,2024,Downtown,31,14,5,17,190.57,368.93,6070.715026,3633.99852,282.6447076,85.00592154,0,4.395897,0.063479574,0.918821977,1.484669432,1,564576.4974,2481820.131,70922.08188,0.028576641,1963.636788,0.00347807,0.950876688
5,2024,East End,31,14,5,17,190.57,368.93,1323,707,71,36,24,4.395897,0.099009901,0.948525224,1.86,1,123039,540866.771,21520.91667,0.039789682,1386,0.011264721,0.999579627
5,2024,East Price Hill,31,14,5,17,190.57,368.93,16286,6321,5352,2708,815,4.395897,0.332384116,0.71801936,2.593354997,1,1514598,6658016.804,645934.9417,0.097016118,81381.3,0.053731287,0.868766765
5,2024,East Walnut Hills,31,14,5,17,190.57,368.93,3934.501285,2474.03856,308.3309769,169.5122108,25.28534704,4.395897,0.021840688,0.93192842,1.586430218,1,365908.6195,1608496.603,16612.51957,0.010327979,4499.823586,0.01229767,0.954554069
5,2024,East Westwood,31,14,5,17,190.57,368.93,2601.088353,1064.265709,734.3991673,467.6568839,122.2488875,4.395897,0.419072549,0.699829171,2.409468638,1,241901.2169,1063372.833,137120.3801,0.128948545,13626.82332,0.056332182,0.885109899
5,2024,English Woods,31,14,5,17,190.57,368.93,496.1727924,239.8281623,148.874463,74.66348449,22.85155131,4.395897,0.324528302,0.687230934,2.04,1,46144.06969,202844.5775,23928.50043,0.117964703,2252.597327,0.048816616,0.854012253
5,2024,Evanston,31,14,5,17,190.57,368.93,8404.596004,3388.064636,1664.030385,884.24248,395.266425,4.395897,0.120803737,0.830442821,2.18067287,0.36,781627.4284,3435953.668,125833.0669,0.036622457,10640.39605,0.01361313,0.880678409
5,2024,Hartwell,31,14,5,17,190.57,368.93,5439,2426,1243,558,243,4.395897,0.23577906,0.843932863,2.1,1,505827,2223563.392,175856.6333,0.079087753,18503.1,0.036579898,0.959600515
5,2024,Hyde Park,31,14,5,17,190.57,368.93,13303,6483,2448,1036,436,4.395897,0.016813204,0.938358409,2.031959221,0.65,1237179,5438511.455,33511.14167,0.006161822,22102.08,0.017864901,0.962385133
5,2024,Kennedy Heights,31,14,5,17,190.57,368.93,4649,2401,684,380,165,4.395897,0.101624323,0.871139734,1.93,1,432357,1900596.839,75015.76667,0.039469584,12589.5,0.029118298,0.939727616
5,2024,Linwood,31,14,5,17,190.57,368.93,708.0435701,334.5202007,116.1024558,64.9448112,12.88011619,4.395897,0.043383948,0.95904074,2.11,1,65848.05202,289461.2543,4461.841563,0.015414296,1797.755823,0.027301579,1.001756616
5,2024,Lower Price Hill,31,14,5,17,190.57,368.93,943.6703187,306.2191235,283.4800797,132.6444223,68.21713147,4.395897,0.571782178,0.509650105,2.42,1,87761.33964,385789.8096,53830.1574,0.139532346,4639.901892,0.052869543,0.702051994
5,2024,Madisonville,31,14,5,17,190.57,368.93,10748.04938,5684.800786,1490.818182,744.3058361,233.9118967,4.395897,0.106730738,0.887988151,1.899867134,1,999568.5926,4394000.577,186538.0747,0.042452902,22596.82963,0.022606582,0.953047635
5,2024,Millvale,31,14,5,17,190.57,368.93,2757.182901,987.6138753,1198.5459,1093.079888,0,4.395897,0.745995423,0.335307065,2.78,1,256418.0098,1127187.16,226509.3176,0.200950938,25250.14541,0.098472589,0.634730592
5,2024,Mt. Adams,31,14,5,17,190.57,368.93,1631,1016,90,58,15,4.395897,0,0.950534229,1.61,0.13,151683,666782.8447,0,0,219.219,0.001445244,0.951979474
5,2024,Mt. Airy,31,14,5,17,190.57,368.93,9099.048036,4234.088213,2055.363973,1319.365456,150.7451446,4.395897,0.287523462,0.802446372,2.132741899,1,846211.4673,3719858.451,374279.3938,0.100616569,33959.55487,0.040131287,0.943194227
5,2024,Mt. Auburn,31,14,5,17,190.57,368.93,5046,2650,705,474,109,4.395897,0.103018868,0.81967643,1.783449688,1,469278,2062897.752,83931.575,0.040686251,13467.3,0.028697915,0.889060595
5,2024,Mt. Lookout,31,14,5,17,190.57,368.93,5096.773699,2144.540533,1239.06179,682.353314,134.6287299,4.395897,0.015041788,0.965245402,2.387742194,0.13,473999.9541,2083654.976,9917.368365,0.004759602,2453.397078,0.005175944,0.975180948
5,2024,Mt. Washington,31,14,5,17,190.57,368.93,11879.67519,5553.087735,2598.366801,1379.398705,642.950248,4.395897,0.115661466,0.905976425,2.117269253,0.45,1104809.793,4856630.055,197463.1006,0.04065846,21022.31737,0.019027997,0.965662882
5,2024,North Avondale - Paddock Hills,31,14,5,17,190.57,368.93,4878.90271,1839.896803,824.6386379,457.2453092,82.44822794,4.395897,0.066674624,0.919005919,2.27,1,453737.9521,1994585.302,37715.2302,0.018908808,12466.92071,0.027476037,0.965390763
5,2024,North Fairmount,31,14,5,17,190.57,368.93,1696.827208,820.1718377,509.125537,255.3365155,78.14844869,4.395897,0.324528302,0.687230934,2.04,1,157804.9303,693694.2197,81831.4329,0.117964703,7703.502673,0.048816616,0.854012253
5,2024,Northside,31,14,5,17,190.57,368.93,8550,4378,1275,664,146,4.395897,0.100502513,0.876720911,1.942498411,1,795150,3495397.5,135274.3333,0.038700701,18711,0.023531409,0.938953022
5,2024,Oakley,31,14,5,17,190.57,368.93,11411.95062,6598.199214,1267.181818,540.6941639,72.08810325,4.395897,0.015043046,0.952669194,1.708519196,1,1061311.407,4665415.632,30515.74199,0.006540841,14155.27037,0.013337528,0.972547563
5,2024,Over-the-Rhine,31,14,5,17,190.57,368.93,6291,3343,715,315,73,4.395897,0.169608136,0.868197339,1.784465385,0.65,585063,2571876.687,174319.425,0.067779076,5825.82,0.009957594,0.945934009
5,2024,Pendleton,31,14,5,17,190.57,368.93,1146,596,210,132,31,4.395897,0.08557047,0.943748038,1.92,1,106578,468505.9105,15679.525,0.03346708,3765.3,0.035329055,1.012544173
5,2024,Pleasant Ridge,31,14,5,17,190.57,368.93,7268.072573,3683.009425,1571.93968,901.1055608,227.2544769,4.395897,0.117650837,0.895783889,1.953138402,1,675930.7493,2971321.953,133217.2849,0.044834349,26065.11687,0.038561816,0.979180054
5,2024,Queensgate,31,14,5,17,190.57,368.93,301.3296813,97.78087649,90.51992032,42.35557769,21.78286853,4.395897,0.571782178,0.509650105,2.42,1,28023.66036,123189.1245,17188.8676,0.139532346,1481.598108,0.052869543,0.702051994
5,2024,Riverside,31,14,5,17,190.57,368.93,2268.610778,840.8323353,659.8922156,318.1556886,109.9520958,4.395897,0.34436223,0.807189532,2.771670429,1,210980.8024,927449.8763,89020.01073,0.095983635,9889.28982,0.046872937,0.950046104
5,2024,Roselawn,31,14,5,17,190.57,368.93,7375,3604,1483,1030,148,4.395897,0.249167592,0.716173201,1.98616494,1,685875,3015035.855,276082.6167,0.091568601,27211.8,0.039674576,0.847416378
5,2024,Sayler Park,31,14,5,17,190.57,368.93,2713,1183,739,439,160,4.395897,0.22569738,0.862711366,2.297347551,1,252309,1109124.376,82086.925,0.074010568,13836.9,0.054841088,0.991563022
5,2024,Sedamsville,31,14,5,17,190.57,368.93,715.3892216,196.1676647,256.1077844,77.84431138,56.04790419,4.395897,0.359126984,0.733303852,3.5,1,66531.1976,292464.292,21658.98927,0.074056867,3092.91018,0.046488118,0.853848837
5,2024,South Cumminsville,31,14,5,17,190.57,368.93,902.8170988,323.3861247,392.4540995,357.9201121,0,4.395897,0.745995423,0.335307065,2.78,1,83961.99019,369088.2608,74168.63238,0.200950938,8267.95459,0.098472589,0.634730592
5,2024,South Fairmount,31,14,5,17,190.57,368.93,2319,960,667,259,102,4.395897,0.2375,0.706564387,2.27,1,215667,948049.9183,70096.7,0.073937773,8339.1,0.038666555,0.819168715
5,2024,Spring Grove Village,31,14,5,17,190.57,368.93,1996,881,469,296,133,4.395897,0.238365494,0.769126803,2.25,1,185628,816001.5683,64562.75,0.079120865,9909.9,0.053385804,0.901633472
5,2024,Villages at Roll Hill,31,14,5,17,190.57,368.93,2196,895,1128,574,206,4.395897,0.612290503,0.413092065,2.45,1,204228,897765.2525,168478.0333,0.187663794,18018,0.088224925,0.688980784
5,2024,Walnut Hills,31,14,5,17,190.57,368.93,6176,3528,737,354,201,4.395897,0.306405896,0.805375246,1.741359925,0.69,574368,2524862.568,332344.4417,0.131628725,8846.145,0.015401528,0.9524055
5,2024,West End,31,14,5,17,190.57,368.93,6929.284974,3429.00148,2061.355292,1159.994078,178,4.395897,0.452993482,0.706312849,2.046430172,1,644423.5026,2832819.342,477553.8514,0.168579,30907.66321,0.047961726,0.922853575
5,2024,West Price Hill,31,14,5,17,190.57,368.93,18669.39287,7441.500965,5187.970243,3128.862443,1039.131704,4.395897,0.184977762,0.814924436,2.495004634,1,1736253.537,7632391.714,423197.2033,0.055447521,96280.6648,0.055453114,0.925825071
5,2024,Westwood,31,14,5,17,190.57,368.93,34095.91165,15214.73429,9589.600833,5082.343116,1146.751113,4.395897,0.210256413,0.824646515,2.250008974,1,3170919.783,13939036.76,983504.4949,0.070557565,143892.0767,0.045378656,0.940582736
5,2024,Winton Hills,31,14,5,17,190.57,368.93,4681,2540,1351,691,121,4.395897,0.546850394,0.679619002,1.84,1,435333,1913679.029,427036.475,0.223149477,18757.2,0.043087016,0.945855496
5,2025,Avondale,31,15,6,16,186.0155,363.8121,12501,5950,3040,1641,623,4.510190322,0.398991597,0.683326044,1.963373111,1,1162593,5243515.697,719741.6045,0.137263173,49808,0.042842164,0.863431381
5,2025,Bond Hill,31,15,6,16,186.0155,363.8121,6399,3191,1417,905,151,4.510190322,0.162331558,0.845204216,1.980091999,1,595107,2684045.832,157045.5565,0.058510758,23232,0.039038358,0.942753332
5,2025,California,31,15,6,16,186.0155,363.8121,928.7965861,340.1422475,242.2645804,132.5860597,50.6742532,4.510190322,0.02755102,0.975963749,2.72,0.13,86378.0825,389581.5917,2841.14997,0.007292824,524.124495,0.006067795,0.989324368
5,2025,Camp Washington,31,15,6,16,186.0155,363.8121,1143,548,90,45,12,4.510190322,0.313868613,0.872120275,1.55,1,106299,479428.721,52146.401,0.108767787,1254,0.011796912,0.992684974
5,2025,Carthage,31,15,6,16,186.0155,363.8121,3183,979,1107,542,137,4.510190322,0.269662921,0.728993529,3.25,1,296019,1335102.029,80038.662,0.059949472,14938,0.050462977,0.839405978
5,2025,Clifton,31,15,6,16,186.0155,363.8121,8028,4079,1068,501,166,4.510190322,0.076244177,0.88110128,1.945491113,0.4,746604,3367326.135,94287.96925,0.028000843,5869.6,0.007861731,0.916963854
5,2025,College Hill,31,15,6,16,186.0155,363.8121,15930,7147,3555,1788,776,4.510190322,0.226108857,0.800750723,2.172954947,1,1481490,6681801.86,489933.628,0.073323579,56408,0.038075181,0.912149483
5,2025,Columbia Tusculum,31,15,6,16,186.0155,363.8121,1621.18273,765.9392659,265.8357539,148.7018748,29.49115395,4.510190322,0.043383948,0.957522593,2.11,0.13,150769.9939,680001.3675,10074.40249,0.014815268,509.6320623,0.003380196,0.975718056
5,2025,Corryville,31,15,6,16,186.0155,363.8121,4277,1968,256,101,1,4.510190322,0.018800813,0.664814763,2.086822289,1,397761,1793977.813,11217.53975,0.006252887,2244,0.005641579,0.676709229
5,2025,CUF,31,15,6,16,186.0155,363.8121,18282,6192,456,180,92,4.510190322,0.066860465,0.776454838,2.153319783,1,1700226,7668342.85,125515.1745,0.016367966,5984,0.003519532,0.796342336
5,2025,Downtown,31,15,6,16,186.0155,363.8121,6070.715026,3633.99852,282.6447076,85.00592154,0,4.510190322,0.063479574,0.916223742,1.484669432,1,564576.4974,2546347.455,69938.23096,0.027466099,1870.130274,0.003312448,0.947002289
5,2025,East End,31,15,6,16,186.0155,363.8121,1323,707,71,36,24,4.510190322,0.099009901,0.947099586,1.86,1,123039,554929.307,21222.3725,0.03824338,1320,0.010728306,0.996071272
5,2025,East Price Hill,31,15,6,16,186.0155,363.8121,16286,6321,5352,2708,815,4.510190322,0.332384116,0.712789168,2.593354997,1,1514598,6831125.241,636974.3518,0.09324589,77506,0.051172654,0.857207712
5,2025,East Walnut Hills,31,15,6,16,186.0155,363.8121,3934.501285,2474.03856,308.3309769,169.5122108,25.28534704,4.510190322,0.021840688,0.930047984,1.586430218,1,365908.6195,1650317.515,16382.06606,0.009926615,4285.546272,0.011712067,0.951686666
5,2025,East Westwood,31,15,6,16,186.0155,363.8121,2601.088353,1064.265709,734.3991673,467.6568839,122.2488875,4.510190322,0.419072549,0.693822931,2.409468638,1,241901.2169,1091020.527,135218.2079,0.123937364,12977.92697,0.053649697,0.871409992
5,2025,English Woods,31,15,6,16,186.0155,363.8121,496.1727924,239.8281623,148.874463,74.66348449,22.85155131,4.510190322,0.324528302,0.680023897,2.04,1,46144.06969,208118.5365,23596.55759,0.113380374,2145.330788,0.046492015,0.839896287
5,2025,Evanston,31,15,6,16,186.0155,363.8121,8404.596004,3388.064636,1664.030385,884.24248,395.266425,4.510190322,0.120803737,0.8273407,2.18067287,0.36,781627.4284,3525288.463,124087.4755,0.03519924,10133.71053,0.012964886,0.875504826
5,2025,Hartwell,31,15,6,16,186.0155,363.8121,5439,2426,1243,558,243,4.510190322,0.23577906,0.836564704,2.1,1,505827,2281376.04,173417.101,0.076014255,17622,0.034837998,0.947416957
5,2025,Hyde Park,31,15,6,16,186.0155,363.8121,13303,6483,2448,1036,436,4.510190322,0.016813204,0.936164064,2.031959221,0.65,1237179,5579912.752,33046.26575,0.005922362,21049.6,0.017014191,0.959100618
5,2025,Kennedy Heights,31,15,6,16,186.0155,363.8121,4649,2401,684,380,165,4.510190322,0.101624323,0.867217647,1.93,1,432357,1950012.357,73975.127,0.037935722,11990,0.027731712,0.932885082
5,2025,Linwood,31,15,6,16,186.0155,363.8121,708.0435701,334.5202007,116.1024558,64.9448112,12.88011619,4.510190322,0.043383948,0.957522593,2.11,1,65848.05202,296987.2469,4399.945651,0.014815268,1712.148402,0.026001504,0.998339365
5,2025,Lower Price Hill,31,15,6,16,186.0155,363.8121,943.6703187,306.2191235,283.4800797,132.6444223,68.21713147,4.510190322,0.571782178,0.501564864,2.42,1,87761.33964,395820.3447,53083.41042,0.134109858,4418.954183,0.050351945,0.686026668
5,2025,Madisonville,31,15,6,16,186.0155,363.8121,10748.04938,5684.800786,1490.818182,744.3058361,233.9118967,4.510190322,0.106730738,0.884097488,1.899867134,1,999568.5926,4508244.592,183950.3664,0.040803103,21520.79012,0.021530078,0.946430669
5,2025,Millvale,31,15,6,16,186.0155,363.8121,2757.182901,987.6138753,1198.5459,1093.079888,0,4.510190322,0.745995423,0.330463302,2.78,1,256418.0098,1156494.026,223367.1171,0.193141609,24047.75753,0.093783419,0.61738833
5,2025,Mt. Adams,31,15,6,16,186.0155,363.8121,1631,1016,90,58,15,4.510190322,0,0.949892152,1.61,0.13,151683,684119.1986,0,0,208.78,0.001376423,0.951268575
5,2025,Mt. Airy,31,15,6,16,186.0155,363.8121,9099.048036,4234.088213,2055.363973,1319.365456,150.7451446,4.510190322,0.287523462,0.797999977,2.132741899,1,846211.4673,3816574.77,369087.2856,0.096706421,32342.43321,0.038220273,0.932926671
5,2025,Mt. Auburn,31,15,6,16,186.0155,363.8121,5046,2650,705,474,109,4.510190322,0.103018868,0.81645244,1.783449688,1,469278,2116533.094,82767.25275,0.039105107,12826,0.027331347,0.882888894
5,2025,Mt. Lookout,31,15,6,16,186.0155,363.8121,5096.773699,2144.540533,1239.06179,682.353314,134.6287299,4.510190322,0.015041788,0.964436361,2.387742194,0.13,473999.9541,2137830.005,9779.791862,0.004574635,2336.568645,0.00492947,0.973940466
5,2025,Mt. Washington,31,15,6,16,186.0155,363.8121,11879.67519,5553.087735,2598.366801,1379.398705,642.950248,4.510190322,0.115661466,0.902949553,2.117269253,0.45,1104809.793,4982902.436,194723.8373,0.039078397,20021.25464,0.018121902,0.960149852
5,2025,North Avondale - Paddock Hills,31,15,6,16,186.0155,363.8121,4878.90271,1839.896803,824.6386379,457.2453092,82.44822794,4.510190322,0.066674624,0.916421748,2.27,1,453737.9521,2046444.52,37192.03399,0.018173976,11873.25782,0.026167654,0.960763378
5,2025,North Fairmount,31,15,6,16,186.0155,363.8121,1696.827208,820.1718377,509.125537,255.3365155,78.14844869,4.510190322,0.324528302,0.680023897,2.04,1,157804.9303,711730.2694,80696.24441,0.113380374,7336.669212,0.046492015,0.839896287
5,2025,Northside,31,15,6,16,186.0155,363.8121,8550,4378,1275,664,146,4.510190322,0.100502513,0.873118951,1.942498411,1,795150,3586277.835,133397.77,0.037196719,17820,0.022410866,0.932726536
5,2025,Oakley,31,15,6,16,186.0155,363.8121,11411.95062,6598.199214,1267.181818,540.6941639,72.08810325,4.510190322,0.015043046,0.951589023,1.708519196,1,1061311.407,4786716.438,30092.4191,0.006286652,13481.20988,0.012702407,0.970578082
5,2025,Over-the-Rhine,31,15,6,16,186.0155,363.8121,6291,3343,715,315,73,4.510190322,0.169608136,0.865806618,1.784465385,0.65,585063,2638745.48,171901.2173,0.065145054,5548.4,0.009483423,0.940435096
5,2025,Pendleton,31,15,6,16,186.0155,363.8121,1146,596,210,132,31,4.510190322,0.08557047,0.941729513,1.92,1,106578,480687.0641,15462.01425,0.032166487,3586,0.033646719,1.007542719
5,2025,Pleasant Ridge,31,15,6,16,186.0155,363.8121,7268.072573,3683.009425,1571.93968,901.1055608,227.2544769,4.510190322,0.117650837,0.892514094,1.953138402,1,675930.7493,3048576.324,131369.2575,0.043092002,24823.92083,0.036725539,0.972331635
5,2025,Queensgate,31,15,6,16,186.0155,363.8121,301.3296813,97.78087649,90.51992032,42.35557769,21.78286853,4.510190322,0.571782178,0.501564864,2.42,1,28023.66036,126392.0417,16950.41883,0.134109858,1411.045817,0.050351945,0.686026668
5,2025,Riverside,31,15,6,16,186.0155,363.8121,2268.610778,840.8323353,659.8922156,318.1556886,109.9520958,4.510190322,0.34436223,0.804213119,2.771670429,1,210980.8024,951563.5731,87785.10028,0.092253532,9418.371257,0.044640892,0.941107543
5,2025,Roselawn,31,15,6,16,186.0155,363.8121,7375,3604,1483,1030,148,4.510190322,0.249167592,0.709520885,1.98616494,1,685875,3093426.787,272252.7215,0.088010074,25916,0.037785311,0.83531627
5,2025,Sayler Park,31,15,6,16,186.0155,363.8121,2713,1183,739,439,160,4.510190322,0.22569738,0.859207145,2.297347551,1,252309,1137961.61,80948.19225,0.071134379,13178,0.052229607,0.982571131
5,2025,Sedamsville,31,15,6,16,186.0155,363.8121,715.3892216,196.1676647,256.1077844,77.84431138,56.04790419,4.510190322,0.359126984,0.73035819,3.5,1,66531.1976,300068.3635,21358.52972,0.071178879,2945.628743,0.044274398,0.845811467
5,2025,South Cumminsville,31,15,6,16,186.0155,363.8121,902.8170988,323.3861247,392.4540995,357.9201121,0,4.510190322,0.745995423,0.330463302,2.78,1,83961.99019,378684.5556,73139.74439,0.193141609,7874.242467,0.093783419,0.61738833
5,2025,South Fairmount,31,15,6,16,186.0155,363.8121,2319,960,667,259,102,4.510190322,0.2375,0.700960253,2.27,1,215667,972699.2162,69124.299,0.071064413,7942,0.036825291,0.808849957
5,2025,Spring Grove Village,31,15,6,16,186.0155,363.8121,1996,881,469,296,133,4.510190322,0.238365494,0.766607052,2.25,1,185628,837217.6091,63667.1175,0.07604608,9438,0.050843623,0.893496755
5,2025,Villages at Roll Hill,31,15,6,16,186.0155,363.8121,2196,895,1128,574,206,4.510190322,0.612290503,0.404011237,2.45,1,204228,921107.1491,166140.859,0.180370828,17160,0.084023738,0.668405803
5,2025,Walnut Hills,31,15,6,16,186.0155,363.8121,6176,3528,737,354,201,4.510190322,0.306405896,0.802111614,1.741359925,0.69,574368,2590508.995,327734.0668,0.126513387,8424.9,0.014668122,0.943293123
5,2025,West End,31,15,6,16,186.0155,363.8121,6929.284974,3429.00148,2061.355292,1159.994078,178,4.510190322,0.452993482,0.699636422,2.046430172,1,644423.5026,2906472.645,470929.091,0.162027705,29435.86973,0.045677834,0.907341961
5,2025,West Price Hill,31,15,6,16,186.0155,363.8121,18669.39287,7441.500965,5187.970243,3128.862443,1039.131704,4.510190322,0.184977762,0.81171887,2.495004634,1,1736253.537,7830833.898,417326.4935,0.053292727,91695.87124,0.052812489,0.917824087
5,2025,Westwood,31,15,6,16,186.0155,363.8121,34095.91165,15214.73429,9589.600833,5082.343116,1146.751113,4.510190322,0.210256413,0.819990704,2.250008974,1,3170919.783,14301451.72,969861.0459,0.067815566,137040.073,0.043217767,0.931024037
5,2025,Winton Hills,31,15,6,16,186.0155,363.8121,4681,2540,1351,691,121,4.510190322,0.546850394,0.672854039,1.84,1,435333,1963434.683,421112.5057,0.214477471,17864,0.041035253,0.928366764
5,2026,Avondale,31,12,1,19,183.3366,353.8037,12501,5950,3040,1641,623,4.645496032,0.398991597,0.674946555,1.963373111,1,1162593,5400821.168,699941.6532,0.129599117,56373.6,0.04848954,0.853035212
5,2026,Bond Hill,31,12,1,19,183.3366,353.8037,6399,3191,1417,905,151,4.645496032,0.162331558,0.839681584,1.980091999,1,595107,2764567.207,152725.2638,0.055243824,26294.4,0.044184323,0.939109731
5,2026,California,31,12,1,19,183.3366,353.8037,928.7965861,340.1422475,242.2645804,132.5860597,50.6742532,4.645496032,0.02755102,0.975296685,2.72,0.13,86378.0825,401269.0395,2762.990488,0.006885631,593.213633,0.006867641,0.989049956
5,2026,Camp Washington,31,12,1,19,183.3366,353.8037,1143,548,90,45,12,4.645496032,0.313868613,0.867287773,1.55,1,106299,493811.5827,50711.86367,0.102694763,1419.3,0.01335196,0.983334497
5,2026,Carthage,31,12,1,19,183.3366,353.8037,3183,979,1107,542,137,4.645496032,0.269662921,0.723826239,3.25,1,296019,1375155.09,77836.814,0.056602208,16907.1,0.057114915,0.837543362
5,2026,Clifton,31,12,1,19,183.3366,353.8037,8028,4079,1068,501,166,4.645496032,0.076244177,0.87645271,1.945491113,0.4,746604,3468345.919,91694.12558,0.026437422,6643.32,0.00889805,0.911788182
5,2026,College Hill,31,12,1,19,183.3366,353.8037,15930,7147,3555,1788,776,4.645496032,0.226108857,0.796321006,2.172954947,1,1481490,6882255.916,476455.6493,0.069229575,63843.6,0.043094182,0.908644762
5,2026,Columbia Tusculum,31,12,1,19,183.3366,353.8037,1621.18273,765.9392659,265.8357539,148.7018748,29.49115395,4.645496032,0.043383948,0.955821905,2.11,0.13,150769.9939,700401.4085,9797.257638,0.013988061,576.8108342,0.003825767,0.973635733
5,2026,Corryville,31,12,1,19,183.3366,353.8037,4277,1968,256,101,1,4.645496032,0.018800813,0.657202351,2.086822289,1,397761,1847797.147,10908.94742,0.005903758,2539.8,0.006385241,0.669491351
5,2026,CUF,31,12,1,19,183.3366,353.8037,18282,6192,456,180,92,4.645496032,0.066860465,0.769512863,2.153319783,1,1700226,7898393.137,122062.2765,0.015454064,6772.8,0.00398347,0.788950398
5,2026,Downtown,31,12,1,19,183.3366,353.8037,6070.715026,3633.99852,282.6447076,85.00592154,0,4.645496032,0.063479574,0.913313099,1.484669432,1,564576.4974,2622737.878,68014.24385,0.025932536,2116.647446,0.003749089,0.942994724
5,2026,East End,31,12,1,19,183.3366,353.8037,1323,707,71,36,24,4.645496032,0.099009901,0.945303426,1.86,1,123039,571577.1863,20638.54917,0.03610807,1494,0.012142491,0.993553987
5,2026,East Price Hill,31,12,1,19,183.3366,353.8037,16286,6321,5352,2708,815,4.645496032,0.332384116,0.706930102,2.593354997,1,1514598,7036058.999,619451.3114,0.088039528,87722.7,0.057918141,0.85288777
5,2026,East Walnut Hills,31,12,1,19,183.3366,353.8037,3934.501285,2474.03856,308.3309769,169.5122108,25.28534704,4.645496032,0.021840688,0.927941447,1.586430218,1,365908.6195,1699827.04,15931.39861,0.009372365,4850.45919,0.01325593,0.950569742
5,2026,East Westwood,31,12,1,19,183.3366,353.8037,2601.088353,1064.265709,734.3991673,467.6568839,122.2488875,4.645496032,0.419072549,0.687094506,2.409468638,1,241901.2169,1123751.143,131498.3813,0.11701735,14688.65371,0.060721702,0.864833559
5,2026,English Woods,31,12,1,19,183.3366,353.8037,496.1727924,239.8281623,148.874463,74.66348449,22.85155131,4.645496032,0.324528302,0.671950294,2.04,1,46144.06969,214362.0926,22947.42089,0.107049808,2428.124391,0.052620508,0.83162061
5,2026,Evanston,31,12,1,19,183.3366,353.8037,8404.596004,3388.064636,1664.030385,884.24248,395.266425,4.645496032,0.120803737,0.823865582,2.18067287,0.36,781627.4284,3631047.117,120673.8532,0.033233899,11469.51782,0.014673894,0.871773375
5,2026,Hartwell,31,12,1,19,183.3366,353.8037,5439,2426,1243,558,243,4.645496032,0.23577906,0.828310604,2.1,1,505827,2349817.321,168646.4303,0.071770018,19944.9,0.03943028,0.939510901
5,2026,Hyde Park,31,12,1,19,183.3366,353.8037,13303,6483,2448,1036,436,4.645496032,0.016813204,0.933705872,2.031959221,0.65,1237179,5747310.135,32137.16942,0.005591689,23824.32,0.019256971,0.958554532
5,2026,Kennedy Heights,31,12,1,19,183.3366,353.8037,4649,2401,684,380,165,4.645496032,0.101624323,0.862823974,1.93,1,432357,2008512.728,71940.08567,0.03581759,13570.5,0.031387256,0.93002882
5,2026,Linwood,31,12,1,19,183.3366,353.8037,708.0435701,334.5202007,116.1024558,64.9448112,12.88011619,4.645496032,0.043383948,0.955821905,2.11,1,65848.05202,305896.8644,4278.904003,0.013988061,1937.840692,0.029428975,0.999238942
5,2026,Lower Price Hill,31,12,1,19,183.3366,353.8037,943.6703187,306.2191235,283.4800797,132.6444223,68.21713147,4.645496032,0.571782178,0.492507462,2.42,1,87761.33964,407694.9551,51623.09614,0.126621866,5001.452689,0.056989247,0.676118576
5,2026,Madisonville,31,12,1,19,183.3366,353.8037,10748.04938,5684.800786,1490.818182,744.3058361,233.9118967,4.645496032,0.106730738,0.879739017,1.899867134,1,999568.5926,4643491.931,178889.9277,0.038524871,24357.62155,0.024368134,0.942632022
5,2026,Millvale,31,12,1,19,183.3366,353.8037,2757.182901,987.6138753,1198.5459,1093.079888,0,4.645496032,0.745995423,0.325037131,2.78,1,256418.0098,1191188.847,217222.3312,0.182357593,27217.68921,0.106145778,0.613540503
5,2026,Mt. Adams,31,12,1,19,183.3366,353.8037,1631,1016,90,58,15,4.645496032,0,0.949172871,1.61,0.13,151683,704642.7746,0,0,236.301,0.001557861,0.950730732
5,2026,Mt. Airy,31,12,1,19,183.3366,353.8037,9099.048036,4234.088213,2055.363973,1319.365456,150.7451446,4.645496032,0.287523462,0.793018953,2.132741899,1,846211.4673,3931072.014,358933.7662,0.091306841,36605.75395,0.0432584,0.927584193
5,2026,Mt. Auburn,31,12,1,19,183.3366,353.8037,5046,2650,705,474,109,4.645496032,0.103018868,0.812319082,1.783449688,1,469278,2180029.087,80490.34175,0.036921682,14516.7,0.030934116,0.88017488
5,2026,Mt. Lookout,31,12,1,19,183.3366,353.8037,5096.773699,2144.540533,1239.06179,682.353314,134.6287299,4.645496032,0.015041788,0.963530043,2.387742194,0.13,473999.9541,2201964.906,9510.751693,0.004319211,2644.570876,0.005579264,0.973428518
5,2026,Mt. Washington,31,12,1,19,183.3366,353.8037,11879.67519,5553.087735,2598.366801,1379.398705,642.950248,4.645496032,0.115661466,0.899558734,2.117269253,0.45,1104809.793,5132389.51,189367.0225,0.036896464,22660.42002,0.020510698,0.956965895
5,2026,North Avondale - Paddock Hills,31,12,1,19,183.3366,353.8037,4878.90271,1839.896803,824.6386379,457.2453092,82.44822794,4.645496032,0.066674624,0.913526859,2.27,1,453737.9521,2107837.856,36168.88838,0.017159237,13438.36908,0.029617027,0.960303122
5,2026,North Fairmount,31,12,1,19,183.3366,353.8037,1696.827208,820.1718377,509.125537,255.3365155,78.14844869,4.645496032,0.324528302,0.671950294,2.04,1,157804.9303,733082.1776,78476.30645,0.107049808,8303.775609,0.052620508,0.83162061
5,2026,Northside,31,12,1,19,183.3366,353.8037,8550,4378,1275,664,146,4.645496032,0.100502513,0.869083894,1.942498411,1,795150,3693866.17,129728.0233,0.035119849,20169,0.025365025,0.929568769
5,2026,Oakley,31,12,1,19,183.3366,353.8037,11411.95062,6598.199214,1267.181818,540.6941639,72.08810325,4.645496032,0.015043046,0.950378973,1.708519196,1,1061311.407,4930317.932,29264.58251,0.005935638,15258.27845,0.014376816,0.970691427
5,2026,Over-the-Rhine,31,12,1,19,183.3366,353.8037,6291,3343,715,315,73,4.645496032,0.169608136,0.862845863,1.784465385,0.65,585063,2717907.845,167172.2483,0.061507696,6279.78,0.010733511,0.935087069
5,2026,Pendleton,31,12,1,19,183.3366,353.8037,1146,596,210,132,31,4.645496032,0.08557047,0.939468283,1.92,1,106578,495107.6761,15036.65725,0.030370479,4058.7,0.038081968,1.007920731
5,2026,Pleasant Ridge,31,12,1,19,183.3366,353.8037,7268.072573,3683.009425,1571.93968,901.1055608,227.2544769,4.645496032,0.117650837,0.888851142,1.953138402,1,675930.7493,3140033.614,127755.3148,0.04068597,28096.16494,0.041566632,0.971103745
5,2026,Queensgate,31,12,1,19,183.3366,353.8037,301.3296813,97.78087649,90.51992032,42.35557769,21.78286853,4.645496032,0.571782178,0.492507462,2.42,1,28023.66036,130183.803,16484.11611,0.126621866,1597.047311,0.056989247,0.676118576
5,2026,Riverside,31,12,1,19,183.3366,353.8037,2268.610778,840.8323353,659.8922156,318.1556886,109.9520958,4.645496032,0.34436223,0.800878826,2.771670429,1,210980.8024,980110.4804,85370.14927,0.087102578,10659.88383,0.050525373,0.938506777
5,2026,Roselawn,31,12,1,19,183.3366,353.8037,7375,3604,1483,1030,148,4.645496032,0.249167592,0.702068702,1.98616494,1,685875,3186229.591,264763.1022,0.083096053,29332.2,0.042766102,0.827930856
5,2026,Sayler Park,31,12,1,19,183.3366,353.8037,2713,1183,739,439,160,4.645496032,0.22569738,0.85528158,2.297347551,1,252309,1172100.458,78721.32325,0.067162608,14915.1,0.059114419,0.981558607
5,2026,Sedamsville,31,12,1,19,183.3366,353.8037,715.3892216,196.1676647,256.1077844,77.84431138,56.04790419,4.645496032,0.359126984,0.727058344,3.5,1,66531.1976,309070.4145,20770.96073,0.067204623,3333.916168,0.050110569,0.844373536
5,2026,South Cumminsville,31,12,1,19,183.3366,353.8037,902.8170988,323.3861247,392.4540995,357.9201121,0,4.645496032,0.745995423,0.325037131,2.78,1,83961.99019,390045.0923,71127.68427,0.182357593,8912.210792,0.106145778,0.613540503
5,2026,South Fairmount,31,12,1,19,183.3366,353.8037,2319,960,667,259,102,4.645496032,0.2375,0.694682285,2.27,1,215667,1001880.193,67222.703,0.067096549,8988.9,0.041679534,0.803458367
5,2026,Spring Grove Village,31,12,1,19,183.3366,353.8037,1996,881,469,296,133,4.645496032,0.238365494,0.763784328,2.25,1,185628,862334.1374,61915.6475,0.071800065,10682.1,0.057545737,0.89313013
5,2026,Villages at Roll Hill,31,12,1,19,183.3366,353.8037,2196,895,1128,574,206,4.645496032,0.612290503,0.393838538,2.45,1,204228,948740.3636,161570.3563,0.170299866,19422,0.095099595,0.659237999
5,2026,Walnut Hills,31,12,1,19,183.3366,353.8037,6176,3528,737,354,201,4.645496032,0.306405896,0.798455566,1.741359925,0.69,574368,2668224.265,318718.1664,0.119449542,9535.455,0.016601647,0.934506755
5,2026,West End,31,12,1,19,183.3366,353.8037,6929.284974,3429.00148,2061.355292,1159.994078,178,4.645496032,0.452993482,0.692157228,2.046430172,1,644423.5026,2993666.824,457973.9235,0.152980926,33316.05255,0.051699003,0.896837157
5,2026,West Price Hill,31,12,1,19,183.3366,353.8037,18669.39287,7441.500965,5187.970243,3128.862443,1039.131704,4.645496032,0.184977762,0.808127871,2.495004634,1,1736253.537,8065758.916,405845.923,0.05031714,103783.0543,0.059774136,0.918219147
5,2026,Westwood,31,12,1,19,183.3366,353.8037,34095.91165,15214.73429,9589.600833,5082.343116,1146.751113,4.645496032,0.210256413,0.814775082,2.250008974,1,3170919.783,14730495.27,943180.3574,0.0640291,155104.4463,0.048914655,0.927718837
5,2026,Winton Hills,31,12,1,19,183.3366,353.8037,4681,2540,1351,691,121,4.645496032,0.546850394,0.660870445,1.84,1,435333,2022337.724,409527.7828,0.202502173,20218.8,0.046444446,0.909817064
6,2019,Avondale,30,30,20,0,122.84,246.48,12570,5516,3724,1951,395,3.17,0.385605511,0.661131539,2.148326173,1,1131300,3586221,436885.8,0.121823446,9384,0.008294882,0.791249867
6,2019,Bond Hill,30,30,20,0,122.84,246.48,7174,3182,1642,974,210,3.17,0.166561911,0.861170719,2.209983273,1,645660,2046742.2,108862,0.053187939,4736,0.00733513,0.921693788
6,2019,California,30,30,20,0,122.84,246.48,976,373,197,71,77,3.17,0,0.995655354,2.62,0.13,87840,278452.8,0,0,76.96,8.76E-04,0.996531493
6,2019,Camp Washington,30,30,20,0,122.84,246.48,1396,446,230,90,47,3.17,0.311659193,0.850194744,2.36,1,125640,398278.8,28550.6,0.07168496,548,0.004361668,0.926241373
6,2019,Carthage,30,30,20,0,122.84,246.48,2940,1039,1017,569,245,3.17,0.26852743,0.798250225,2.82,1,264600,838782,57306.6,0.068321209,3256,0.012305367,0.8788768
6,2019,Clifton,30,30,20,0,122.84,246.48,8552,4156,1437,824,202,3.17,0.063282002,0.867285366,2.05898971,0.4,769680,2439885.6,54020.2,0.022140464,1641.6,0.002132834,0.891558665
6,2019,College Hill,30,30,20,0,122.84,246.48,16403,7201,3858,2424,568,3.17,0.147896126,0.848234995,2.259642139,1,1476270,4679775.9,218751,0.046743905,11968,0.008106918,0.903085818
6,2019,Columbia Tusculum,30,30,20,0,122.84,246.48,1573,741.3396774,288.7216129,145.6293548,42.11580645,3.17,0,0.985060788,2.12,0.13,141570,448776.9,0,0,97.62748387,6.90E-04,0.985750394
6,2019,Corryville,30,30,20,0,122.84,246.48,3984,1863,206,56,28,3.17,0.088030059,0.707081154,2.07188253,1,358560,1136635.2,33685.6,0.029636246,336,9.37E-04,0.737654482
6,2019,CUF,30,30,20,0,122.84,246.48,16974,5547,607,271,122,3.17,0.07066883,0.757190222,2.238798162,1,1527660,4842682.2,80516.8,0.016626489,1572,0.001029025,0.774845736
6,2019,Downtown,30,30,20,0,122.84,246.48,3857,2785.980015,161.0910437,42.35603257,9.401184308,3.17,0.105997329,0.894340912,1.355066114,1,347130,1100402.1,60655.94271,0.055121617,207.0288675,5.96E-04,0.950058931
6,2019,East End,30,30,20,0,122.84,246.48,1601,747,314,157,70,3.17,0.096385542,0.906127111,2.13,1,144090,456765.3,14788.8,0.032377241,908,0.006301617,0.944805969
6,2019,East Price Hill,30,30,20,0,122.84,246.48,13848,5640,3857,2225,513,3.17,0.322695035,0.787443661,2.411106297,1,1246320,3950834.4,373828,0.094620012,10952,0.00878747,0.890851144
6,2019,East Walnut Hills,30,30,20,0,122.84,246.48,3905,2374.665167,354.968509,161.9228792,64.96015424,3.17,0.054825481,0.939804694,1.627011524,1,351450,1114096.5,26741.46954,0.024002831,907.5321337,0.002582251,0.966389776
6,2019,East Westwood,30,30,20,0,122.84,246.48,2503,1090.543121,808.9919768,456.4381182,169.6380157,3.17,0.33312742,0.744960522,2.271434279,1,225270,714105.9,74619.72822,0.104493925,2504.304536,0.011116902,0.860571349
6,2019,English Woods,30,30,20,0,122.84,246.48,474,204.5326969,158.8295943,87.10739857,25.11408115,3.17,0.369469027,0.633179512,2.26,1,42660,135232.2,15521.76916,0.114778649,448.8859189,0.010522408,0.758480569
6,2019,Evanston,30,30,20,0,122.84,246.48,8382,3597.707265,1822.861401,1000.732867,406.494777,3.17,0.188057913,0.833913829,2.158989501,0.36,754380,2391384.6,138968.9814,0.058112351,2026.407807,0.00268619,0.89471237
6,2019,Hartwell,30,30,20,0,122.84,246.48,5397,2651,829,241,190,3.17,0.105620521,0.916339072,1.98,1,485730,1539764.1,57512,0.037351176,1724,0.003549297,0.957239545
6,2019,Hyde Park,30,30,20,0,122.84,246.48,13291,6703,2567,1591,218,3.17,0.016261376,0.954528694,1.971784666,0.65,1196190,3791922.3,22388.6,0.005904288,4703.4,0.003931984,0.964364966
6,2019,Kennedy Heights,30,30,20,0,122.84,246.48,5057,2619,865,427,34,3.17,0.107674685,0.909102727,1.92,1,455130,1442762.1,57922.8,0.040147159,1844,0.00405159,0.953301476
6,2019,Linwood,30,30,20,0,122.84,246.48,687,268,202,127,39,3.17,0.28358209,0.750871946,2.56,1,61830,196001.1,15610.4,0.079644451,664,0.010739123,0.841255521
6,2019,Lower Price Hill,30,30,20,0,122.84,246.48,761,249.3715139,284.9960159,83.37649402,51.54183267,3.17,0.531914894,0.52970774,2.29,1,68490,217113.3,27245.16434,0.125488233,539.6733068,0.007879593,0.663075566
6,2019,Madisonville,30,30,20,0,122.84,246.48,10838,5173,2288,1160,273,3.17,0.108061086,0.874742712,2.131092452,1,975420,3092081.4,114818.6,0.03713311,5732,0.005876443,0.917752265
6,2019,Millvale,30,30,20,0,122.84,246.48,2150,863.3146461,890.4344779,502.4702172,66.29292221,3.17,0.530541012,0.571131307,2.48,1,193500,613395,94078.0939,0.153372776,2275.052558,0.011757378,0.73626146
6,2019,Mt. Adams,30,30,20,0,122.84,246.48,1629,1030,92,46,26,3.17,0,0.971985466,1.58,0.13,146610,464753.7,0,0,37.44,2.55E-04,0.972240837
6,2019,Mt. Airy,30,30,20,0,122.84,246.48,8950,3913.515048,2508.398814,1501.777465,430.7405486,3.17,0.277678133,0.769444247,2.274527374,1,805500,2553435,223207.6775,0.08741467,7730.072053,0.009596613,0.866455531
6,2019,Mt. Auburn,30,30,20,0,122.84,246.48,4641,2132,961,570,133,3.17,0.166041276,0.844227446,2.01,1,417690,1324077.3,72711.6,0.054914921,2812,0.006732266,0.905874633
6,2019,Mt. Lookout,30,30,20,0,122.84,246.48,4996,2118.660323,1233.278387,701.3706452,159.8841935,3.17,0,0.972236101,2.369967974,0.13,449640,1425358.8,0,0,447.8525161,9.96E-04,0.973232125
6,2019,Mt. Washington,30,30,20,0,122.84,246.48,12297,5492.241856,3154.57833,1700.554633,391.2559107,3.17,0.160947887,0.892556094,2.225589981,0.45,1106730,3508334.1,181566.3542,0.051752869,3765.258978,0.003402148,0.947711111
6,2019,North Avondale - Paddock Hills,30,30,20,0,122.84,246.48,4236,1513.627567,606.17009,288.3442539,103.5450687,3.17,0.20760095,0.852837131,2,1,381240,1208530.8,64542.94904,0.053406127,1567.557291,0.004111734,0.910354991
6,2019,North Fairmount,30,30,20,0,122.84,246.48,1621,699.4673031,543.1704057,297.8926014,85.88591885,3.17,0.369469027,0.633179512,2.26,1,145890,462471.3,53081.83084,0.114778649,1535.114081,0.010522408,0.758480569
6,2019,Northside,30,30,20,0,122.84,246.48,7865,3918,1410,678,239,3.17,0.164369576,0.88677349,2.006624285,1,707850,2243884.5,132277.6,0.058950271,3668,0.005181889,0.95090565
6,2019,Oakley,30,30,20,0,122.84,246.48,12034,6473,1256,478,247,3.17,0.052216901,0.941124033,1.834845438,1,1083060,3433300.2,69425.2,0.020221127,2900,0.002677599,0.964022759
6,2019,Over-the-Rhine,30,30,20,0,122.84,246.48,5200,2498,1076,598,132,3.17,0.325060048,0.812888983,1.860265385,0.65,468000,1483560,166784.8,0.112422012,1898,0.004055556,0.929366551
6,2019,Pendleton,30,30,20,0,122.84,246.48,1083,571,238,111,49,3.17,0.218914186,0.824800105,1.9,1,97470,308979.9,25675,0.08309602,640,0.006566123,0.914462248
6,2019,Pleasant Ridge,30,30,20,0,122.84,246.48,7182,3534.503299,1409.428841,690.7728558,255.6503299,3.17,0.085550603,0.945230719,2.006922863,1,646380,2049024.6,62108.62356,0.030311312,3785.692743,0.00585676,0.981398791
6,2019,Queensgate,30,30,20,0,122.84,246.48,243,79.62848606,91.00398406,26.62350598,16.45816733,3.17,0.531914894,0.52970774,2.29,1,21870,69327.9,8699.835657,0.125488233,172.3266932,0.007879593,0.663075566
6,2019,Riverside,30,30,20,0,122.84,246.48,1772,929.6467066,299.6766467,135.7784431,49.7005988,3.17,0.179142163,0.85078079,1.920112867,1,159480,505551.6,34207.09461,0.067662914,741.9161677,0.004652095,0.9230958
6,2019,Roselawn,30,30,20,0,122.84,246.48,7627,3442,2060,1154,384,3.17,0.29110982,0.733542471,2.123861282,1,686430,2175983.1,205810.8,0.094582904,6152,0.008962312,0.837087687
6,2019,Sayler Park,30,30,20,0,122.84,246.48,3001,1169,690,395,136,3.17,0.127459367,0.870307156,2.56,1,270090,856185.3,30604.6,0.0357453,2124,0.007864045,0.913916501
6,2019,Sedamsville,30,30,20,0,122.84,246.48,520,218.3532934,118.3233533,64.22155689,25.2994012,3.17,0.386809269,0.783156815,2.26,1,46800,148356,17348.30539,0.116936999,358.0838323,0.007651364,0.907745178
6,2019,South Cumminsville,30,30,20,0,122.84,246.48,704,282.6853539,291.5655221,164.5297828,21.70707779,3.17,0.530541012,0.571131307,2.48,1,63360,200851.2,30805.1061,0.153372776,744.9474422,0.011757378,0.73626146
6,2019,South Fairmount,30,30,20,0,122.84,246.48,1981,855,453,211,131,3.17,0.392982456,0.704799795,2.09,1,178290,565179.3,69014.4,0.122110629,1368,0.007672892,0.834583316
6,2019,Spring Grove Village,30,30,20,0,122.84,246.48,2171,862,599,373,70,3.17,0.212296984,0.889740215,2.51,1,195390,619386.3,37588.2,0.060686199,1772,0.009069041,0.959495455
6,2019,Villages at Roll Hill,30,30,20,0,122.84,246.48,2348,847,1244,487,48,3.17,0.710743802,0.410982508,2.77,1,211320,669884.4,123650.8,0.184585281,2140,0.010126822,0.605694611
6,2019,Walnut Hills,30,30,20,0,122.84,246.48,6368,3492,1070,513,163,3.17,0.452176403,0.7327332,1.799605842,0.69,573120,1816790.4,324326.6,0.178516245,1865.76,0.003255444,0.914504889
6,2019,West End,30,30,20,0,122.84,246.48,6695,3532.019985,1595.908956,1087.643967,210.5988157,3.17,0.363444591,0.744639173,1.909876027,1,602550,1910083.5,263670.6573,0.13804143,5192.971132,0.008618324,0.891298926
6,2019,West Price Hill,30,30,20,0,122.84,246.48,18343,7664.524854,5121.964782,2655.326325,847.0986757,3.17,0.237111692,0.852876947,2.387708663,1,1650870,5233257.9,373283.3729,0.071329061,14009.7,0.008486253,0.932692261
6,2019,Westwood,30,30,20,0,122.84,246.48,32316,14259.45688,8629.008023,4229.561882,1379.361984,3.17,0.223270087,0.84579064,2.254729236,1,2908440,9219754.8,653934.0718,0.070927491,22435.69546,0.007713996,0.924432127
6,2019,Winton Hills,30,30,20,0,122.84,246.48,6008,2268,3018,1748,402,3.17,0.547619048,0.548176713,2.65,1,540720,1714082.4,255106.8,0.148829951,8600,0.01590472,0.712911384
6,2020,Avondale,30,30,22,0,250.61,491.27,12719,5968,3390,1896,515,3.33,0.358746649,0.698973421,1.999154336,1,1144710,3811884.3,876507.5583,0.229940756,10608.4,0.009267325,0.938181502
6,2020,Bond Hill,30,30,22,0,250.61,491.27,7276,3243,1799,1169,149,3.33,0.134443417,0.864866589,2.200033454,1,654840,2180617.2,178494.7667,0.081855159,5799.2,0.008855904,0.955577652
6,2020,California,30,30,22,0,250.61,491.27,930.8790896,329.3826458,241.5704125,113.1493599,52.40967283,3.33,0,0.971241403,2.8,0.13,83779.11807,278984.4632,0,0,94.69976671,0.00113035,0.972371754
6,2020,Camp Washington,30,30,22,0,250.61,491.27,1128,412,112,33,24,3.33,0.191747573,0.893005193,1.9,1,101520,338061.6,32341.94167,0.095668782,250.8,0.002470449,0.991144425
6,2020,Carthage,30,30,22,0,250.61,491.27,3021,1040,911,537,286,3.33,0.225961538,0.806840928,2.9,1,271890,905393.7,96207.04167,0.106259897,3621.2,0.013318622,0.926419447
6,2020,Clifton,30,30,22,0,250.61,491.27,8476,4118,1379,751,212,3.33,0.050995629,0.875841693,2.075568288,0.4,762840,2540257.2,85972.25,0.033843915,1694.88,0.002221803,0.911907412
6,2020,College Hill,30,30,22,0,250.61,491.27,16199,7263,3660,2115,618,3.33,0.144292992,0.842489456,2.210749863,1,1457910,4854840.3,429042.4667,0.088374167,12025.2,0.008248246,0.939111869
6,2020,Columbia Tusculum,30,30,22,0,250.61,491.27,1533.955374,712.7721151,250.8824927,120.0414576,40.70609982,3.33,0.027389277,0.962334613,2.15,0.13,138055.9836,459726.4255,7992.272329,0.017384844,91.94760285,6.66E-04,0.980385474
6,2020,Corryville,30,30,22,0,250.61,491.27,4310,1868,192,75,9,3.33,0.051391863,0.705229009,2.254939759,1,387900,1291707,39301.6,0.030426095,369.6,9.53E-04,0.736607927
6,2020,CUF,30,30,22,0,250.61,491.27,16792,5439,516,180,190,3.33,0.05846663,0.775875336,2.201993048,1,1511280,5032562.4,130186.55,0.02586884,1628,0.001077233,0.802821408
6,2020,Downtown,30,30,22,0,250.61,491.27,3914.909697,2723.126573,201.8201332,37.58771281,0,3.33,0.115489662,0.908709516,1.400396681,1,352341.8727,1173298.436,128750.8004,0.10973406,165.3859363,4.69E-04,1.018912966
6,2020,East End,30,30,22,0,250.61,491.27,1462,703,201,94,47,3.33,0.086770982,0.935705267,2.06,1,131580,438161.4,24972.89167,0.056994732,620.4,0.004715002,0.997415002
6,2020,East Price Hill,30,30,22,0,250.61,491.27,14788,6063,4110,2240,563,3.33,0.309252845,0.802082883,2.421629116,1,1330920,4431963.6,767609.375,0.173198484,12333.2,0.009266673,0.984548039
6,2020,East Walnut Hills,30,30,22,0,250.61,491.27,3730.882391,2345.219794,238.0109254,95.55205656,27.90938303,3.33,0.042030472,0.949114357,1.57315749,1,335779.4152,1118145.453,40354.02074,0.036090135,543.2303342,0.001617819,0.986822311
6,2020,East Westwood,30,30,22,0,250.61,491.27,2594.407483,1110.703775,825.609913,480.56864,143.2812563,3.33,0.331502393,0.719523199,2.316640032,1,233496.6734,777543.9225,150738.4042,0.193864809,2744.939544,0.011755797,0.925143806
6,2020,English Woods,30,30,22,0,250.61,491.27,452.0534606,217.202864,136.4305489,76.47350835,21.49403341,3.33,0.252083333,0.721772965,2.03,1,40684.81146,135480.4221,22415.51279,0.165452044,431.0571838,0.010595039,0.897820049
6,2020,Evanston,30,30,22,0,250.61,491.27,8305.282307,3343.437259,1505.62945,782.1793541,288.1667115,3.33,0.14225908,0.880456912,2.1611644,0.36,747475.4076,2489093.107,194720.7226,0.078229586,1695.428168,0.002268206,0.960954704
6,2020,Hartwell,30,30,22,0,250.61,491.27,5213,2384,1046,412,203,3.33,0.117449664,0.913793044,2.12,1,469170,1562336.1,114629.6667,0.073370683,2706,0.005767632,0.992931359
6,2020,Hyde Park,30,30,22,0,250.61,491.27,13423,6632,2497,1401,325,3.33,0.012665862,0.953415044,2.009787826,0.65,1208070,4022873.1,34388.9,0.008548343,4936.36,0.004086154,0.966049541
6,2020,Kennedy Heights,30,30,22,0,250.61,491.27,5020,2564,821,456,28,3.33,0.097113885,0.910703138,1.95,1,451800,1504494,101938.525,0.06775602,2129.6,0.00471359,0.983172748
6,2020,Linwood,30,30,22,0,250.61,491.27,669.9474518,311.2997095,109.5716926,52.42751518,17.77818854,3.33,0.027389277,0.962334613,2.15,1,60295.27066,200783.2513,3490.585562,0.017384844,308.9050964,0.005123206,0.984842663
6,2020,Lower Price Hill,30,30,22,0,250.61,491.27,858.0199203,279.690239,281.9641434,89.44023904,42.44621514,3.33,0.482384824,0.59529547,2.3,1,77221.79283,257148.5701,55234.43863,0.214795823,580.3003984,0.007514723,0.817606016
6,2020,Madisonville,30,30,22,0,250.61,491.27,10708.11111,5353.468575,1880.752525,960.5347924,350.6116723,3.33,0.083063405,0.887632225,2.036783539,1,963730,3209220.9,182047.1928,0.056726289,5769.044444,0.005986163,0.950344677
6,2020,Millvale,30,30,22,0,250.61,491.27,2172.59986,849.0014015,897.9677645,539.3833217,57.25297828,3.33,0.573203194,0.545278332,2.55,1,195533.9874,651128.178,199230.5837,0.305977518,2625.19972,0.013425798,0.864681647
6,2020,Mt. Adams,30,30,22,0,250.61,491.27,1617,975,115,69,28,3.33,0,0.968495181,1.66,0.13,145530,484614.9,0,0,55.484,3.81E-04,0.968876435
6,2020,Mt. Airy,30,30,22,0,250.61,491.27,8806.992291,3766.476649,2421.760119,1321.154633,452.6658265,3.33,0.231938543,0.771281074,2.33455419,1,792629.3062,2639455.589,357640.9183,0.135497987,7804.810022,0.009846734,0.916625794
6,2020,Mt. Auburn,30,30,22,0,250.61,491.27,4632,2374,708,325,162,3.33,0.136478517,0.876137822,1.804115492,1,416880,1388210.4,132642.9,0.095549565,2142.8,0.005140088,0.976827475
6,2020,Mt. Lookout,30,30,22,0,250.61,491.27,4936.097175,2131.928175,1133.545815,635.5310272,151.5157116,3.33,0.00888933,0.969493974,2.316645316,0.13,444248.7457,1479348.323,7758.550442,0.005244573,450.1907346,0.001013375,0.975751922
6,2020,Mt. Washington,30,30,22,0,250.61,491.27,12196.83526,5429.929707,3033.712291,1576.369099,438.2196687,3.33,0.151879582,0.908039547,2.222381882,0.45,1097715.173,3655391.527,337623.446,0.092363142,3988.88576,0.003633808,1.004036497
6,2020,North Avondale - Paddock Hills,30,30,22,0,250.61,491.27,4209.835302,1701.342946,614.3596247,356.2685893,47.92390549,3.33,0.193256155,0.872082623,2.078163362,1,378885.1772,1261687.64,134605.9316,0.106687208,1778.446977,0.004693894,0.983463725
6,2020,North Fairmount,30,30,22,0,250.61,491.27,1545.946539,742.797136,466.5694511,261.5264916,73.50596659,3.33,0.252083333,0.721772965,2.03,1,139135.1885,463320.1779,76657.27054,0.165452044,1474.142816,0.010595039,0.897820049
6,2020,Northside,30,30,22,0,250.61,491.27,7789,3910,1374,665,222,3.33,0.135805627,0.900782894,1.987628735,1,701010,2334363.3,217386.975,0.09312474,3902.8,0.005567396,0.999475029
6,2020,Oakley,30,30,22,0,250.61,491.27,11666.88889,6491.531425,1354.247475,449.4652076,337.3883277,3.33,0.035326436,0.95188309,1.773530829,1,1050020,3496566.6,93882.79055,0.026849994,3462.155556,0.003297228,0.982030312
6,2020,Over-the-Rhine,30,30,22,0,250.61,491.27,5407,2800,872,458,96,3.33,0.251071429,0.865757332,1.735303846,0.65,486630,1620477.9,287802.3417,0.177603373,1584.44,0.003255944,1.04661665
6,2020,Pendleton,30,30,22,0,250.61,491.27,980,476,218,92,44,3.33,0.149159664,0.880294889,2.06,1,88200,293706,29066.80833,0.098965661,598.4,0.00678458,0.98604513
6,2020,Pleasant Ridge,30,30,22,0,250.61,491.27,7044.73327,3555.784166,1513.62394,880.9359095,225.2940622,3.33,0.11101451,0.916917317,1.939781398,1,634025.9943,2111306.561,161604.7559,0.076542535,4867.411876,0.007676991,1.001136843
6,2020,Queensgate,30,30,22,0,250.61,491.27,273.9800797,89.30976096,90.03585657,28.55976096,13.55378486,3.33,0.482384824,0.59529547,2.3,1,24658.20717,82111.82988,17637.27804,0.214795823,185.2996016,0.007514723,0.817606016
6,2020,Riverside,30,30,22,0,250.61,491.27,1794.736527,917.6646707,227.8023952,131.2814371,36.76047904,3.33,0.14330832,0.87063014,1.913544018,1,161526.2874,537882.5371,53838.68134,0.100093752,739.3844311,0.004577487,0.975301379
6,2020,Roselawn,30,30,22,0,250.61,491.27,8119,3692,1820,1000,359,3.33,0.263001083,0.731864272,2.113471876,1,730710,2433264.3,397519.3083,0.163368734,5979.6,0.008183274,0.903416279
6,2020,Sayler Park,30,30,22,0,250.61,491.27,2993,1193,668,393,164,3.33,0.158424141,0.874458463,2.510073309,1,269370,897002.1,77375.025,0.086259581,2450.8,0.009098266,0.96981631
6,2020,Sedamsville,30,30,22,0,250.61,491.27,568.2634731,262.3353293,101.1976048,60.71856287,20.23952096,3.33,0.207715134,0.865068649,2.07,1,51143.71257,170308.5629,22308.16866,0.130986771,356.2155689,0.006964992,1.003020412
6,2020,South Cumminsville,30,30,22,0,250.61,491.27,711.4001402,277.9985985,294.0322355,176.6166783,18.74702172,3.33,0.573203194,0.545278332,2.55,1,64026.01261,213206.622,65236.43298,0.305977518,859.6002803,0.013425798,0.864681647
6,2020,South Fairmount,30,30,22,0,250.61,491.27,1843,853,423,199,54,3.33,0.296600234,0.745799126,1.94,1,165870,552347.1,103576.0917,0.187519934,1113.2,0.00671128,0.940030339
6,2020,Spring Grove Village,30,30,22,0,250.61,491.27,2239,889,645,434,64,3.33,0.282339708,0.824591244,2.51,1,201510,671028.3,102757.3083,0.15313409,2191.2,0.010873902,0.988599236
6,2020,Villages at Roll Hill,30,30,22,0,250.61,491.27,2382,844,1266,581,40,3.33,0.699052133,0.414767959,2.82,1,214380,713885.4,241541.0833,0.33834714,2732.4,0.012745592,0.765860691
6,2020,Walnut Hills,30,30,22,0,250.61,491.27,6382,3777,808,386,125,3.33,0.36457506,0.800911924,1.688450063,0.69,574380,1912685.4,563732.325,0.294733428,1551.396,0.002700992,1.098346344
6,2020,West End,30,30,22,0,250.61,491.27,7714.090303,3427.873427,2694.179867,1503.412287,292,3.33,0.479453827,0.679860872,2.280349515,1,694268.1273,2311912.864,672838.0829,0.291030901,7899.814064,0.011378621,0.982270394
6,2020,West Price Hill,30,30,22,0,250.61,491.27,17977.5585,7434.568795,5158.830696,2798.855275,984.6436493,3.33,0.241029518,0.843703751,2.41101074,1,1617980.265,5387874.283,733609.615,0.136159379,16647.39527,0.010288998,0.990152127
6,2020,Westwood,30,30,22,0,250.61,491.27,32214.59252,14285.29622,8935.390087,4066.43136,1436.718744,3.33,0.197181703,0.852091822,2.25775622,1,2899313.327,9654713.377,1153174.054,0.119441563,24213.86046,0.008351585,0.97988497
6,2020,Winton Hills,30,30,22,0,250.61,491.27,6204,2646,2954,1360,331,3.33,0.555933485,0.611866919,2.34,1,558360,1859338.8,602215.1417,0.323886718,7440.4,0.013325453,0.94907909
6,2021,Avondale,30,30,22,0,225.8,447.65,13427,5961,3578,1817,782,3.67,0.336017447,0.678530718,2.129065235,1,1208430,4434938.1,747202.4583,0.168480922,11435.6,0.009463188,0.856474827
6,2021,Bond Hill,30,30,22,0,225.8,447.65,7640,3312,1924,1160,158,3.67,0.125,0.873251239,2.280066908,1,687600,2523492,154439.25,0.06120061,5799.2,0.008433973,0.942885823
6,2021,California,30,30,22,0,225.8,447.65,930.8790896,333.8947368,238.0995733,113.4964438,53.10384068,3.67,0,0.974532007,2.77,0.13,83779.11807,307469.3633,0,0,95.29536273,0.00113746,0.975669467
6,2021,Camp Washington,30,30,22,0,225.8,447.65,1190,461,124,39,34,3.67,0.21691974,0.894907014,1.87,1,107100,393057,37304.16667,0.094907778,321.2,0.002999066,0.992813858
6,2021,Carthage,30,30,22,0,225.8,447.65,2889,1107,899,566,206,3.67,0.274616079,0.817363415,2.6,1,260010,954236.7,113404.6667,0.11884333,3396.8,0.013064113,0.949270858
6,2021,Clifton,30,30,22,0,225.8,447.65,8544,4182,1386,828,171,3.67,0.055475849,0.869871483,2.043306829,0.4,768960,2822083.2,86545.66667,0.030667298,1758.24,0.002286517,0.902825298
6,2021,College Hill,30,30,22,0,225.8,447.65,17085,7353,3947,2269,700,3.67,0.15871073,0.812452927,2.296748156,1,1537650,5643175.5,435339.625,0.077144442,13063.6,0.008495822,0.898093191
6,2021,Columbia Tusculum,30,30,22,0,225.8,447.65,1546.001056,742.6786374,243.4058622,126.2719831,30.32189068,3.67,0.035234899,0.96879115,2.08,0.13,139140.0951,510644.1489,9761.831562,0.019116701,89.5716958,6.44E-04,0.988551603
6,2021,Corryville,30,30,22,0,225.8,447.65,4438,1936,161,85,5,3.67,0.048553719,0.710637046,2.253644578,1,399420,1465871.4,35065.91667,0.02392155,396,9.91E-04,0.735550034
6,2021,CUF,30,30,22,0,225.8,447.65,17351,5533,603,326,155,3.67,0.053677932,0.777781785,2.291218334,1,1561590,5731035.3,110793.375,0.019332175,2116.4,0.001355285,0.798469244
6,2021,Downtown,30,30,22,0,225.8,447.65,4608.323464,3019.737232,182.9837158,34.24870466,0,3.67,0.108420912,0.920791648,1.445595022,1,414749.1118,1522129.24,122134.8357,0.080239465,150.6943005,3.63E-04,1.001394451
6,2021,East End,30,30,22,0,225.8,447.65,1497,707,222,117,41,3.67,0.111739745,0.96313056,2.09,1,134730,494459.1,29470.29167,0.05960107,695.2,0.00515995,1.02789158
6,2021,East Price Hill,30,30,22,0,225.8,447.65,15139,6027,4271,2175,643,3.67,0.296996848,0.752217016,2.480657857,1,1362510,5000411.7,667744.5833,0.133537921,12399.2,0.009100263,0.8948552
6,2021,East Walnut Hills,30,30,22,0,225.8,447.65,3830.861183,2460.753213,256.2429306,125.5520566,25.67737789,3.67,0.026929441,0.946580765,1.542606914,1,344777.5064,1265333.449,24720.24376,0.019536545,665.4095116,0.001929968,0.968047278
6,2021,East Westwood,30,30,22,0,225.8,447.65,2454.68656,1098.389607,811.9877463,519.3576096,102.613651,3.67,0.373575999,0.726996982,2.224302837,1,220921.7904,810782.9708,153070.9313,0.188793964,2736.673547,0.012387522,0.928178469
6,2021,English Woods,30,30,22,0,225.8,447.65,488.2539379,230.778043,135.073031,67.19713604,23.30405728,3.67,0.221568627,0.728074357,2.07,1,43942.85442,161270.2757,19074.80453,0.118278489,398.2052506,0.009061889,0.855414735
6,2021,Evanston,30,30,22,0,225.8,447.65,8672.297261,3470.777016,1628.718848,822.756491,335.9758535,3.67,0.14073521,0.866051248,2.181702458,0.36,780506.7535,2864459.785,182216.1308,0.063612738,1835.432034,0.00235159,0.932015576
6,2021,Hartwell,30,30,22,0,225.8,447.65,5084,2421,960,407,270,3.67,0.090458488,0.922572537,2.03,1,457560,1679245.2,81696.125,0.048650504,2978.8,0.006510184,0.977733225
6,2021,Hyde Park,30,30,22,0,225.8,447.65,14090,6696,2678,1434,361,3.67,0.009109916,0.950683326,2.093173576,0.65,1268100,4653927,22755.54167,0.004889536,5133.7,0.00404834,0.959621201
6,2021,Kennedy Heights,30,30,22,0,225.8,447.65,5042,2478,890,418,40,3.67,0.086763519,0.863439283,2.02,1,453780,1665372.6,80203.95833,0.048159768,2015.2,0.004440919,0.91603997
6,2021,Linwood,30,30,22,0,225.8,447.65,675.2083443,324.3612358,106.3063111,55.14866649,13.24293636,3.67,0.035234899,0.96879115,2.08,1,60768.75099,223021.3161,4263.431839,0.019116701,300.9230525,0.004951937,0.992859789
6,2021,Lower Price Hill,30,30,22,0,225.8,447.65,857.2619522,274.3844622,282.7221116,110.6633466,18.94920319,3.67,0.497237569,0.566005899,2.41,1,77153.5757,283153.6228,50895.66484,0.179745766,570.2952191,0.007391689,0.753143354
6,2021,Madisonville,30,30,22,0,225.8,447.65,10328.1431,5116.823232,1645.746914,776.157688,339.3602694,3.67,0.089933637,0.863930384,2.048913084,1,929532.8788,3411385.665,171664.271,0.05032098,4908.279012,0.005280372,0.919531735
6,2021,Millvale,30,30,22,0,225.8,447.65,2390.311843,890.4344779,964.2606868,522.8100911,59.51296426,3.67,0.611675127,0.483970406,2.67,1,215128.0659,789520.0018,203179.6141,0.257345746,2562.221444,0.011910215,0.753226367
6,2021,Mt. Adams,30,30,22,0,225.8,447.65,1611,940,134,89,31,3.67,0,0.947803977,1.71,0.13,144990,532113.3,0,0,68.64,4.73E-04,0.948277389
6,2021,Mt. Airy,30,30,22,0,225.8,447.65,8782.733284,3929.412157,2344.556412,1316.05278,373.766642,3.67,0.226574217,0.744310778,2.229856983,1,790445.9956,2900936.804,332120.2955,0.114487256,7435.205456,0.009406342,0.868204376
6,2021,Mt. Auburn,30,30,22,0,225.8,447.65,4811,2573,712,390,151,3.67,0.158958414,0.860787614,1.750066796,1,432990,1589073.3,152574.0417,0.096014477,2380.4,0.005497587,0.962299677
6,2021,Mt. Lookout,30,30,22,0,225.8,447.65,5051.790599,2169.960127,1191.287827,626.5793504,164.435173,3.67,0.011706647,0.969539695,2.336911529,0.13,454661.1539,1668606.435,9476.361599,0.005679207,452.4603074,9.95E-04,0.976214062
6,2021,Mt. Washington,30,30,22,0,225.8,447.65,12483.0966,5465.23091,3053.730015,1620.465724,681.9047985,3.67,0.130170228,0.909940127,2.261685777,0.45,1123478.694,4123166.808,265385.7039,0.064364532,4558.693634,0.004057659,0.978362318
6,2021,North Avondale - Paddock Hills,30,30,22,0,225.8,447.65,4352.841557,1743.469771,617.038221,334.6914524,117.3467686,3.67,0.155593612,0.880778935,2.099291785,1,391755.7401,1437743.566,101196.0421,0.070385321,1988.968172,0.005077062,0.956241317
6,2021,North Fairmount,30,30,22,0,225.8,447.65,1669.746062,789.221957,461.926969,229.802864,79.69594272,3.67,0.221568627,0.728074357,2.07,1,150277.1456,551517.1243,65232.61213,0.118278489,1361.794749,0.009061889,0.855414735
6,2021,Northside,30,30,22,0,225.8,447.65,7965,4049,1390,654,270,3.67,0.097061003,0.896129559,1.963954228,1,716850,2630839.5,146605.375,0.055725701,4065.6,0.005671479,0.957526739
6,2021,Oakley,30,30,22,0,225.8,447.65,11310.8569,6355.176768,1271.253086,532.842312,163.6397306,3.67,0.033488522,0.946221026,1.75428702,1,1017977.121,3735976.035,79392.77065,0.021250878,3064.520988,0.003010403,0.970482306
6,2021,Over-the-Rhine,30,30,22,0,225.8,447.65,5712,2976,893,456,143,3.67,0.228158602,0.865310959,1.766196154,0.65,514080,1886673.6,253295.2917,0.134254962,1713.14,0.003332439,1.002898359
6,2021,Pendleton,30,30,22,0,225.8,447.65,1018,509,223,116,30,3.67,0.106090373,0.892919279,2,1,91620,336245.4,20144.25,0.05990937,642.4,0.00701157,0.959840218
6,2021,Pleasant Ridge,30,30,22,0,225.8,447.65,7326.252592,3596.025448,1421.01131,749.3854854,189.8831291,3.67,0.111246761,0.906729328,2.000969089,1,659362.7333,2419861.231,149233.8948,0.061670435,4132.781904,0.006267843,0.974667606
6,2021,Queensgate,30,30,22,0,225.8,447.65,273.7380478,87.61553785,90.27788845,35.33665339,6.050796813,3.67,0.497237569,0.566005899,2.41,1,24636.4243,90415.67719,16251.83516,0.179745766,182.1047809,0.007391689,0.753143354
6,2021,Riverside,30,30,22,0,225.8,447.65,1612.790419,737.7125749,260.4850299,139.6047904,32.31736527,3.67,0.210060228,0.823390031,2.149051919,1,145151.1377,532704.6754,57808.05564,0.108518018,756.457485,0.005211516,0.937119566
6,2021,Roselawn,30,30,22,0,225.8,447.65,7056,3035,1647,887,249,3.67,0.228336079,0.749102912,2.200778812,1,635040,2330596.8,258517.875,0.110923466,4998.4,0.007871,0.867897378
6,2021,Sayler Park,30,30,22,0,225.8,447.65,3122,1287,721,462,133,3.67,0.172494172,0.836237043,2.427624125,1,280980,1031196.6,82815.25,0.080309856,2618,0.009317389,0.925864288
6,2021,Sedamsville,30,30,22,0,225.8,447.65,570.2095808,206.2874251,147.5149701,72.39520958,18.68263473,3.67,0.203773585,0.785877964,2.64,1,51318.86228,188340.2246,15681.15269,0.083259711,400.742515,0.007808874,0.876946549
6,2021,South Cumminsville,30,30,22,0,225.8,447.65,782.688157,291.5655221,315.7393132,171.1899089,19.48703574,3.67,0.611675127,0.483970406,2.67,1,70441.93413,258521.8982,66529.51086,0.257345746,838.9785564,0.011910215,0.753226367
6,2021,South Fairmount,30,30,22,0,225.8,447.65,1948,879,467,238,64,3.67,0.360637088,0.72152678,2.02,1,175320,643424.4,118254.2083,0.183788815,1328.8,0.007579284,0.912894879
6,2021,Spring Grove Village,30,30,22,0,225.8,447.65,2167,885,569,353,63,3.67,0.246327684,0.829347783,2.44,1,195030,715760.1,81323.08333,0.113617794,1830.4,0.009385223,0.9523508
6,2021,Villages at Roll Hill,30,30,22,0,225.8,447.65,2556,861,1464,770,35,3.67,0.766550523,0.394923892,2.97,1,230040,844246.8,246207.5,0.29162977,3542,0.015397322,0.701950984
6,2021,Walnut Hills,30,30,22,0,225.8,447.65,6121,3661,769,356,74,3.67,0.356186834,0.781163163,1.662482726,0.69,550890,2021766.3,486446.3333,0.24060463,1305.48,0.002369765,1.024137559
6,2021,West End,30,30,22,0,225.8,447.65,8108.676536,3560.262768,2883.016284,1662.751295,282,3.67,0.4933898,0.676673033,2.308115011,1,729780.8882,2678295.86,655283.9976,0.24466453,8556.905699,0.011725308,0.933062871
6,2021,West Price Hill,30,30,22,0,225.8,447.65,19033.09943,7620.713062,5323.327424,2962.558573,1141.668963,3.67,0.227960123,0.832467257,2.488727035,1,1712978.949,6286632.742,648054.9555,0.103084589,18058.60116,0.01054222,0.946094067
6,2021,Westwood,30,30,22,0,225.8,447.65,33395.31344,14676.61039,9045.012254,4450.64239,1192.386349,3.67,0.209562557,0.822624938,2.291599517,1,3005578.21,11030472.03,1147352.319,0.104016611,24829.32645,0.008261081,0.93490263
6,2021,Winton Hills,30,30,22,0,225.8,447.65,6294,2662,3029,1366,361,3.67,0.51014275,0.569889451,2.36,1,566460,2078908.2,506590.5833,0.243681074,7598.8,0.013414539,0.826985065
6,2022,Avondale,30,30,22,0,228.8,452.91,12792,5700,3094,1540,797,4.1,0.34877193,0.690980596,2.096732697,1,1151280,4720248,750320.9,0.15895794,10282.8,0.008931624,0.85887016
6,2022,Bond Hill,30,30,22,0,228.8,452.91,7287,3139,1780,1167,192,4.1,0.153552087,0.86942799,2.290075272,1,655830,2688903,181918.85,0.067655416,5979.6,0.009117607,0.946201012
6,2022,California,30,30,22,0,228.8,452.91,929.4907539,341.8776671,256.1479374,125.2972973,57.61593172,4.1,0.023350254,0.969585022,2.71,0.13,83654.16785,342982.0882,3012.957468,0.008784591,104.626367,0.001250701,0.979620314
6,2022,Camp Washington,30,30,22,0,228.8,452.91,1151,479,106,59,17,4.1,0.219206681,0.888968813,1.78,1,103590,424719,39629.625,0.093307869,334.4,0.003228111,0.985504793
6,2022,Carthage,30,30,22,0,228.8,452.91,2759,1055,821,527,173,4.1,0.232227488,0.783555874,2.61,1,248310,1018071,92469.125,0.090827776,3080,0.01240385,0.8867875
6,2022,Clifton,30,30,22,0,228.8,452.91,8311,4192,1066,556,124,4.1,0.070849237,0.872889824,1.977352666,0.4,747990,3066759,112095.225,0.03655169,1196.8,0.001600021,0.911041535
6,2022,College Hill,30,30,22,0,228.8,452.91,16578,7214,3674,1973,744,4.1,0.174383144,0.81169804,2.262897641,1,1492020,6117282,474800.65,0.077616276,11954.8,0.008012493,0.89732681
6,2022,Columbia Tusculum,30,30,22,0,228.8,452.91,1527.30948,742.2632691,232.6062847,103.0113546,34.47557433,4.1,0.040850588,0.969597306,2.05,0.13,137457.8532,563577.198,11444.23959,0.020306428,78.64252337,5.72E-04,0.990475854
6,2022,Corryville,30,30,22,0,228.8,452.91,4593,1944,313,99,2,4.1,0.036522634,0.654416473,2.308411145,1,413370,1694817,26797.175,0.01581125,444.4,0.001075066,0.671302789
6,2022,CUF,30,30,22,0,228.8,452.91,17703,5839,590,332,135,4.1,0.047097106,0.778482266,2.260336397,1,1593270,6532407,103791.875,0.015888764,2054.8,0.001289675,0.795660705
6,2022,Downtown,30,30,22,0,228.8,452.91,5257.262028,3281.935603,263.9726129,50.43523316,0,4.1,0.057514217,0.93358807,1.474933886,1,473153.5825,1939929.688,71241.97195,0.036723997,221.9150259,4.69E-04,0.970781079
6,2022,East End,30,30,22,0,228.8,452.91,1430,707,161,88,24,4.1,0.101838755,0.944726758,2,1,128700,527670,27174.6,0.051499232,492.8,0.00382906,1.00005505
6,2022,East Price Hill,30,30,22,0,228.8,452.91,15908,6082,5021,2667,762,4.1,0.29118711,0.723129086,2.611281774,1,1431720,5870052,668419.675,0.113869464,15087.6,0.010538094,0.847536644
6,2022,East Walnut Hills,30,30,22,0,228.8,452.91,4012.088046,2493.270566,399.2056555,215.1201799,60.33868895,4.1,0.035380584,0.913265016,1.603667093,1,361087.9242,1480460.489,33293.93027,0.022488902,1212.019023,0.003356576,0.939110494
6,2022,East Westwood,30,30,22,0,228.8,452.91,2434.307438,1059.651077,735.5904287,462.9622519,116.2436471,4.1,0.373495044,0.696477431,2.276188574,1,219087.6694,898259.4445,149375.1624,0.166294007,2548.505956,0.011632357,0.874403794
6,2022,English Woods,30,30,22,0,228.8,452.91,489.8377088,235.3031026,125.1178998,51.58568019,21.94653938,4.1,0.273076923,0.710655115,2.05,1,44085.39379,180750.1146,24251.76315,0.134172878,323.5417661,0.007338979,0.852166972
6,2022,Evanston,30,30,22,0,228.8,452.91,8354.011328,3434.786071,1417.954873,731.6112308,313.4879268,4.1,0.112565559,0.869583815,2.133520639,0.36,751861.0195,3082630.18,145927.0785,0.047338497,1655.437065,0.002201786,0.919124098
6,2022,Hartwell,30,30,22,0,228.8,452.91,5237,2448,965,379,237,4.1,0.100081699,0.917389358,2.04,1,471330,1932453,92469.125,0.047850646,2710.4,0.005750536,0.97099054
6,2022,Hyde Park,30,30,22,0,228.8,452.91,13530,6580,2465,1297,355,4.1,0.013981763,0.94137498,2.039088857,0.65,1217700,4992570,34723.1,0.006954955,4724.72,0.003880036,0.952209971
6,2022,Kennedy Heights,30,30,22,0,228.8,452.91,4714,2372,795,352,69,4.1,0.1306914,0.828223603,1.98,1,424260,1739466,117001.75,0.067263028,1852.4,0.004366191,0.899852821
6,2022,Linwood,30,30,22,0,228.8,452.91,667.0448904,324.1798257,101.5896488,44.98970161,15.05703723,4.1,0.040850588,0.969597306,2.05,1,60034.04014,246139.5646,4998.215256,0.020306428,264.2056509,0.004400931,0.994304664
6,2022,Lower Price Hill,30,30,22,0,228.8,452.91,877.7270916,288.0278884,288.0278884,91.71414343,47.75199203,4.1,0.621052632,0.517487295,2.37,1,78995.43825,323881.2968,67513.96444,0.208452804,613.650996,0.007768183,0.733708281
6,2022,Madisonville,30,30,22,0,228.8,452.91,10685.46577,5292.751964,1716.369809,732.0976431,342.6060606,4.1,0.099709447,0.845874785,2.041209633,1,961691.9192,3942936.869,199181.2783,0.050515969,4728.696296,0.004917059,0.901307814
6,2022,Millvale,30,30,22,0,228.8,452.91,2341.34548,890.4344779,1023.773651,662.1758935,74.57953749,4.1,0.602368866,0.476951667,2.62,1,210721.0932,863956.4821,202439.4499,0.234316721,3241.723896,0.015383955,0.726652343
6,2022,Mt. Adams,30,30,22,0,228.8,452.91,1643,977,114,80,16,4.1,0,0.941869806,1.68,0.13,147870,606267,0,0,54.912,3.71E-04,0.942241159
6,2022,Mt. Airy,30,30,22,0,228.8,452.91,8913.806968,3893.991994,2475.059451,1374.247739,386.149444,4.1,0.250267048,0.711869148,2.277665922,1,802242.6271,3289194.771,367814.9593,0.111825229,7745.747606,0.009655118,0.833349496
6,2022,Mt. Auburn,30,30,22,0,228.8,452.91,4705,2583,603,416,113,4.1,0.14324429,0.838284446,1.705475113,1,423450,1736145,139647.25,0.080435246,2327.6,0.005496753,0.924216445
6,2022,Mt. Lookout,30,30,22,0,228.8,452.91,5009.64563,2186.556905,1170.804067,611.9989438,164.4673884,4.1,0.013461883,0.972702418,2.299967974,0.13,450868.1067,1848559.237,11109.57015,0.006009853,444.138742,9.85E-04,0.979697346
6,2022,Mt. Washington,30,30,22,0,228.8,452.91,12436.34362,5527.69696,3001.501673,1566.027132,764.2803732,4.1,0.114884969,0.901115514,2.223608197,0.45,1119270.926,4589010.796,239683.48,0.052229879,4614.008861,0.004122334,0.957467728
6,2022,North Avondale - Paddock Hills,30,30,22,0,228.8,452.91,4240.900625,1687.943363,666.8394719,393.2685893,104.1733843,4.1,0.179003648,0.874775752,2.117322946,1,381681.0563,1564892.331,114038.2162,0.072872883,2188.744684,0.005734486,0.953383121
6,2022,North Fairmount,30,30,22,0,228.8,452.91,1675.162291,804.6968974,427.8821002,176.4143198,75.05346062,4.1,0.273076923,0.710655115,2.05,1,150764.6062,618134.8854,82936.93685,0.134172878,1106.458234,0.007338979,0.852166972
6,2022,Northside,30,30,22,0,228.8,452.91,8200,4053,1354,559,240,4.1,0.098198865,0.899673792,2.025715194,1,738000,3025800,150215.15,0.049644772,3515.6,0.004763686,0.954082249
6,2022,Oakley,30,30,22,0,228.8,452.91,11265.53423,6513.248036,1219.630191,484.9023569,118.3939394,4.1,0.019999642,0.943024935,1.708637195,1,1013898.081,4156982.131,49164.37172,0.011826938,2654.503704,0.002618117,0.957469991
6,2022,Over-the-Rhine,30,30,22,0,228.8,452.91,5657,3047,795,406,143,4.1,0.208729898,0.875445421,1.708942308,0.65,509130,2087433,240042.3,0.114994014,1570.14,0.003083967,0.993523402
6,2022,Pendleton,30,30,22,0,228.8,452.91,1134,550,251,145,40,4.1,0.125454545,0.900215501,2.06,1,102060,418446,26042.325,0.062235808,814,0.007975701,0.97042701
6,2022,Pleasant Ridge,30,30,22,0,228.8,452.91,7184.554194,3642.132893,1438.686145,853.2770971,149.8831291,4.1,0.135636621,0.887994463,1.938428014,1,646609.8775,2651100.498,186450.4401,0.07032945,4413.904995,0.006826226,0.965150139
6,2022,Queensgate,30,30,22,0,228.8,452.91,280.2729084,91.97211155,91.97211155,29.28585657,15.24800797,4.1,0.621052632,0.517487295,2.37,1,25224.56175,103420.7032,21558.33556,0.208452804,195.949004,0.007768183,0.733708281
6,2022,Riverside,30,30,22,0,228.8,452.91,2008.023952,826.0538922,418.1976048,213.6107784,33.59281437,4.1,0.19557669,0.824574948,2.420248307,1,180722.1557,740960.8383,60975.60778,0.082292619,1087.695808,0.006018608,0.912886175
6,2022,Roselawn,30,30,22,0,228.8,452.91,7692,3558,1970,1287,248,4.1,0.24480045,0.708884333,2.11616494,1,692280,2838348,328737.175,0.115819898,6754,0.009756168,0.834460399
6,2022,Sayler Park,30,30,22,0,228.8,452.91,2902,1186,710,402,133,4.1,0.15851602,0.861450757,2.442799067,1,261180,1070838,70955.9,0.06626203,2354,0.009012941,0.936725728
6,2022,Sedamsville,30,30,22,0,228.8,452.91,556.9760479,196.9461078,158.8023952,65.38922156,21.40718563,4.1,0.322134387,0.747090832,2.69,1,50127.84431,205524.1617,23945.01722,0.116507067,381.9041916,0.007618604,0.871216503
6,2022,South Cumminsville,30,30,22,0,228.8,452.91,766.65452,291.5655221,335.226349,216.8241065,24.42046251,4.1,0.602368866,0.476951667,2.62,1,68998.9068,282895.5179,66287.15011,0.234316721,1061.476104,0.015383955,0.726652343
6,2022,South Fairmount,30,30,22,0,228.8,452.91,1926,888,474,242,77,4.1,0.30518018,0.712572081,1.98,1,173340,710694,102282.175,0.143918726,1403.6,0.008097381,0.864588188
6,2022,Spring Grove Village,30,30,22,0,228.8,452.91,2220,922,515,362,65,4.1,0.245119306,0.782147981,2.4,1,199800,819180,85298.05,0.104126138,1878.8,0.009403403,0.895677523
6,2022,Villages at Roll Hill,30,30,22,0,228.8,452.91,2503,864,1444,819,77,4.1,0.706018519,0.369700104,2.9,1,225270,923607,230229.25,0.249271876,3942.4,0.017500777,0.636472758
6,2022,Walnut Hills,30,30,22,0,228.8,452.91,6431,3677,860,364,186,4.1,0.342398695,0.782790116,1.751691269,0.69,578790,2373039,475178.075,0.200240314,1669.8,0.002884984,0.985915414
6,2022,West End,30,30,22,0,228.8,452.91,7764.737972,3603.064397,2293.027387,1263.564767,234,4.1,0.464949237,0.690893072,2.177132188,1,698826.4175,2865188.312,632278.2281,0.220675976,6589.284974,0.009429073,0.920998121
6,2022,West Price Hill,30,30,22,0,228.8,452.91,18961.63553,7517.694487,5411.251034,3232.174391,1144.64663,4.1,0.196647414,0.81024671,2.514935943,1,1706547.198,6996843.51,557960.6542,0.079744624,19258.01249,0.011284782,0.901276115
6,2022,Westwood,30,30,22,0,228.8,452.91,32780.69256,14571.34892,8579.409571,3879.037748,1322.756353,4.1,0.218389223,0.819417792,2.263472583,1,2950262.331,12096075.56,1201051.488,0.099292658,22887.89404,0.007757918,0.926468368
6,2022,Winton Hills,30,30,22,0,228.8,452.91,6741,2746,3304,1617,595,4.1,0.494901675,0.542016339,2.45,1,606690,2487429,512920.575,0.206205112,9732.8,0.01604246,0.76426391
6,2023,Avondale,30,30,22,0,177.43,343.34,12825,5866,3070,1560,841,4.2845,0.423968633,0.688056323,2.051463803,1,1154250,4945384.125,711572.15,0.143886123,10564.4,0.00915261,0.841095056
6,2023,Bond Hill,30,30,22,0,177.43,343.34,6723,3165,1495,1154,129,4.2845,0.165876777,0.861707486,2.105112908,1,605070,2592422.415,150211.25,0.057942428,5645.2,0.00932983,0.928979744
6,2023,California,30,30,22,0,177.43,343.34,954.8278805,335.9772404,260.6600284,135.3627312,45.46799431,4.2845,0.026859504,0.983597254,2.83,0.13,85934.50925,368186.4049,2581.968895,0.007012668,103.435175,0.001203651,0.991813573
6,2023,Camp Washington,30,30,22,0,177.43,343.34,1128,520,109,67,18,4.2845,0.309615385,0.86960362,1.61,1,101520,434962.44,46064.78333,0.105905198,374,0.003684003,0.979192821
6,2023,Carthage,30,30,22,0,177.43,343.34,2962,1094,905,576,145,4.2845,0.174588665,0.808487356,2.7,1,266580,1142162.01,54648.28333,0.04784635,3172.4,0.011900368,0.868234073
6,2023,Clifton,30,30,22,0,177.43,343.34,8012,4101,1091,543,155,4.2845,0.058522312,0.895678177,1.940058466,0.4,721080,3089467.26,68668,0.022226486,1228.48,0.001703667,0.919608329
6,2023,College Hill,30,30,22,0,177.43,343.34,16324,7124,3721,2033,828,4.2845,0.20620438,0.813060802,2.238321039,1,1469160,6294616.02,420305.3833,0.066772204,12588.4,0.008568434,0.888401439
6,2023,Columbia Tusculum,30,30,22,0,177.43,343.34,1597.922102,755.1396884,284.111962,159.086084,25.33747029,4.2845,0.048954895,0.980076407,2.11,0.13,143812.9892,616166.7521,10577.09928,0.017165969,105.490273,7.34E-04,0.9979759
6,2023,Corryville,30,30,22,0,177.43,343.34,4442,1987,267,78,1,4.2845,0.023653749,0.686047929,2.159706325,1,399780,1712857.41,13447.48333,0.007850906,347.6,8.69E-04,0.694768313
6,2023,CUF,30,30,22,0,177.43,343.34,17903,6110,478,165,120,4.2845,0.052373159,0.77211139,2.154798515,1,1611270,6903486.315,91557.33333,0.013262478,1254,7.78E-04,0.786152136
6,2023,Downtown,30,30,22,0,177.43,343.34,5501.109548,3389.128053,229.8482605,28.20355292,0,4.2845,0.072973797,0.934914516,1.449603319,1,495099.8594,2121255.347,70761.67089,0.033358394,124.0956329,2.51E-04,0.968523557
6,2023,East End,30,30,22,0,177.43,343.34,1306,681,172,111,38,4.2845,0.114537445,0.955370044,1.9,1,117540,503600.13,22317.1,0.04431512,655.6,0.005577676,1.005262839
6,2023,East Price Hill,30,30,22,0,177.43,343.34,15955,6112,5263,2574,882,4.2845,0.296138743,0.73184202,2.599238879,1,1435950,6152327.775,517871.1667,0.084174834,15206.4,0.010589784,0.826606637
6,2023,East Walnut Hills,30,30,22,0,177.43,343.34,3876.895887,2470.430591,361.3496144,200.8348329,39.33868895,4.2845,0.03423318,0.915068833,1.552788732,1,348920.6298,1494950.438,24197.08509,0.016185878,1056.763496,0.003028664,0.934283375
6,2023,East Westwood,30,30,22,0,177.43,343.34,2446.440728,1082.362735,662.7084265,423.8682901,112.1505178,4.2845,0.403008497,0.730271131,2.233280064,1,220179.6656,943359.7771,124804.4846,0.132297865,2358.482755,0.010711628,0.873280624
6,2023,English Woods,30,30,22,0,177.43,343.34,494.8152745,231.9093079,114.9365155,56.78949881,23.98281623,4.2845,0.24195122,0.715299412,2.1,1,44533.3747,190803.2439,16054.21785,0.084140172,355.3981862,0.007980491,0.807420075
6,2023,Evanston,30,30,22,0,177.43,343.34,8421.154843,3511.949534,1469.161852,755.5963693,308.2870928,4.2845,0.090933908,0.854076328,2.101616559,0.36,757903.9359,3247239.413,91372.87283,0.028138631,1685.191404,0.002223489,0.884438448
6,2023,Hartwell,30,30,22,0,177.43,343.34,5403,2462,852,527,174,4.2845,0.097887896,0.924583721,2.07,1,486270,2083423.815,68954.11667,0.033096539,3084.4,0.006342978,0.964023238
6,2023,Hyde Park,30,30,22,0,177.43,343.34,13559,6539,2522,1119,401,4.2845,0.011010858,0.940017258,2.057848168,0.65,1220310,5228418.195,20600.4,0.003940083,4347.2,0.003562373,0.947519714
6,2023,Kennedy Heights,30,30,22,0,177.43,343.34,4275,2222,492,333,67,4.2845,0.143564356,0.848252783,1.91,1,384750,1648461.375,91271.21667,0.055367519,1760,0.004574399,0.908194701
6,2023,Linwood,30,30,22,0,177.43,343.34,697.8846052,329.8035384,124.0844996,69.48006337,11.06601532,4.2845,0.048954895,0.980076407,2.11,1,62809.61447,269107.7932,4619.495999,0.017165969,354.4027462,0.005642492,1.002884868
6,2023,Lower Price Hill,30,30,22,0,177.43,343.34,876.9691235,298.6394422,294.0916335,80.34462151,68.21713147,4.2845,0.631979695,0.466354618,2.32,1,78927.22112,338163.6789,53999.96121,0.15968587,653.6717131,0.008281955,0.634322443
6,2023,Madisonville,30,30,22,0,177.43,343.34,10561.56341,5445.440516,1620.369809,794.7861953,232.8462402,4.2845,0.096409902,0.87532009,1.957708987,1,950540.7071,4072591.659,150209.6444,0.03688306,4521.582716,0.004756853,0.916960004
6,2023,Millvale,30,30,22,0,177.43,343.34,2408.391731,825.648213,1009.460406,614.7161878,61.01962158,4.2845,0.515510949,0.498484702,2.9,1,216755.2558,928687.8934,121780.0353,0.131131283,2973.237561,0.013717026,0.643333012
6,2023,Mt. Adams,30,30,22,0,177.43,343.34,1592,984,97,65,11,4.2845,0,0.934637005,1.62,0.13,143280,613883.16,0,0,43.472,3.03E-04,0.934940411
6,2023,Mt. Airy,30,30,22,0,177.43,343.34,8855.104818,4117.800593,2459.034396,1515.051742,311.7610082,4.2845,0.246881058,0.716394854,2.140346369,1,796959.4337,3414572.693,290868.197,0.085184362,8037.976101,0.010085803,0.81166502
6,2023,Mt. Auburn,30,30,22,0,177.43,343.34,5192,2640,771,558,145,4.2845,0.15719697,0.793266802,1.851103211,1,467280,2002061.16,118738.4167,0.059308087,3093.2,0.006619586,0.859194474
6,2023,Mt. Lookout,30,30,22,0,177.43,343.34,5018.193293,2134.056773,1254.803538,660.4338527,168.5965144,4.2845,0.016816196,0.97521814,2.359967974,0.13,451637.3964,1935040.425,10267.78805,0.00530624,474.2053699,0.001049969,0.981574349
6,2023,Mt. Washington,30,30,22,0,177.43,343.34,11815.2445,5463.880907,2649.821269,1560.902515,620.874501,4.2845,0.13778012,0.908509681,2.133691957,0.45,1063372.005,4556017.355,215392.6798,0.047276528,4319.918492,0.004062472,0.95984868
6,2023,North Avondale - Paddock Hills,30,30,22,0,177.43,343.34,4209.94927,1687.619875,609.4885337,370.5687978,55.37421821,4.2845,0.135145368,0.902230071,2.084645892,1,378895.4343,1623377.488,65255.77542,0.040197536,1874.14927,0.00494635,0.947373957
6,2023,North Fairmount,30,30,22,0,177.43,343.34,1692.184726,793.0906921,393.0634845,194.2105012,82.01718377,4.2845,0.24195122,0.715299412,2.1,1,152296.6253,652514.8911,54902.71548,0.084140172,1215.401814,0.007980491,0.807420075
6,2023,Northside,30,30,22,0,177.43,343.34,8407,4175,1198,548,192,4.2845,0.123113772,0.879595765,2.010178004,1,756630,3241781.235,147063.9667,0.045365173,3256,0.004303292,0.92926423
6,2023,Oakley,30,30,22,0,177.43,343.34,11405.43659,6478.559484,1361.630191,602.2138047,115.1537598,4.2845,0.016825594,0.946980836,1.739411667,1,1026489.293,4397993.376,31188.32226,0.007091489,3156.417284,0.003074964,0.957147288
6,2023,Over-the-Rhine,30,30,22,0,177.43,343.34,6180,3155,840,328,149,4.2845,0.203486529,0.849835918,1.818869231,0.65,556200,2383038.9,183686.9,0.077080949,1364.22,0.002452751,0.929369618
6,2023,Pendleton,30,30,22,0,177.43,343.34,1163,558,238,154,36,4.2845,0.082437276,0.89748322,2.08,1,104670,448458.615,13161.36667,0.029348007,836,0.007987007,0.934818234
6,2023,Pleasant Ridge,30,30,22,0,177.43,343.34,7308.599434,3688.551367,1534.065033,828.6644675,150.332705,4.2845,0.131432997,0.883372961,1.952439432,1,657773.9491,2818232.485,138708.6049,0.049218298,4307.587559,0.006548735,0.939139994
6,2023,Queensgate,30,30,22,0,177.43,343.34,280.0308765,95.36055777,93.90836653,25.65537849,21.78286853,4.2845,0.631979695,0.466354618,2.32,1,25202.77888,107981.3061,17243.08879,0.15968587,208.7282869,0.008281955,0.634322443
6,2023,Riverside,30,30,22,0,177.43,343.34,2088.550898,829.5508982,512.3952096,212.3473054,86.07784431,4.2845,0.216450716,0.830840211,2.513273138,1,187969.5808,805355.6691,51374.21776,0.06379072,1313.070659,0.006985549,0.90161648
6,2023,Roselawn,30,30,22,0,177.43,343.34,7449,3583,1509,1121,162,4.2845,0.234161317,0.728904,2.031551069,1,670410,2872371.645,240051.8833,0.08357271,5645.2,0.008420519,0.820897229
6,2023,Sayler Park,30,30,22,0,177.43,343.34,2745,1184,682,423,106,4.2845,0.199324324,0.857092042,2.314898367,1,247050,1058485.725,67523.53333,0.063792578,2327.6,0.009421575,0.930306194
6,2023,Sedamsville,30,30,22,0,177.43,343.34,590.4491018,200.4491018,187.6047904,48.65269461,38.92215569,4.2845,0.316504854,0.750546837,2.81,1,53140.41916,227680.1259,18152.13224,0.079726468,385.3293413,0.007251154,0.837524459
6,2023,South Cumminsville,30,30,22,0,177.43,343.34,788.6082691,270.351787,330.5395936,201.2838122,19.98037842,4.2845,0.515510949,0.498484702,2.9,1,70974.74422,304091.2916,39875.88134,0.131131283,973.5624387,0.013717026,0.643333012
6,2023,South Fairmount,30,30,22,0,177.43,343.34,1960,852,478,231,108,4.2845,0.253521127,0.718636272,2.13,1,176400,755785.8,61801.2,0.081770787,1491.6,0.008455782,0.808862841
6,2023,Spring Grove Village,30,30,22,0,177.43,343.34,2163,927,549,327,132,4.2845,0.252427184,0.77983631,2.32,1,194670,834063.615,66951.3,0.080271215,2019.6,0.01037448,0.870482005
6,2023,Villages at Roll Hill,30,30,22,0,177.43,343.34,2262,901,1261,630,135,4.2845,0.612652608,0.359694036,2.51,1,203580,872238.51,157936.4,0.181070198,3366,0.016534041,0.557298275
6,2023,Walnut Hills,30,30,22,0,177.43,343.34,6259,3678,829,359,193,4.2845,0.347471452,0.790895394,1.714202261,0.69,563310,2413501.695,365657.1,0.151504803,1675.872,0.002975044,0.945375242
6,2023,West End,30,30,22,0,177.43,343.34,7764.890452,3592.871947,2249.151739,1322.796447,198,4.2845,0.433269674,0.699608129,2.182286781,1,698840.1406,2994180.583,445392.7958,0.148752817,6691.504367,0.009575157,0.857936104
6,2023,West Price Hill,30,30,22,0,177.43,343.34,18811.14342,7650.011933,5370.627021,3261.091031,1051.858812,4.2845,0.201424858,0.815275332,2.450516273,1,1693002.908,7253670.958,440877.9067,0.06077997,18976.97931,0.011209065,0.887264368
6,2023,Westwood,30,30,22,0,177.43,343.34,34059.55927,15074.63727,9471.291574,4788.13171,1273.849482,4.2845,0.213391444,0.823986694,2.266125449,1,3065360.334,13133536.35,920379.6988,0.070078589,26672.71725,0.008701332,0.902766615
6,2023,Winton Hills,30,30,22,0,177.43,343.34,5401,2699,2102,1050,281,4.2845,0.519081141,0.64571331,2,1,486090,2082652.605,400849.45,0.192470626,5856.4,0.012047975,0.85023191
6,2024,Avondale,30,30,20,0,192.08,372.81,12501,5950,3040,1641,623,4.395897,0.398991597,0.690806134,1.963373111,1,1125090,4945779.756,737542.45,0.149125615,9056,0.008049134,0.847980884
6,2024,Bond Hill,30,30,20,0,192.08,372.81,6399,3191,1417,905,151,4.395897,0.162331558,0.850134085,1.980091999,1,575910,2531641.041,160929.65,0.063567325,4224,0.007334479,0.92103589
6,2024,California,30,30,20,0,192.08,372.81,928.7965861,340.1422475,242.2645804,132.5860597,50.6742532,4.395897,0.02755102,0.976559214,2.72,0.13,83591.69275,367460.4714,2911.418065,0.007923078,95.29536273,0.00114001,0.985622302
6,2024,Camp Washington,30,30,20,0,192.08,372.81,1143,548,90,45,12,4.395897,0.313868613,0.876434088,1.55,1,102870,452205.9244,53436.1,0.118167625,228,0.00221639,0.996818103
6,2024,Carthage,30,30,20,0,192.08,372.81,3183,979,1107,542,137,4.395897,0.269662921,0.733606197,3.25,1,286470,1259292.614,82018.2,0.065130375,2716,0.009480923,0.808217494
6,2024,Clifton,30,30,20,0,192.08,372.81,8028,4079,1068,501,166,4.395897,0.076244177,0.885250904,1.945491113,0.4,722520,3176123.5,96619.925,0.030420708,1067.2,0.001477053,0.917148664
6,2024,College Hill,30,30,20,0,192.08,372.81,15930,7147,3555,1788,776,4.395897,0.226108857,0.804704983,2.172954947,1,1433700,6302397.529,502050.8,0.079660288,10256,0.007153519,0.89151879
6,2024,Columbia Tusculum,30,30,20,0,192.08,372.81,1621.18273,765.9392659,265.8357539,148.7018748,29.49115395,4.395897,0.043383948,0.95904074,2.11,0.13,145906.4457,641389.7071,10323.56536,0.016095621,92.66037497,6.35E-04,0.975771428
6,2024,Corryville,30,30,20,0,192.08,372.81,4277,1968,256,101,1,4.395897,0.018800813,0.67161011,2.086822289,1,384930,1692112.632,11494.975,0.006793268,408,0.001059933,0.679463311
6,2024,CUF,30,30,20,0,192.08,372.81,18282,6192,456,180,92,4.395897,0.066860465,0.782651708,2.153319783,1,1645380,7232921.006,128619.45,0.017782504,1088,6.61E-04,0.801095458
6,2024,Downtown,30,30,20,0,192.08,372.81,6070.715026,3633.99852,282.6447076,85.00592154,0,4.395897,0.063479574,0.918821977,1.484669432,1,546364.3523,2401761.417,71667.96234,0.029839751,340.0236862,6.22E-04,0.949284066
6,2024,East End,30,30,20,0,192.08,372.81,1323,707,71,36,24,4.395897,0.099009901,0.948525224,1.86,1,119070,523419.4558,21747.25,0.041548417,240,0.002015621,0.992089263
6,2024,East Price Hill,30,30,20,0,192.08,372.81,16286,6321,5352,2708,815,4.395897,0.332384116,0.71801936,2.593354997,1,1465740,6443242.069,652728.175,0.101304307,14092,0.009614256,0.828937924
6,2024,East Walnut Hills,30,30,20,0,192.08,372.81,3934.501285,2474.03856,308.3309769,169.5122108,25.28534704,4.395897,0.021840688,0.93192842,1.586430218,1,354105.1157,1556609.616,16787.23178,0.010784484,779.1902314,0.002200449,0.944913353
6,2024,East Westwood,30,30,20,0,192.08,372.81,2601.088353,1064.265709,734.3991673,467.6568839,122.2488875,4.395897,0.419072549,0.699829171,2.409468638,1,234097.9518,1029070.484,138562.4614,0.134648174,2359.623085,0.01007964,0.844556985
6,2024,English Woods,30,30,20,0,192.08,372.81,496.1727924,239.8281623,148.874463,74.66348449,22.85155131,4.395897,0.324528302,0.687230934,2.04,1,44655.55131,196301.204,24180.15408,0.123178837,390.0601432,0.008734863,0.819144635
6,2024,Evanston,30,30,20,0,192.08,372.81,8404.596004,3388.064636,1664.030385,884.24248,395.266425,4.395897,0.120803737,0.830442821,2.18067287,0.36,756413.6404,3325116.453,127156.4407,0.038241199,1842.492823,0.002435827,0.871119847
6,2024,Hartwell,30,30,20,0,192.08,372.81,5439,2426,1243,558,243,4.395897,0.23577906,0.843932863,2.1,1,489510,2151835.54,177706.1,0.082583495,3204,0.006545321,0.933061679
6,2024,Hyde Park,30,30,20,0,192.08,372.81,13303,6483,2448,1036,436,4.395897,0.016813204,0.938358409,2.031959221,0.65,1197270,5263075.601,33863.575,0.00643418,3827.2,0.003196606,0.947989195
6,2024,Kennedy Heights,30,30,20,0,192.08,372.81,4649,2401,684,380,165,4.395897,0.101624323,0.871139734,1.93,1,418410,1839287.264,75804.7,0.041214171,2180,0.005210201,0.917564105
6,2024,Linwood,30,30,20,0,192.08,372.81,708.0435701,334.5202007,116.1024558,64.9448112,12.88011619,4.395897,0.043383948,0.95904074,2.11,1,63723.92131,280123.7945,4508.766306,0.016095621,311.2997095,0.004885131,0.980021492
6,2024,Lower Price Hill,30,30,20,0,192.08,372.81,943.6703187,306.2191235,283.4800797,132.6444223,68.21713147,4.395897,0.571782178,0.509650105,2.42,1,84930.32869,373344.9771,54396.28379,0.145699787,803.4462151,0.009460062,0.664809955
6,2024,Madisonville,30,30,20,0,192.08,372.81,10748.04938,5684.800786,1490.818182,744.3058361,233.9118967,4.395897,0.106730738,0.887988151,1.899867134,1,967324.4444,4252258.623,188499.877,0.044329354,3912.870932,0.004045045,0.936362549
6,2024,Millvale,30,30,20,0,192.08,372.81,2757.182901,987.6138753,1198.5459,1093.079888,0,4.395897,0.745995423,0.335307065,2.78,1,248146.4611,1090826.284,228891.4935,0.20983313,4372.319552,0.017619915,0.56276011
6,2024,Mt. Adams,30,30,20,0,192.08,372.81,1631,1016,90,58,15,4.395897,0,0.950534229,1.61,0.13,146790,645273.7206,0,0,37.96,2.59E-04,0.95079283
6,2024,Mt. Airy,30,30,20,0,192.08,372.81,9099.048036,4234.088213,2055.363973,1319.365456,150.7451446,4.395897,0.287523462,0.802446372,2.132741899,1,818914.3232,3599863.017,378215.6529,0.105063901,5880.442402,0.007180779,0.914691051
6,2024,Mt. Auburn,30,30,20,0,192.08,372.81,5046,2650,705,474,109,4.395897,0.103018868,0.81967643,1.783449688,1,454140,1996352.664,84814.275,0.042484615,2332,0.00513498,0.867296025
6,2024,Mt. Lookout,30,30,20,0,192.08,372.81,5096.773699,2144.540533,1239.06179,682.353314,134.6287299,4.395897,0.015041788,0.965245402,2.387742194,0.13,458709.633,2016440.299,10021.66834,0.00496998,424.8306628,9.26E-04,0.971141525
6,2024,Mt. Washington,30,30,20,0,192.08,372.81,11879.67519,5553.087735,2598.366801,1379.398705,642.950248,4.395897,0.115661466,0.905976425,2.117269253,0.45,1069170.768,4699964.569,199539.8003,0.042455597,3640.228116,0.003404721,0.951836742
6,2024,North Avondale - Paddock Hills,30,30,20,0,192.08,372.81,4878.90271,1839.896803,824.6386379,457.2453092,82.44822794,4.395897,0.066674624,0.919005919,2.27,1,439101.2439,1930243.841,38111.87751,0.019744592,2158.774149,0.004916347,0.943666858
6,2024,North Fairmount,30,30,20,0,192.08,372.81,1696.827208,820.1718377,509.125537,255.3365155,78.14844869,4.395897,0.324528302,0.687230934,2.04,1,152714.4487,671316.9868,82692.04592,0.123178837,1333.939857,0.008734863,0.819144635
6,2024,Northside,30,30,20,0,192.08,372.81,8550,4378,1275,664,146,4.395897,0.100502513,0.876720911,1.942498411,1,769500,3382642.742,136697,0.040411303,3240,0.004210526,0.92134274
6,2024,Oakley,30,30,20,0,192.08,372.81,11411.95062,6598.199214,1267.181818,540.6941639,72.08810325,4.395897,0.015043046,0.952669194,1.708519196,1,1027075.556,4514918.353,30836.67301,0.006829951,2451.129068,0.002386513,0.961885658
6,2024,Over-the-Rhine,30,30,20,0,192.08,372.81,6291,3343,715,315,73,4.395897,0.169608136,0.868197339,1.784465385,0.65,566190,2488912.922,176152.725,0.070774965,1008.8,0.001781734,0.940754038
6,2024,Pendleton,30,30,20,0,192.08,372.81,1146,596,210,132,31,4.395897,0.08557047,0.943748038,1.92,1,103140,453392.8166,15844.425,0.034946352,652,0.006321505,0.985015894
6,2024,Pleasant Ridge,30,30,20,0,192.08,372.81,7268.072573,3683.009425,1571.93968,901.1055608,227.2544769,4.395897,0.117650837,0.895783889,1.953138402,1,654126.5316,2875472.858,134618.3178,0.046816063,4513.440151,0.00689995,0.949499902
6,2024,Queensgate,30,30,20,0,192.08,372.81,301.3296813,97.78087649,90.51992032,42.35557769,21.78286853,4.395897,0.571782178,0.509650105,2.42,1,27119.67131,119215.2818,17369.64121,0.145699787,256.5537849,0.009460062,0.664809955
6,2024,Riverside,30,30,20,0,192.08,372.81,2268.610778,840.8323353,659.8922156,318.1556886,109.9520958,4.395897,0.34436223,0.807189532,2.771670429,1,204174.9701,897532.1384,89956.2253,0.100226189,1712.431138,0.008387077,0.915802797
6,2024,Roselawn,30,30,20,0,192.08,372.81,7375,3604,1483,1030,148,4.395897,0.249167592,0.716173201,1.98616494,1,663750,2917776.634,278986.15,0.095616007,4712,0.007099058,0.818888266
6,2024,Sayler Park,30,30,20,0,192.08,372.81,2713,1183,739,439,160,4.395897,0.22569738,0.862711366,2.297347551,1,244170,1073346.17,82950.225,0.077281894,2396,0.009812835,0.949806096
6,2024,Sedamsville,30,30,20,0,192.08,372.81,715.3892216,196.1676647,256.1077844,77.84431138,56.04790419,4.395897,0.359126984,0.733303852,3.5,1,64385.02994,283029.96,21886.7747,0.07733024,535.5688623,0.00831822,0.818952312
6,2024,South Cumminsville,30,30,20,0,192.08,372.81,902.8170988,323.3861247,392.4540995,357.9201121,0,4.395897,0.745995423,0.335307065,2.78,1,81253.53889,357182.1879,74948.65648,0.20983313,1431.680448,0.017619915,0.56276011
6,2024,South Fairmount,30,30,20,0,192.08,372.81,2319,960,667,259,102,4.395897,0.2375,0.706564387,2.27,1,208710,917467.6629,70833.9,0.077205882,1444,0.006918691,0.790688959
6,2024,Spring Grove Village,30,30,20,0,192.08,372.81,1996,881,469,296,133,4.395897,0.238365494,0.769126803,2.25,1,179640,789678.9371,65241.75,0.08261807,1716,0.009552438,0.861297312
6,2024,Villages at Roll Hill,30,30,20,0,192.08,372.81,2196,895,1128,574,206,4.395897,0.612290503,0.413092065,2.45,1,197640,868805.0831,170249.9,0.195958683,3120,0.015786278,0.624837026
6,2024,Walnut Hills,30,30,20,0,192.08,372.81,6176,3528,737,354,201,4.395897,0.306405896,0.805375246,1.741359925,0.69,555840,2443415.388,335839.675,0.13744682,1531.8,0.002755829,0.945577895
6,2024,West End,30,30,20,0,192.08,372.81,6929.284974,3429.00148,2061.355292,1159.994078,178,4.395897,0.452993482,0.706312849,2.046430172,1,623635.6477,2741438.073,482576.2377,0.176030326,5351.976314,0.008581896,0.890925071
6,2024,West Price Hill,30,30,20,0,192.08,372.81,18669.39287,7441.500965,5187.970243,3128.862443,1039.131704,4.395897,0.184977762,0.814924436,2.495004634,1,1680245.358,7386185.53,427647.9261,0.057898346,16671.97659,0.009922346,0.882745128
6,2024,Westwood,30,30,20,0,192.08,372.81,34095.91165,15214.73429,9589.600833,5082.343116,1146.751113,4.395897,0.210256413,0.824646515,2.250008974,1,3068632.048,13489390.41,993847.9136,0.073676266,24916.37691,0.008119702,0.906442483
6,2024,Winton Hills,30,30,20,0,192.08,372.81,4681,2540,1351,691,121,4.395897,0.546850394,0.679619002,1.84,1,421290,1851947.447,431527.575,0.233012862,3248,0.007709654,0.920341518
6,2025,Avondale,30,30,21,0,183.3575,358.2785,12501,5950,3040,1641,623,4.510190322,0.398991597,0.683326044,1.963373111,1,1125090,5074370.029,708794.2992,0.13968124,9508.8,0.008451591,0.831458875
6,2025,Bond Hill,30,30,21,0,183.3575,358.2785,6399,3191,1417,905,151,4.510190322,0.162331558,0.845204216,1.980091999,1,575910,2597463.708,154656.8858,0.0595415,4435.2,0.007701203,0.912446919
6,2025,California,30,30,21,0,183.3575,358.2785,928.7965861,340.1422475,242.2645804,132.5860597,50.6742532,4.510190322,0.02755102,0.975963749,2.72,0.13,83591.69275,377014.4436,2797.935939,0.007421296,100.0601309,0.00119701,0.984582055
6,2025,Camp Washington,30,30,21,0,183.3575,358.2785,1143,548,90,45,12,4.510190322,0.313868613,0.872120275,1.55,1,102870,463963.2784,51353.25167,0.110683871,239.4,0.002327209,0.985131355
6,2025,Carthage,30,30,21,0,183.3575,358.2785,3183,979,1107,542,137,4.510190322,0.269662921,0.728993529,3.25,1,286470,1292034.222,78821.27,0.061005559,2851.8,0.009954969,0.799954057
6,2025,Clifton,30,30,21,0,183.3575,358.2785,8028,4079,1068,501,166,4.510190322,0.076244177,0.88110128,1.945491113,0.4,722520,3258702.711,92853.84458,0.028494113,1120.56,0.001550905,0.911146299
6,2025,College Hill,30,30,21,0,183.3575,358.2785,15930,7147,3555,1788,776,4.510190322,0.226108857,0.800750723,2.172954947,1,1433700,6466259.865,482481.7133,0.074615268,10768.8,0.007511195,0.882877185
6,2025,Columbia Tusculum,30,30,21,0,183.3575,358.2785,1621.18273,765.9392659,265.8357539,148.7018748,29.49115395,4.510190322,0.043383948,0.957522593,2.11,0.13,145906.4457,658065.8395,9921.170328,0.015076258,97.29339372,6.67E-04,0.973265671
6,2025,Corryville,30,30,21,0,183.3575,358.2785,4277,1968,256,101,1,4.510190322,0.018800813,0.664814763,2.086822289,1,384930,1736107.561,11046.92042,0.006363039,428.4,0.00111293,0.672290732
6,2025,CUF,30,30,21,0,183.3575,358.2785,18282,6192,456,180,92,4.510190322,0.066860465,0.776454838,2.153319783,1,1645380,7420976.952,123606.0825,0.016656309,1142.4,6.94E-04,0.793805455
6,2025,Downtown,30,30,21,0,183.3575,358.2785,6070.715026,3633.99852,282.6447076,85.00592154,0,4.510190322,0.063479574,0.916223742,1.484669432,1,546364.3523,2464207.214,68874.46701,0.027949949,357.0248705,6.53E-04,0.944827148
6,2025,East End,30,30,21,0,183.3575,358.2785,1323,707,71,36,24,4.510190322,0.099009901,0.947099586,1.86,1,119070,537028.3616,20899.57917,0.038917086,252,0.002116402,0.988133075
6,2025,East Price Hill,30,30,21,0,183.3575,358.2785,16286,6321,5352,2708,815,4.510190322,0.332384116,0.712789168,2.593354997,1,1465740,6610766.363,627285.9404,0.094888536,14796.6,0.010094969,0.817772672
6,2025,East Walnut Hills,30,30,21,0,183.3575,358.2785,3934.501285,2474.03856,308.3309769,169.5122108,25.28534704,4.510190322,0.021840688,0.930047984,1.586430218,1,354105.1157,1597081.466,16132.89402,0.010101485,818.1497429,0.002310471,0.94245994
6,2025,East Westwood,30,30,21,0,183.3575,358.2785,2601.088353,1064.265709,734.3991673,467.6568839,122.2488875,4.510190322,0.419072549,0.693822931,2.409468638,1,234097.9518,1055826.317,133161.5323,0.126120679,2477.60424,0.010583622,0.830527232
6,2025,English Woods,30,30,21,0,183.3575,358.2785,496.1727924,239.8281623,148.874463,74.66348449,22.85155131,4.510190322,0.324528302,0.680023897,2.04,1,44655.55131,201405.0354,23237.65278,0.115377715,409.5631504,0.009171607,0.804573219
6,2025,Evanston,30,30,21,0,183.3575,358.2785,8404.596004,3388.064636,1664.030385,884.24248,395.266425,4.510190322,0.120803737,0.8273407,2.18067287,0.36,756413.6404,3411569.48,122200.0988,0.03581932,1934.617464,0.002557618,0.865717638
6,2025,Hartwell,30,30,21,0,183.3575,358.2785,5439,2426,1243,558,243,4.510190322,0.23577906,0.836564704,2.1,1,489510,2207783.265,170779.4183,0.077353344,3364.2,0.006872587,0.920790635
6,2025,Hyde Park,30,30,21,0,183.3575,358.2785,13303,6483,2448,1036,436,4.510190322,0.016813204,0.936164064,2.031959221,0.65,1197270,5399915.567,32543.63042,0.006026692,4018.56,0.003356436,0.945547192
6,2025,Kennedy Heights,30,30,21,0,183.3575,358.2785,4649,2401,684,380,165,4.510190322,0.101624323,0.867217647,1.93,1,418410,1887108.733,72849.96167,0.038604009,2289,0.005470711,0.911292366
6,2025,Linwood,30,30,21,0,183.3575,358.2785,708.0435701,334.5202007,116.1024558,64.9448112,12.88011619,4.510190322,0.043383948,0.957522593,2.11,1,63723.92131,287407.0132,4333.02226,0.015076258,326.864695,0.005129388,0.977728238
6,2025,Lower Price Hill,30,30,21,0,183.3575,358.2785,943.6703187,306.2191235,283.4800797,132.6444223,68.21713147,4.510190322,0.571782178,0.501564864,2.42,1,84930.32869,383051.9465,52276.00912,0.136472376,843.6185259,0.009933066,0.647970305
6,2025,Madisonville,30,30,21,0,183.3575,358.2785,10748.04938,5684.800786,1490.818182,744.3058361,233.9118967,4.510190322,0.106730738,0.884097488,1.899867134,1,967324.4444,4362817.348,181152.4722,0.041521902,4108.514478,0.004247297,0.929866687
6,2025,Millvale,30,30,21,0,183.3575,358.2785,2757.182901,987.6138753,1198.5459,1093.079888,0,4.510190322,0.745995423,0.330463302,2.78,1,248146.4611,1119187.767,219969.6922,0.196544046,4590.935529,0.018500911,0.545508259
6,2025,Mt. Adams,30,30,21,0,183.3575,358.2785,1631,1016,90,58,15,4.510190322,0,0.949892152,1.61,0.13,146790,662050.8374,0,0,39.858,2.72E-04,0.950163682
6,2025,Mt. Airy,30,30,21,0,183.3575,358.2785,9099.048036,4234.088213,2055.363973,1319.365456,150.7451446,4.510190322,0.287523462,0.797999977,2.132741899,1,818914.3232,3693459.455,363473.4497,0.098410028,6174.464522,0.007539817,0.903949823
6,2025,Mt. Auburn,30,30,21,0,183.3575,358.2785,5046,2650,705,474,109,4.510190322,0.103018868,0.81645244,1.783449688,1,454140,2048257.833,81508.35875,0.039793993,2448.6,0.005391729,0.861638163
6,2025,Mt. Lookout,30,30,21,0,183.3575,358.2785,5096.773699,2144.540533,1239.06179,682.353314,134.6287299,4.510190322,0.015041788,0.964436361,2.387742194,0.13,458709.633,2068867.747,9631.040745,0.004655223,446.0721959,9.72E-04,0.970064034
6,2025,Mt. Washington,30,30,21,0,183.3575,358.2785,11879.67519,5553.087735,2598.366801,1379.398705,642.950248,4.510190322,0.115661466,0.902949553,2.117269253,0.45,1069170.768,4822163.648,191762.0781,0.039766813,3822.239521,0.003574957,0.946291323
6,2025,North Avondale - Paddock Hills,30,30,21,0,183.3575,358.2785,4878.90271,1839.896803,824.6386379,457.2453092,82.44822794,4.510190322,0.066674624,0.916421748,2.27,1,439101.2439,1980430.181,36626.34132,0.018494134,2266.712856,0.005162165,0.940078046
6,2025,North Fairmount,30,30,21,0,183.3575,358.2785,1696.827208,820.1718377,509.125537,255.3365155,78.14844869,4.510190322,0.324528302,0.680023897,2.04,1,152714.4487,688771.2285,79468.85055,0.115377715,1400.63685,0.009171607,0.804573219
6,2025,Northside,30,30,21,0,183.3575,358.2785,8550,4378,1275,664,146,4.510190322,0.100502513,0.873118951,1.942498411,1,769500,3470591.453,131368.7833,0.037851987,3402,0.004421053,0.915391991
6,2025,Oakley,30,30,21,0,183.3575,358.2785,11411.95062,6598.199214,1267.181818,540.6941639,72.08810325,4.510190322,0.015043046,0.951589023,1.708519196,1,1027075.556,4632306.231,29634.71192,0.006397399,2573.685522,0.002505839,0.960492261
6,2025,Over-the-Rhine,30,30,21,0,183.3575,358.2785,6291,3343,715,315,73,4.510190322,0.169608136,0.865806618,1.784465385,0.65,566190,2553624.658,169286.5913,0.066292668,1059.24,0.001870821,0.933970107
6,2025,Pendleton,30,30,21,0,183.3575,358.2785,1146,596,210,132,31,4.510190322,0.08557047,0.941729513,1.92,1,103140,465181.0298,15226.83625,0.032733141,684.6,0.00663758,0.981100234
6,2025,Pleasant Ridge,30,30,21,0,183.3575,358.2785,7268.072573,3683.009425,1571.93968,901.1055608,227.2544769,4.510190322,0.117650837,0.892514094,1.953138402,1,654126.5316,2950235.152,129371.1246,0.043851123,4739.112158,0.007244947,0.943610164
6,2025,Queensgate,30,30,21,0,183.3575,358.2785,301.3296813,97.78087649,90.51992032,42.35557769,21.78286853,4.510190322,0.571782178,0.501564864,2.42,1,27119.67131,122314.8791,16692.60213,0.136472376,269.3814741,0.009933066,0.647970305
6,2025,Riverside,30,30,21,0,183.3575,358.2785,2268.610778,840.8323353,659.8922156,318.1556886,109.9520958,4.510190322,0.34436223,0.804213119,2.771670429,1,204174.9701,920867.974,86449.88457,0.093878696,1798.052695,0.008806431,0.906898246
6,2025,Roselawn,30,30,21,0,183.3575,358.2785,7375,3604,1483,1030,148,4.510190322,0.249167592,0.709520885,1.98616494,1,663750,2993638.826,268111.7442,0.089560485,4947.6,0.007454011,0.806535381
6,2025,Sayler Park,30,30,21,0,183.3575,358.2785,2713,1183,739,439,160,4.510190322,0.22569738,0.859207145,2.297347551,1,244170,1101253.171,79716.96625,0.072387502,2515.8,0.010303477,0.941898124
6,2025,Sedamsville,30,30,21,0,183.3575,358.2785,715.3892216,196.1676647,256.1077844,77.84431138,56.04790419,4.510190322,0.359126984,0.73035819,3.5,1,64385.02994,290388.7389,21033.66543,0.072432786,562.3473054,0.008734131,0.811525107
6,2025,South Cumminsville,30,30,21,0,183.3575,358.2785,902.8170988,323.3861247,392.4540995,357.9201121,0,4.510190322,0.745995423,0.330463302,2.78,1,81253.53889,366468.9247,72027.28527,0.196544046,1503.264471,0.018500911,0.545508259
6,2025,South Fairmount,30,30,21,0,183.3575,358.2785,2319,960,667,259,102,4.510190322,0.2375,0.700960253,2.27,1,208710,941321.8221,68072.915,0.072316304,1516.2,0.007264626,0.780541183
6,2025,Spring Grove Village,30,30,21,0,183.3575,358.2785,1996,881,469,296,133,4.510190322,0.238365494,0.766607052,2.25,1,179640,810210.5894,62698.7375,0.077385729,1801.8,0.01003006,0.854022841
6,2025,Villages at Roll Hill,30,30,21,0,183.3575,358.2785,2196,895,1128,574,206,4.510190322,0.612290503,0.404011237,2.45,1,197640,891394.0152,163613.8483,0.183548291,3276,0.016575592,0.60413512
6,2025,Walnut Hills,30,30,21,0,183.3575,358.2785,6176,3528,737,354,201,4.510190322,0.306405896,0.802111614,1.741359925,0.69,555840,2506944.189,322749.2154,0.128742082,1608.39,0.00289362,0.933747317
6,2025,West End,30,30,21,0,183.3575,358.2785,6929.284974,3429.00148,2061.355292,1159.994078,178,4.510190322,0.452993482,0.699636422,2.046430172,1,623635.6477,2812715.463,463766.2363,0.16488203,5619.57513,0.009010991,0.873529443
6,2025,West Price Hill,30,30,21,0,183.3575,358.2785,18669.39287,7441.500965,5187.970243,3128.862443,1039.131704,4.510190322,0.184977762,0.81171887,2.495004634,1,1680245.358,7578226.353,410978.937,0.054231547,17505.57542,0.010418464,0.876368881
6,2025,Westwood,30,30,21,0,183.3575,358.2785,34095.91165,15214.73429,9589.600833,5082.343116,1146.751113,4.510190322,0.210256413,0.819990704,2.250008974,1,3068632.048,13840114.57,955109.4115,0.069010224,26162.19576,0.008525687,0.897526615
6,2025,Winton Hills,30,30,21,0,183.3575,358.2785,4681,2540,1351,691,121,4.510190322,0.546850394,0.672854039,1.84,1,421290,1900098.081,414707.3638,0.218255767,3410.4,0.008095136,0.899204942
6,2026,Avondale,30,30,22,0,183.3366,353.8037,12501,5950,3040,1641,623,4.645496032,0.398991597,0.674946555,1.963373111,1,1125090,5226601.131,699941.6532,0.133919087,9961.6,0.008854047,0.817719689
6,2026,Bond Hill,30,30,22,0,183.3366,353.8037,6399,3191,1417,905,151,4.645496032,0.162331558,0.839681584,1.980091999,1,575910,2675387.62,152725.2638,0.057085285,4646.4,0.008067927,0.904834796
6,2026,California,30,30,22,0,183.3366,353.8037,928.7965861,340.1422475,242.2645804,132.5860597,50.6742532,4.645496032,0.02755102,0.975296685,2.72,0.13,83591.69275,388324.877,2762.990488,0.007115152,104.824899,0.001254011,0.983665848
6,2026,Camp Washington,30,30,22,0,183.3366,353.8037,1143,548,90,45,12,4.645496032,0.313868613,0.867287773,1.55,1,102870,477882.1768,50711.86367,0.106117922,250.8,0.002438029,0.975843724
6,2026,Carthage,30,30,22,0,183.3366,353.8037,3183,979,1107,542,137,4.645496032,0.269662921,0.723826239,3.25,1,286470,1330795.248,77836.814,0.058488948,2987.6,0.010429015,0.792744203
6,2026,Clifton,30,30,22,0,183.3366,353.8037,8028,4079,1068,501,166,4.645496032,0.076244177,0.87645271,1.945491113,0.4,722520,3356463.793,91694.12558,0.02731867,1173.92,0.001624758,0.905396137
6,2026,College Hill,30,30,22,0,183.3366,353.8037,15930,7147,3555,1788,776,4.645496032,0.226108857,0.796321006,2.172954947,1,1433700,6660247.661,476455.6493,0.071537227,11281.6,0.007868871,0.875727103
6,2026,Columbia Tusculum,30,30,22,0,183.3366,353.8037,1621.18273,765.9392659,265.8357539,148.7018748,29.49115395,4.645496032,0.043383948,0.955821905,2.11,0.13,145906.4457,677807.8147,9797.257638,0.01445433,101.9264125,6.99E-04,0.970974809
6,2026,Corryville,30,30,22,0,183.3366,353.8037,4277,1968,256,101,1,4.645496032,0.018800813,0.657202351,2.086822289,1,384930,1788190.788,10908.94742,0.00610055,448.8,0.001165926,0.664468828
6,2026,CUF,30,30,22,0,183.3366,353.8037,18282,6192,456,180,92,4.645496032,0.066860465,0.769512863,2.153319783,1,1645380,7643606.261,122062.2765,0.0159692,1196.8,7.27E-04,0.786209433
6,2026,Downtown,30,30,22,0,183.3366,353.8037,6070.715026,3633.99852,282.6447076,85.00592154,0,4.645496032,0.063479574,0.913313099,1.484669432,1,546364.3523,2538133.431,68014.24385,0.026796954,374.0260548,6.85E-04,0.940794625
6,2026,East End,30,30,22,0,183.3366,353.8037,1323,707,71,36,24,4.645496032,0.099009901,0.945303426,1.86,1,119070,553139.2125,20638.54917,0.037311673,264,0.002217183,0.984832281
6,2026,East Price Hill,30,30,22,0,183.3366,353.8037,16286,6321,5352,2708,815,4.645496032,0.332384116,0.706930102,2.593354997,1,1465740,6809089.354,619451.3114,0.090974179,15501.2,0.010575682,0.808479962
6,2026,East Walnut Hills,30,30,22,0,183.3366,353.8037,3934.501285,2474.03856,308.3309769,169.5122108,25.28534704,4.645496032,0.021840688,0.927941447,1.586430218,1,354105.1157,1644993.91,15931.39861,0.009684777,857.1092545,0.002420494,0.940046718
6,2026,East Westwood,30,30,22,0,183.3366,353.8037,2601.088353,1064.265709,734.3991673,467.6568839,122.2488875,4.645496032,0.419072549,0.687094506,2.409468638,1,234097.9518,1087501.106,131498.3813,0.120917929,2595.585394,0.011087604,0.819100039
6,2026,English Woods,30,30,22,0,183.3366,353.8037,496.1727924,239.8281623,148.874463,74.66348449,22.85155131,4.645496032,0.324528302,0.671950294,2.04,1,44655.55131,207447.1864,22947.42089,0.110618135,429.0661575,0.00960835,0.792176779
6,2026,Evanston,30,30,22,0,183.3366,353.8037,8404.596004,3388.064636,1664.030385,884.24248,395.266425,4.645496032,0.120803737,0.823865582,2.18067287,0.36,756413.6404,3513916.565,120673.8532,0.034341696,2026.742105,0.00267941,0.860886688
6,2026,Hartwell,30,30,22,0,183.3366,353.8037,5439,2426,1243,558,243,4.645496032,0.23577906,0.828310604,2.1,1,489510,2274016.763,168646.4303,0.074162351,3524.4,0.007199853,0.909672809
6,2026,Hyde Park,30,30,22,0,183.3366,353.8037,13303,6483,2448,1036,436,4.645496032,0.016813204,0.933705872,2.031959221,0.65,1197270,5561913.034,32137.16942,0.005778078,4209.92,0.003516266,0.943000217
6,2026,Kennedy Heights,30,30,22,0,183.3366,353.8037,4649,2401,684,380,165,4.645496032,0.101624323,0.862823974,1.93,1,418410,1943721.995,71940.08567,0.03701151,2398,0.005731221,0.905566704
6,2026,Linwood,30,30,22,0,183.3366,353.8037,708.0435701,334.5202007,116.1024558,64.9448112,12.88011619,4.645496032,0.043383948,0.955821905,2.11,1,63723.92131,296029.2236,4278.904003,0.01445433,342.4296805,0.005373644,0.975649879
6,2026,Lower Price Hill,30,30,22,0,183.3366,353.8037,943.6703187,306.2191235,283.4800797,132.6444223,68.21713147,4.645496032,0.571782178,0.492507462,2.42,1,84930.32869,394543.5049,51623.09614,0.130842595,883.7908367,0.010406069,0.633756126
6,2026,Madisonville,30,30,22,0,183.3366,353.8037,10748.04938,5684.800786,1490.818182,744.3058361,233.9118967,4.645496032,0.106730738,0.879739017,1.899867134,1,967324.4444,4493701.868,178889.9277,0.039809033,4304.158025,0.00444955,0.9239976
6,2026,Millvale,30,30,22,0,183.3366,353.8037,2757.182901,987.6138753,1198.5459,1093.079888,0,4.645496032,0.745995423,0.325037131,2.78,1,248146.4611,1152763.4,217222.3312,0.18843618,4809.551507,0.019381906,0.532855217
6,2026,Mt. Adams,30,30,22,0,183.3366,353.8037,1631,1016,90,58,15,4.645496032,0,0.949172871,1.61,0.13,146790,681912.3625,0,0,41.756,2.84E-04,0.949457332
6,2026,Mt. Airy,30,30,22,0,183.3366,353.8037,9099.048036,4234.088213,2055.363973,1319.365456,150.7451446,4.645496032,0.287523462,0.793018953,2.132741899,1,818914.3232,3804263.239,358933.7662,0.094350402,6468.486642,0.007898856,0.895268211
6,2026,Mt. Auburn,30,30,22,0,183.3366,353.8037,5046,2650,705,474,109,4.645496032,0.103018868,0.812319082,1.783449688,1,454140,2109705.568,80490.34175,0.038152405,2565.2,0.005648478,0.856119965
6,2026,Mt. Lookout,30,30,22,0,183.3366,353.8037,5096.773699,2144.540533,1239.06179,682.353314,134.6287299,4.645496032,0.015041788,0.963530043,2.387742194,0.13,458709.633,2130933.78,9510.751693,0.004463185,467.3137291,0.001018757,0.969011985
6,2026,Mt. Washington,30,30,22,0,183.3366,353.8037,11879.67519,5553.087735,2598.366801,1379.398705,642.950248,4.645496032,0.115661466,0.899558734,2.117269253,0.45,1069170.768,4966828.558,189367.0225,0.038126346,4004.250927,0.003745193,0.941430273
6,2026,North Avondale - Paddock Hills,30,30,22,0,183.3366,353.8037,4878.90271,1839.896803,824.6386379,457.2453092,82.44822794,4.645496032,0.066674624,0.913526859,2.27,1,439101.2439,2039843.086,36168.88838,0.017731211,2374.651564,0.005407982,0.936666052
6,2026,North Fairmount,30,30,22,0,183.3366,353.8037,1696.827208,820.1718377,509.125537,255.3365155,78.14844869,4.645496032,0.324528302,0.671950294,2.04,1,152714.4487,709434.3654,78476.30645,0.110618135,1467.333842,0.00960835,0.792176779
6,2026,Northside,30,30,22,0,183.3366,353.8037,8550,4378,1275,664,146,4.645496032,0.100502513,0.869083894,1.942498411,1,769500,3574709.197,129728.0233,0.036290511,3564,0.004631579,0.910005984
6,2026,Oakley,30,30,22,0,183.3366,353.8037,11411.95062,6598.199214,1267.181818,540.6941639,72.08810325,4.645496032,0.015043046,0.950378973,1.708519196,1,1027075.556,4771275.418,29264.58251,0.006133493,2696.241975,0.002625164,0.95913763
6,2026,Over-the-Rhine,30,30,22,0,183.3366,353.8037,6291,3343,715,315,73,4.645496032,0.169608136,0.862845863,1.784465385,0.65,566190,2630233.398,167172.2483,0.063557952,1109.68,0.001959907,0.928363723
6,2026,Pendleton,30,30,22,0,183.3366,353.8037,1146,596,210,132,31,4.645496032,0.08557047,0.939468283,1.92,1,103140,479136.4607,15036.65725,0.031382828,717.2,0.006953655,0.977804767
6,2026,Pleasant Ridge,30,30,22,0,183.3366,353.8037,7268.072573,3683.009425,1571.93968,901.1055608,227.2544769,4.645496032,0.117650837,0.888851142,1.953138402,1,654126.5316,3038742.207,127755.3148,0.042042169,4964.784166,0.007589945,0.938483256
6,2026,Queensgate,30,30,22,0,183.3366,353.8037,301.3296813,97.78087649,90.51992032,42.35557769,21.78286853,4.645496032,0.571782178,0.492507462,2.42,1,27119.67131,125984.3255,16484.11611,0.130842595,282.2091633,0.010406069,0.633756126
6,2026,Riverside,30,30,22,0,183.3366,353.8037,2268.610778,840.8323353,659.8922156,318.1556886,109.9520958,4.645496032,0.34436223,0.800878826,2.771670429,1,204174.9701,948494.0132,85370.14927,0.090005997,1883.674251,0.009225784,0.900110607
6,2026,Roselawn,30,30,22,0,183.3366,353.8037,7375,3604,1483,1030,148,4.645496032,0.249167592,0.702068702,1.98616494,1,663750,3083447.991,264763.1022,0.085865921,5183.2,0.007808964,0.795743587
6,2026,Sayler Park,30,30,22,0,183.3366,353.8037,2713,1183,739,439,160,4.645496032,0.22569738,0.85528158,2.297347551,1,244170,1134290.766,78721.32325,0.069401361,2635.6,0.010794119,0.93547706
6,2026,Sedamsville,30,30,22,0,183.3366,353.8037,715.3892216,196.1676647,256.1077844,77.84431138,56.04790419,4.645496032,0.359126984,0.727058344,3.5,1,64385.02994,299100.4011,20770.96073,0.069444777,589.1257485,0.009150042,0.805653164
6,2026,South Cumminsville,30,30,22,0,183.3366,353.8037,902.8170988,323.3861247,392.4540995,357.9201121,0,4.645496032,0.745995423,0.325037131,2.78,1,81253.53889,377462.9925,71127.68427,0.18843618,1574.848493,0.019381906,0.532855217
6,2026,South Fairmount,30,30,22,0,183.3366,353.8037,2319,960,667,259,102,4.645496032,0.2375,0.694682285,2.27,1,208710,969561.4768,67222.703,0.0693331,1588.4,0.00761056,0.771625945
6,2026,Spring Grove Village,30,30,22,0,183.3366,353.8037,1996,881,469,296,133,4.645496032,0.238365494,0.763784328,2.25,1,179640,834516.9072,61915.6475,0.074193401,1887.6,0.010507682,0.848485411
6,2026,Villages at Roll Hill,30,30,22,0,183.3366,353.8037,2196,895,1128,574,206,4.645496032,0.612290503,0.393838538,2.45,1,197640,918135.8358,161570.3563,0.175976528,3432,0.017364906,0.587179972
6,2026,Walnut Hills,30,30,22,0,183.3366,353.8037,6176,3528,737,354,201,4.645496032,0.306405896,0.798455566,1.741359925,0.69,555840,2582152.514,318718.1664,0.123431193,1684.98,0.003031412,0.924918171
6,2026,West End,30,30,22,0,183.3366,353.8037,6929.284974,3429.00148,2061.355292,1159.994078,178,4.645496032,0.452993482,0.692157228,2.046430172,1,623635.6477,2897096.927,457973.9235,0.15808029,5887.173945,0.009440086,0.859677604
6,2026,West Price Hill,30,30,22,0,183.3366,353.8037,18669.39287,7441.500965,5187.970243,3128.862443,1039.131704,4.645496032,0.184977762,0.808127871,2.495004634,1,1680245.358,7805573.144,405845.923,0.051994378,18339.17425,0.010914581,0.87103683
6,2026,Westwood,30,30,22,0,183.3366,353.8037,34095.91165,15214.73429,9589.600833,5082.343116,1146.751113,4.645496032,0.210256413,0.814775082,2.250008974,1,3068632.048,14255318,943180.3574,0.066163404,27408.01461,0.008931672,0.889870158
6,2026,Winton Hills,30,30,22,0,183.3366,353.8037,4681,2540,1351,691,121,4.645496032,0.546850394,0.660870445,1.84,1,421290,1957101.023,409527.7828,0.209252245,3572.8,0.008480619,0.878603309
7,2019,Avondale,31,31,23,0,123.6,247.8,12570,5516,3724,1951,395,3.17,0.385605511,0.661131539,2.148326173,1,1169010,3705761.7,439225.5,0.118525026,10791.6,0.009231401,0.788887965
7,2019,Bond Hill,31,31,23,0,123.6,247.8,7174,3182,1642,974,210,3.17,0.166561911,0.861170719,2.209983273,1,667182,2114966.94,109445,0.051747854,5446.4,0.00816329,0.921081862
7,2019,California,31,31,23,0,123.6,247.8,976,373,197,71,77,3.17,0,0.995655354,2.62,0.13,90768,287734.56,0,0,88.504,9.75E-04,0.996630412
7,2019,Camp Washington,31,31,23,0,123.6,247.8,1396,446,230,90,47,3.17,0.311659193,0.850194744,2.36,1,129828,411554.76,28703.5,0.06974406,630.2,0.004854115,0.924792919
7,2019,Carthage,31,31,23,0,123.6,247.8,2940,1039,1017,569,245,3.17,0.26852743,0.798250225,2.82,1,273420,866741.4,57613.5,0.066471384,3744.4,0.013694682,0.878416291
7,2019,Clifton,31,31,23,0,123.6,247.8,8552,4156,1437,824,202,3.17,0.063282002,0.867285366,2.05898971,0.4,795336,2521215.12,54309.5,0.021541002,1887.84,0.002373638,0.891200007
7,2019,College Hill,31,31,23,0,123.6,247.8,16403,7201,3858,2424,568,3.17,0.147896126,0.848234995,2.259642139,1,1525479,4835768.43,219922.5,0.045478294,13763.2,0.009022215,0.902735504
7,2019,Columbia Tusculum,31,31,23,0,123.6,247.8,1573,741.3396774,288.7216129,145.6293548,42.11580645,3.17,0,0.985060788,2.12,0.13,146289,463736.13,0,0,112.2716065,7.67E-04,0.985828253
7,2019,Corryville,31,31,23,0,123.6,247.8,3984,1863,206,56,28,3.17,0.088030059,0.707081154,2.07188253,1,370512,1174523.04,33866,0.028833832,386.4,0.001042881,0.736957868
7,2019,CUF,31,31,23,0,123.6,247.8,16974,5547,607,271,122,3.17,0.07066883,0.757190222,2.238798162,1,1578582,5004104.94,80948,0.016176319,1807.8,0.001145205,0.774511747
7,2019,Downtown,31,31,23,0,123.6,247.8,3857,2785.980015,161.0910437,42.35603257,9.401184308,3.17,0.105997329,0.894340912,1.355066114,1,358701,1137082.17,60980.77979,0.053629176,238.0831976,6.64E-04,0.948633826
7,2019,East End,31,31,23,0,123.6,247.8,1601,747,314,157,70,3.17,0.096385542,0.906127111,2.13,1,148893,471990.81,14868,0.031500613,1044.2,0.00701309,0.944640814
7,2019,East Price Hill,31,31,23,0,123.6,247.8,13848,5640,3857,2225,513,3.17,0.322695035,0.787443661,2.411106297,1,1287864,4082528.88,375830,0.092058136,12594.8,0.009779604,0.889281401
7,2019,East Walnut Hills,31,31,23,0,123.6,247.8,3905,2374.665167,354.968509,161.9228792,64.96015424,3.17,0.054825481,0.939804694,1.627011524,1,363165,1151233.05,26884.68091,0.023352944,1043.661954,0.002873796,0.966031434
7,2019,East Westwood,31,31,23,0,123.6,247.8,2503,1090.543121,808.9919768,456.4381182,169.6380157,3.17,0.33312742,0.744960522,2.271434279,1,232779,737909.43,75019.34702,0.101664708,2879.950216,0.012372036,0.858997267
7,2019,English Woods,31,31,23,0,123.6,247.8,474,204.5326969,158.8295943,87.10739857,25.11408115,3.17,0.369469027,0.633179512,2.26,1,44082,139739.94,15604.89451,0.111670969,516.2188067,0.011710422,0.756560903
7,2019,Evanston,31,31,23,0,123.6,247.8,8382,3597.707265,1822.861401,1000.732867,406.494777,3.17,0.188057913,0.833913829,2.158989501,0.36,779526,2471097.42,139713.2165,0.056538935,2330.368978,0.002989469,0.893442234
7,2019,Hartwell,31,31,23,0,123.6,247.8,5397,2651,829,241,190,3.17,0.105620521,0.916339072,1.98,1,501921,1591089.57,57820,0.036339877,1982.6,0.003950024,0.956628973
7,2019,Hyde Park,31,31,23,0,123.6,247.8,13291,6703,2567,1591,218,3.17,0.016261376,0.954528694,1.971784666,0.65,1236063,3918319.71,22508.5,0.005744427,5408.91,0.004375918,0.964649038
7,2019,Kennedy Heights,31,31,23,0,123.6,247.8,5057,2619,865,427,34,3.17,0.107674685,0.909102727,1.92,1,470301,1490854.17,58233,0.039060158,2120.6,0.004509027,0.952671912
7,2019,Linwood,31,31,23,0,123.6,247.8,687,268,202,127,39,3.17,0.28358209,0.750871946,2.56,1,63891,202534.47,15694,0.077488044,763.6,0.011951605,0.840311596
7,2019,Lower Price Hill,31,31,23,0,123.6,247.8,761,249.3715139,284.9960159,83.37649402,51.54183267,3.17,0.531914894,0.52970774,2.29,1,70773,224350.41,27391.07321,0.122090587,620.6243028,0.008769224,0.660567551
7,2019,Madisonville,31,31,23,0,123.6,247.8,10838,5173,2288,1160,273,3.17,0.108061086,0.874742712,2.131092452,1,1007934,3195150.78,115433.5,0.036127716,6591.8,0.006539912,0.91741034
7,2019,Millvale,31,31,23,0,123.6,247.8,2150,863.3146461,890.4344779,502.4702172,66.29292221,3.17,0.530541012,0.571131307,2.48,1,199950,633841.5,94581.92011,0.149220144,2616.310441,0.013084823,0.733436274
7,2019,Mt. Adams,31,31,23,0,123.6,247.8,1629,1030,92,46,26,3.17,0,0.971985466,1.58,0.13,151497,480245.49,0,0,43.056,2.84E-04,0.97226967
7,2019,Mt. Airy,31,31,23,0,123.6,247.8,8950,3913.515048,2508.398814,1501.777465,430.7405486,3.17,0.277678133,0.769444247,2.274527374,1,832350,2638549.5,224403.0448,0.085047881,8889.582861,0.010680102,0.865172231
7,2019,Mt. Auburn,31,31,23,0,123.6,247.8,4641,2132,961,570,133,3.17,0.166041276,0.844227446,2.01,1,431613,1368213.21,73101,0.053428076,3233.8,0.00749236,0.905147883
7,2019,Mt. Lookout,31,31,23,0,123.6,247.8,4996,2118.660323,1233.278387,701.3706452,159.8841935,3.17,0,0.972236101,2.369967974,0.13,464628,1472870.76,0,0,515.0303935,0.001108479,0.97334458
7,2019,Mt. Washington,31,31,23,0,123.6,247.8,12297,5492.241856,3154.57833,1700.554633,391.2559107,3.17,0.160947887,0.892556094,2.225589981,0.45,1143621,3625278.57,182538.7154,0.050351638,4330.047825,0.003786261,0.946693994
7,2019,North Avondale - Paddock Hills,31,31,23,0,123.6,247.8,4236,1513.627567,606.17009,288.3442539,103.5450687,3.17,0.20760095,0.852837131,2,1,393948,1248815.16,64888.60261,0.051960134,1802.690884,0.004575962,0.909373226
7,2019,North Fairmount,31,31,23,0,123.6,247.8,1621,699.4673031,543.1704057,297.8926014,85.88591885,3.17,0.369469027,0.633179512,2.26,1,150753,477887.01,53366.10549,0.111670969,1765.381193,0.011710422,0.756560903
7,2019,Northside,31,31,23,0,123.6,247.8,7865,3918,1410,678,239,3.17,0.164369576,0.88677349,2.006624285,1,731445,2318680.65,132986,0.057354168,4218.2,0.005766941,0.949894599
7,2019,Oakley,31,31,23,0,123.6,247.8,12034,6473,1256,478,247,3.17,0.052216901,0.941124033,1.834845438,1,1119162,3547743.54,69797,0.019673632,3335,0.002979908,0.963777573
7,2019,Over-the-Rhine,31,31,23,0,123.6,247.8,5200,2498,1076,598,132,3.17,0.325060048,0.812888983,1.860265385,0.65,483600,1533012,167678,0.109378139,2182.7,0.004513441,0.926780563
7,2019,Pendleton,31,31,23,0,123.6,247.8,1083,571,238,111,49,3.17,0.218914186,0.824800105,1.9,1,100719,319279.23,25812.5,0.080846161,736,0.007307459,0.912953725
7,2019,Pleasant Ridge,31,31,23,0,123.6,247.8,7182,3534.503299,1409.428841,690.7728558,255.6503299,3.17,0.085550603,0.945230719,2.006922863,1,667926,2117325.42,62441.24034,0.02949062,4353.546654,0.006518007,0.981239347
7,2019,Queensgate,31,31,23,0,123.6,247.8,243,79.62848606,91.00398406,26.62350598,16.45816733,3.17,0.531914894,0.52970774,2.29,1,22599,71638.83,8746.426793,0.122090587,198.1756972,0.008769224,0.660567551
7,2019,Riverside,31,31,23,0,123.6,247.8,1772,929.6467066,299.6766467,135.7784431,49.7005988,3.17,0.179142163,0.85078079,1.920112867,1,164796,522403.32,34390.28743,0.065830913,853.2035928,0.005177332,0.921789035
7,2019,Roselawn,31,31,23,0,123.6,247.8,7627,3442,2060,1154,384,3.17,0.29110982,0.733542471,2.123861282,1,709311,2248515.87,206913,0.092022032,7074.8,0.009974186,0.83553869
7,2019,Sayler Park,31,31,23,0,123.6,247.8,3001,1169,690,395,136,3.17,0.127459367,0.870307156,2.56,1,279093,884724.81,30768.5,0.034777481,2442.6,0.008751921,0.913836559
7,2019,Sedamsville,31,31,23,0,123.6,247.8,520,218.3532934,118.3233533,64.22155689,25.2994012,3.17,0.386809269,0.783156815,2.26,1,48360,153301.2,17441.21257,0.113770881,411.7964072,0.008515228,0.905442924
7,2019,South Cumminsville,31,31,23,0,123.6,247.8,704,282.6853539,291.5655221,164.5297828,21.70707779,3.17,0.530541012,0.571131307,2.48,1,65472,207546.24,30970.07989,0.149220144,856.6895585,0.013084823,0.733436274
7,2019,South Fairmount,31,31,23,0,123.6,247.8,1981,855,453,211,131,3.17,0.392982456,0.704799795,2.09,1,184233,584018.61,69384,0.118804433,1573.2,0.008539187,0.832143415
7,2019,Spring Grove Village,31,31,23,0,123.6,247.8,2171,862,599,373,70,3.17,0.212296984,0.889740215,2.51,1,201903,640032.51,37789.5,0.059043095,2037.8,0.010092965,0.958876275
7,2019,Villages at Roll Hill,31,31,23,0,123.6,247.8,2348,847,1244,487,48,3.17,0.710743802,0.410982508,2.77,1,218364,692213.88,124313,0.179587558,2461,0.011270173,0.601840239
7,2019,Walnut Hills,31,31,23,0,123.6,247.8,6368,3492,1070,513,163,3.17,0.452176403,0.7327332,1.799605842,0.69,592224,1877350.08,326063.5,0.173682843,2145.624,0.003622994,0.910039037
7,2019,West End,31,31,23,0,123.6,247.8,6695,3532.019985,1595.908956,1087.643967,210.5988157,3.17,0.363444591,0.744639173,1.909876027,1,622635,1973752.95,265082.7202,0.134303901,5971.916802,0.009591361,0.888534434
7,2019,West Price Hill,31,31,23,0,123.6,247.8,18343,7664.524854,5121.964782,2655.326325,847.0986757,3.17,0.237111692,0.852876947,2.387708663,1,1705899,5407699.83,375282.4563,0.069397797,16111.155,0.009444378,0.931719123
7,2019,Westwood,31,31,23,0,123.6,247.8,32316,14259.45688,8629.008023,4229.561882,1379.361984,3.17,0.223270087,0.84579064,2.254729236,1,3005388,9527079.96,657436.153,0.069007099,25801.04978,0.008584931,0.92338267
7,2019,Winton Hills,31,31,23,0,123.6,247.8,6008,2268,3018,1748,402,3.17,0.547619048,0.548176713,2.65,1,558744,1771218.48,256473,0.144800318,9890,0.017700414,0.710677445
7,2020,Avondale,31,31,23,0,225.14,444.18,12719,5968,3390,1896,515,3.33,0.358746649,0.698973421,1.999154336,1,1182867,3938947.11,792491.15,0.201193651,11090.6,0.009376033,0.909543105
7,2020,Bond Hill,31,31,23,0,225.14,444.18,7276,3243,1799,1169,149,3.33,0.134443417,0.864866589,2.200033454,1,676668,2253304.44,161385.4,0.071621658,6062.8,0.008959785,0.945448033
7,2020,California,31,31,23,0,225.14,444.18,930.8790896,329.3826458,241.5704125,113.1493599,52.40967283,3.33,0,0.971241403,2.8,0.13,86571.75533,288283.9453,0,0,99.00430156,0.00114361,0.972385013
7,2020,Camp Washington,31,31,23,0,225.14,444.18,1128,412,112,33,24,3.33,0.191747573,0.893005193,1.9,1,104904,349330.32,29241.85,0.083708308,262.2,0.002499428,0.979212929
7,2020,Carthage,31,31,23,0,225.14,444.18,3021,1040,911,537,286,3.33,0.225961538,0.806840928,2.9,1,280953,935573.49,86985.25,0.092975326,3785.8,0.013474852,0.913291105
7,2020,Clifton,31,31,23,0,225.14,444.18,8476,4118,1379,751,212,3.33,0.050995629,0.875841693,2.075568288,0.4,788268,2624932.44,77731.5,0.029612762,1771.92,0.002247865,0.907702321
7,2020,College Hill,31,31,23,0,225.14,444.18,16199,7263,3660,2115,618,3.33,0.144292992,0.842489456,2.210749863,1,1506507,5016668.31,387917.2,0.077325662,12571.8,0.008344999,0.928160118
7,2020,Columbia Tusculum,31,31,23,0,225.14,444.18,1533.955374,712.7721151,250.8824927,120.0414576,40.70609982,3.33,0.027389277,0.962334613,2.15,0.13,142657.8497,475050.6397,7226.184222,0.015211398,96.12703935,6.74E-04,0.97821984
7,2020,Corryville,31,31,23,0,225.14,444.18,4310,1868,192,75,9,3.33,0.051391863,0.705229009,2.254939759,1,400830,1334763.9,35534.4,0.026622236,386.4,9.64E-04,0.732815245
7,2020,CUF,31,31,23,0,225.14,444.18,16792,5439,516,180,190,3.33,0.05846663,0.775875336,2.201993048,1,1561656,5200314.48,117707.7,0.022634727,1702,0.001089869,0.799599932
7,2020,Downtown,31,31,23,0,225.14,444.18,3914.909697,2723.126573,201.8201332,37.58771281,0,3.33,0.115489662,0.908709516,1.400396681,1,364086.6018,1212408.384,116409.5722,0.096015149,172.9034789,4.75E-04,1.005199562
7,2020,East End,31,31,23,0,225.14,444.18,1462,703,201,94,47,3.33,0.086770982,0.935705267,2.06,1,135966,452766.78,22579.15,0.049869273,648.6,0.00477031,0.99034485
7,2020,East Price Hill,31,31,23,0,225.14,444.18,14788,6063,4110,2240,563,3.33,0.309252845,0.802082883,2.421629116,1,1375284,4579695.72,694031.25,0.151545276,12893.8,0.009375373,0.963003531
7,2020,East Walnut Hills,31,31,23,0,225.14,444.18,3730.882391,2345.219794,238.0109254,95.55205656,27.90938303,3.33,0.042030472,0.949114357,1.57315749,1,346972.0623,1155416.968,36485.94242,0.03157816,567.9226221,0.001636796,0.982329313
7,2020,East Westwood,31,31,23,0,225.14,444.18,2594.407483,1110.703775,825.609913,480.56864,143.2812563,3.33,0.331502393,0.719523199,2.316640032,1,241279.8959,803462.0533,136289.5849,0.169627905,2869.709523,0.011893695,0.9010448
7,2020,English Woods,31,31,23,0,225.14,444.18,452.0534606,217.202864,136.4305489,76.47350835,21.49403341,3.33,0.252083333,0.721772965,2.03,1,42040.97184,139996.4362,20266.90511,0.144767293,450.6506921,0.010719321,0.87725958
7,2020,Evanston,31,31,23,0,225.14,444.18,8305.282307,3343.437259,1505.62945,782.1793541,288.1667115,3.33,0.14225908,0.880456912,2.1611644,0.36,772391.2545,2572062.878,176056.0396,0.068449353,1772.493085,0.002294812,0.951201077
7,2020,Hartwell,31,31,23,0,225.14,444.18,5213,2384,1046,412,203,3.33,0.117449664,0.913793044,2.12,1,484809,1614413.97,103642,0.064197908,2829,0.005835288,0.98382624
7,2020,Hyde Park,31,31,23,0,225.14,444.18,13423,6632,2497,1401,325,3.33,0.012665862,0.953415044,2.009787826,0.65,1248339,4156968.87,31092.6,0.007479633,5160.74,0.004134085,0.965028762
7,2020,Kennedy Heights,31,31,23,0,225.14,444.18,5020,2564,821,456,28,3.33,0.097113885,0.910703138,1.95,1,466860,1554643.8,92167.35,0.059285188,2226.4,0.004768881,0.974757207
7,2020,Linwood,31,31,23,0,225.14,444.18,669.9474518,311.2997095,109.5716926,52.42751518,17.77818854,3.33,0.027389277,0.962334613,2.15,1,62305.11302,207476.0264,3156.000356,0.015211398,322.9462371,0.005183302,0.982729313
7,2020,Lower Price Hill,31,31,23,0,225.14,444.18,858.0199203,279.690239,281.9641434,89.44023904,42.44621514,3.33,0.482384824,0.59529547,2.3,1,79795.85259,265720.1891,49940.01863,0.187942131,606.6776892,0.007602872,0.790840474
7,2020,Madisonville,31,31,23,0,225.14,444.18,10708.11111,5353.468575,1880.752525,960.5347924,350.6116723,3.33,0.083063405,0.887632225,2.036783539,1,995854.3333,3316194.93,164597.3133,0.04963439,6031.273737,0.006056381,0.943322997
7,2020,Millvale,31,31,23,0,225.14,444.18,2172.59986,849.0014015,897.9677645,539.3833217,57.25297828,3.33,0.573203194,0.545278332,2.55,1,202051.787,672832.4506,180133.6142,0.267724326,2744.52698,0.013583285,0.826585943
7,2020,Mt. Adams,31,31,23,0,225.14,444.18,1617,975,115,69,28,3.33,0,0.968495181,1.66,0.13,150381,500768.73,0,0,58.006,3.86E-04,0.968880908
7,2020,Mt. Airy,31,31,23,0,225.14,444.18,8806.992291,3766.476649,2421.760119,1321.154633,452.6658265,3.33,0.231938543,0.771281074,2.33455419,1,819050.283,2727437.442,323359.7473,0.11855808,8159.574114,0.009962238,0.899801392
7,2020,Mt. Auburn,31,31,23,0,225.14,444.18,4632,2374,708,325,162,3.33,0.136478517,0.876137822,1.804115492,1,430776,1434484.08,119928.6,0.083603995,2240.2,0.005200383,0.9649422
7,2020,Mt. Lookout,31,31,23,0,225.14,444.18,4936.097175,2131.928175,1133.545815,635.5310272,151.5157116,3.33,0.00888933,0.969493974,2.316645316,0.13,459057.0372,1528659.934,7014.865421,0.004588899,470.6539498,0.001025262,0.975108135
7,2020,Mt. Washington,31,31,23,0,225.14,444.18,12196.83526,5429.929707,3033.712291,1576.369099,438.2196687,3.33,0.151879582,0.908039547,2.222381882,0.45,1134305.679,3777237.912,305261.0219,0.080815937,4170.198749,0.003676433,0.992531918
7,2020,North Avondale - Paddock Hills,31,31,23,0,225.14,444.18,4209.835302,1701.342946,614.3596247,356.2685893,47.92390549,3.33,0.193256155,0.872082623,2.078163362,1,391514.6831,1303743.895,121703.468,0.093349214,1859.285476,0.004748955,0.970180791
7,2020,North Fairmount,31,31,23,0,225.14,444.18,1545.946539,742.797136,466.5694511,261.5264916,73.50596659,3.33,0.252083333,0.721772965,2.03,1,143773.0282,478764.1838,69309.39489,0.144767293,1541.149308,0.010719321,0.87725958
7,2020,Northside,31,31,23,0,225.14,444.18,7789,3910,1374,665,222,3.33,0.135805627,0.900782894,1.987628735,1,724377,2412175.41,196549.65,0.081482321,4080.2,0.005632702,0.987897917
7,2020,Oakley,31,31,23,0,225.14,444.18,11666.88889,6491.531425,1354.247475,449.4652076,337.3883277,3.33,0.035326436,0.95188309,1.773530829,1,1085020.667,3613118.82,84883.78673,0.023493218,3619.526263,0.003335905,0.978712213
7,2020,Over-the-Rhine,31,31,23,0,225.14,444.18,5407,2800,872,458,96,3.33,0.251071429,0.865757332,1.735303846,0.65,502851,1674493.83,260215.45,0.155399468,1656.46,0.003294137,1.024450937
7,2020,Pendleton,31,31,23,0,225.14,444.18,980,476,218,92,44,3.33,0.149159664,0.880294889,2.06,1,91140,303496.2,26280.65,0.086593012,625.6,0.006864165,0.973752066
7,2020,Pleasant Ridge,31,31,23,0,225.14,444.18,7044.73327,3555.784166,1513.62394,880.9359095,225.2940622,3.33,0.11101451,0.916917317,1.939781398,1,655160.1942,2181683.447,146114.3576,0.066973216,5088.65787,0.007767044,0.991657577
7,2020,Queensgate,31,31,23,0,225.14,444.18,273.9800797,89.30976096,90.03585657,28.55976096,13.55378486,3.33,0.482384824,0.59529547,2.3,1,25480.14741,84848.89088,15946.68137,0.187942131,193.7223108,0.007602872,0.790840474
7,2020,Riverside,31,31,23,0,225.14,444.18,1794.736527,917.6646707,227.8023952,131.2814371,36.76047904,3.33,0.14330832,0.87063014,1.913544018,1,166910.497,555811.955,48678.0497,0.08758007,772.9928144,0.004631182,0.962841391
7,2020,Roselawn,31,31,23,0,225.14,444.18,8119,3692,1820,1000,359,3.33,0.263001083,0.731864272,2.113471876,1,755067,2514373.11,359415.65,0.142944438,6251.4,0.008279265,0.883087974
7,2020,Sayler Park,31,31,23,0,225.14,444.18,2993,1193,668,393,164,3.33,0.158424141,0.874458463,2.510073309,1,278349,926902.17,69958.35,0.075475441,2562.2,0.009204991,0.959138894
7,2020,Sedamsville,31,31,23,0,225.14,444.18,568.2634731,262.3353293,101.1976048,60.71856287,20.23952096,3.33,0.207715134,0.865068649,2.07,1,52848.50299,175985.515,20169.8503,0.114610855,372.4071856,0.007046693,0.986726197
7,2020,South Cumminsville,31,31,23,0,225.14,444.18,711.4001402,277.9985985,294.0322355,176.6166783,18.74702172,3.33,0.573203194,0.545278332,2.55,1,66160.21303,220313.5094,58983.28577,0.267724326,898.6730203,0.013583285,0.826585943
7,2020,South Fairmount,31,31,23,0,225.14,444.18,1843,853,423,199,54,3.33,0.296600234,0.745799126,1.94,1,171399,570758.67,93647.95,0.164076264,1163.8,0.006790005,0.916665394
7,2020,Spring Grove Village,31,31,23,0,225.14,444.18,2239,889,645,434,64,3.33,0.282339708,0.824591244,2.51,1,208227,693395.91,92907.65,0.133989325,2290.8,0.011001455,0.969582024
7,2020,Villages at Roll Hill,31,31,23,0,225.14,444.18,2382,844,1266,581,40,3.33,0.699052133,0.414767959,2.82,1,221526,737681.58,218388.5,0.29604711,2856.6,0.0128951,0.72371017
7,2020,Walnut Hills,31,31,23,0,225.14,444.18,6382,3777,808,386,125,3.33,0.36457506,0.800911924,1.688450063,0.69,593526,1976441.58,509696.55,0.257885968,1621.914,0.002732676,1.061530567
7,2020,West End,31,31,23,0,225.14,444.18,7714.090303,3427.873427,2694.179867,1503.412287,292,3.33,0.479453827,0.679860872,2.280349515,1,717410.3982,2388976.626,608344.1278,0.254646329,8258.896521,0.011512095,0.946019296
7,2020,West Price Hill,31,31,23,0,225.14,444.18,17977.5585,7434.568795,5158.830696,2798.855275,984.6436493,3.33,0.241029518,0.843703751,2.41101074,1,1671912.941,5567470.093,663290.4895,0.119136785,17404.09505,0.01040969,0.973250226
7,2020,Westwood,31,31,23,0,225.14,444.18,32214.59252,14285.29622,8935.390087,4066.43136,1436.718744,3.33,0.197181703,0.852091822,2.25775622,1,2995957.104,9976537.157,1042638.165,0.104509024,25314.49048,0.00844955,0.965050397
7,2020,Winton Hills,31,31,23,0,225.14,444.18,6204,2646,2954,1360,331,3.33,0.555933485,0.611866919,2.34,1,576972,1921316.76,544490.65,0.283394525,7778.6,0.013481763,0.908743207
7,2021,Avondale,31,31,22,0,231.38,458.29,13427,5961,3578,1817,782,3.67,0.336017447,0.678530718,2.129065235,1,1248711,4582769.37,764962.3917,0.166921425,11435.6,0.009157924,0.854610066
7,2021,Bond Hill,31,31,22,0,231.38,458.29,7640,3312,1924,1160,158,3.67,0.125,0.873251239,2.280066908,1,710520,2607608.4,158110.05,0.060634124,5799.2,0.00816191,0.942047273
7,2021,California,31,31,22,0,231.38,458.29,930.8790896,333.8947368,238.0995733,113.4964438,53.10384068,3.67,0,0.974532007,2.77,0.13,86571.75533,317718.3421,0,0,95.29536273,0.001100767,0.975632775
7,2021,Camp Washington,31,31,22,0,231.38,458.29,1190,461,124,39,34,3.67,0.21691974,0.894907014,1.87,1,110670,406158.9,38190.83333,0.094029291,321.2,0.002902322,0.991838627
7,2021,Carthage,31,31,22,0,231.38,458.29,2889,1107,899,566,206,3.67,0.274616079,0.817363415,2.6,1,268677,986044.59,116100.1333,0.117743289,3396.8,0.01264269,0.947749394
7,2021,Clifton,31,31,22,0,231.38,458.29,8544,4182,1386,828,171,3.67,0.055475849,0.869871483,2.043306829,0.4,794592,2916152.64,88602.73333,0.030383435,1758.24,0.002212758,0.902467676
7,2021,College Hill,31,31,22,0,231.38,458.29,17085,7353,3947,2269,700,3.67,0.15871073,0.812452927,2.296748156,1,1588905,5831281.35,445687.025,0.076430376,13063.6,0.008221763,0.897105066
7,2021,Columbia Tusculum,31,31,22,0,231.38,458.29,1546.001056,742.6786374,243.4058622,126.2719831,30.32189068,3.67,0.035234899,0.96879115,2.08,0.13,143778.0982,527665.6205,9993.856331,0.018939753,89.5716958,6.23E-04,0.988353889
7,2021,Corryville,31,31,22,0,231.38,458.29,4438,1936,161,85,5,3.67,0.048553719,0.710637046,2.253644578,1,412734,1514733.78,35899.38333,0.023700127,396,9.59E-04,0.735296629
7,2021,CUF,31,31,22,0,231.38,458.29,17351,5533,603,326,155,3.67,0.053677932,0.777781785,2.291218334,1,1613643,5922069.81,113426.775,0.019153232,2116.4,0.001311566,0.798246583
7,2021,Downtown,31,31,22,0,231.38,458.29,4608.323464,3019.737232,182.9837158,34.24870466,0,3.67,0.108420912,0.920791648,1.445595022,1,428574.0822,1572866.882,125037.806,0.07949675,150.6943005,3.52E-04,1.000640016
7,2021,East End,31,31,22,0,231.38,458.29,1497,707,222,117,41,3.67,0.111739745,0.96313056,2.09,1,139221,510941.07,30170.75833,0.05904939,695.2,0.0049935,1.027173449
7,2021,East Price Hill,31,31,22,0,231.38,458.29,15139,6027,4271,2175,643,3.67,0.296996848,0.752217016,2.480657857,1,1407927,5167092.09,683615.9167,0.132301864,12399.2,0.008806707,0.893325587
7,2021,East Walnut Hills,31,31,22,0,231.38,458.29,3830.861183,2460.753213,256.2429306,125.5520566,25.67737789,3.67,0.026929441,0.946580765,1.542606914,1,356270.09,1307511.23,25307.80859,0.01935571,665.4095116,0.001867711,0.967804186
7,2021,East Westwood,31,31,22,0,231.38,458.29,2454.68656,1098.389607,811.9877463,519.3576096,102.613651,3.67,0.373575999,0.726996982,2.224302837,1,228285.8501,837809.0698,156709.2083,0.187046445,2736.673547,0.011987925,0.926031352
7,2021,English Woods,31,31,22,0,231.38,458.29,488.2539379,230.778043,135.073031,67.19713604,23.30405728,3.67,0.221568627,0.728074357,2.07,1,45407.61623,166645.9516,19528.18535,0.117183677,398.2052506,0.00876957,0.854027604
7,2021,Evanston,31,31,22,0,231.38,458.29,8672.297261,3470.777016,1628.718848,822.756491,335.9758535,3.67,0.14073521,0.866051248,2.181702458,0.36,806523.6453,2959941.778,186547.1475,0.063023925,1835.432034,0.002275732,0.931350905
7,2021,Hartwell,31,31,22,0,231.38,458.29,5084,2421,960,407,270,3.67,0.090458488,0.922572537,2.03,1,472812,1735220.04,83637.925,0.048200184,2978.8,0.006300179,0.977072899
7,2021,Hyde Park,31,31,22,0,231.38,458.29,14090,6696,2678,1434,361,3.67,0.009109916,0.950683326,2.093173576,0.65,1310370,4809057.9,23296.40833,0.004844277,5133.7,0.003917748,0.959445351
7,2021,Kennedy Heights,31,31,22,0,231.38,458.29,5042,2478,890,418,40,3.67,0.086763519,0.863439283,2.02,1,468906,1720885.02,82110.29167,0.047713991,2015.2,0.004297663,0.915450937
7,2021,Linwood,31,31,22,0,231.38,458.29,675.2083443,324.3612358,106.3063111,55.14866649,13.24293636,3.67,0.035234899,0.96879115,2.08,1,62794.37602,230455.36,4364.767514,0.018939753,300.9230525,0.004792198,0.992523101
7,2021,Lower Price Hill,31,31,22,0,231.38,458.29,857.2619522,274.3844622,282.7221116,110.6633466,18.94920319,3.67,0.497237569,0.566005899,2.41,1,79725.36155,292592.0769,52105.38197,0.178081999,570.2952191,0.007153247,0.751241145
7,2021,Madisonville,31,31,22,0,231.38,458.29,10328.1431,5116.823232,1645.746914,776.157688,339.3602694,3.67,0.089933637,0.863930384,2.048913084,1,960517.3081,3525098.521,175744.4851,0.049855198,4908.279012,0.005110037,0.918895619
7,2021,Millvale,31,31,22,0,231.38,458.29,2390.311843,890.4344779,964.2606868,522.8100911,59.51296426,3.67,0.611675127,0.483970406,2.67,1,222299.0014,815837.3351,208008.9029,0.254963697,2562.221444,0.011526014,0.750460117
7,2021,Mt. Adams,31,31,22,0,231.38,458.29,1611,940,134,89,31,3.67,0,0.947803977,1.71,0.13,149823,549850.41,0,0,68.64,4.58E-04,0.948262118
7,2021,Mt. Airy,31,31,22,0,231.38,458.29,8782.733284,3929.412157,2344.556412,1316.05278,373.766642,3.67,0.226574217,0.744310778,2.229856983,1,816794.1954,2997634.697,340014.3198,0.113427537,7435.205456,0.009102912,0.866841226
7,2021,Mt. Auburn,31,31,22,0,231.38,458.29,4811,2573,712,390,151,3.67,0.158958414,0.860787614,1.750066796,1,447423,1642042.41,156200.5083,0.095125745,2380.4,0.005320245,0.961233604
7,2021,Mt. Lookout,31,31,22,0,231.38,458.29,5051.790599,2169.960127,1191.287827,626.5793504,164.435173,3.67,0.011706647,0.969539695,2.336911529,0.13,469816.5257,1724226.649,9701.601155,0.005626639,452.4603074,9.63E-04,0.976129392
7,2021,Mt. Washington,31,31,22,0,231.38,458.29,12483.0966,5465.23091,3053.730015,1620.465724,681.9047985,3.67,0.130170228,0.909940127,2.261685777,0.45,1160927.984,4260605.702,271693.5423,0.06376876,4558.693634,0.003926767,0.977635654
7,2021,North Avondale - Paddock Hills,31,31,22,0,231.38,458.29,4352.841557,1743.469771,617.038221,334.6914524,117.3467686,3.67,0.155593612,0.880778935,2.099291785,1,404814.2648,1485668.352,103601.3272,0.069733819,1988.968172,0.004913286,0.955426039
7,2021,North Fairmount,31,31,22,0,231.38,458.29,1669.746062,789.221957,461.926969,229.802864,79.69594272,3.67,0.221568627,0.728074357,2.07,1,155286.3838,569901.0284,66783.09799,0.117183677,1361.794749,0.00876957,0.854027604
7,2021,Northside,31,31,22,0,231.38,458.29,7965,4049,1390,654,270,3.67,0.097061003,0.896129559,1.963954228,1,740745,2718534.15,150089.975,0.055209891,4065.6,0.005488528,0.956827979
7,2021,Oakley,31,31,22,0,231.38,458.29,11310.8569,6355.176768,1271.253086,532.842312,163.6397306,3.67,0.033488522,0.946221026,1.75428702,1,1051909.692,3860508.569,81279.82321,0.021054175,3064.520988,0.002913293,0.970188494
7,2021,Over-the-Rhine,31,31,22,0,231.38,458.29,5712,2976,893,456,143,3.67,0.228158602,0.865310959,1.766196154,0.65,531216,1949562.72,259315.7583,0.133012268,1713.14,0.003224941,1.001548167
7,2021,Pendleton,31,31,22,0,231.38,458.29,1018,509,223,116,30,3.67,0.106090373,0.892919279,2,1,94674,347453.58,20623.05,0.059354835,642.4,0.00678539,0.959059504
7,2021,Pleasant Ridge,31,31,22,0,231.38,458.29,7326.252592,3596.025448,1421.01131,749.3854854,189.8831291,3.67,0.111246761,0.906729328,2.000969089,1,681341.491,2500523.272,152780.9709,0.0610996,4132.781904,0.006065654,0.973894582
7,2021,Queensgate,31,31,22,0,231.38,458.29,273.7380478,87.61553785,90.27788845,35.33665339,6.050796813,3.67,0.497237569,0.566005899,2.41,1,25457.63845,93429.5331,16638.11803,0.178081999,182.1047809,0.007153247,0.751241145
7,2021,Riverside,31,31,22,0,231.38,458.29,1612.790419,737.7125749,260.4850299,139.6047904,32.31736527,3.67,0.210060228,0.823390031,2.149051919,1,149989.509,550461.498,59182.07041,0.107513551,756.457485,0.005043403,0.935946985
7,2021,Roselawn,31,31,22,0,231.38,458.29,7056,3035,1647,887,249,3.67,0.228336079,0.749102912,2.200778812,1,656208,2408283.36,264662.475,0.109896734,4998.4,0.007617097,0.866616743
7,2021,Sayler Park,31,31,22,0,231.38,458.29,3122,1287,721,462,133,3.67,0.172494172,0.836237043,2.427624125,1,290346,1065569.82,84783.65,0.07956649,2618,0.009016828,0.924820361
7,2021,Sedamsville,31,31,22,0,231.38,458.29,570.2095808,206.2874251,147.5149701,72.39520958,18.68263473,3.67,0.203773585,0.785877964,2.64,1,53029.49102,194618.232,16053.87126,0.082489041,400.742515,0.007556975,0.87592398
7,2021,South Cumminsville,31,31,22,0,231.38,458.29,782.688157,291.5655221,315.7393132,171.1899089,19.48703574,3.67,0.611675127,0.483970406,2.67,1,72789.9986,267139.2949,68110.82214,0.254963697,838.9785564,0.011526014,0.750460117
7,2021,South Fairmount,31,31,22,0,231.38,458.29,1948,879,467,238,64,3.67,0.360637088,0.72152678,2.02,1,181164,664871.88,121064.9417,0.182087625,1328.8,0.007334791,0.910949195
7,2021,Spring Grove Village,31,31,22,0,231.38,458.29,2167,885,569,353,63,3.67,0.246327684,0.829347783,2.44,1,201531,739618.77,83256.01667,0.112566122,1830.4,0.009082474,0.950996379
7,2021,Villages at Roll Hill,31,31,22,0,231.38,458.29,2556,861,1464,770,35,3.67,0.766550523,0.394923892,2.97,1,237708,872388.36,252059.5,0.28893038,3542,0.014900634,0.698754906
7,2021,Walnut Hills,31,31,22,0,231.38,458.29,6121,3661,769,356,74,3.67,0.356186834,0.781163163,1.662482726,0.69,569253,2089158.51,498008.4667,0.23837754,1305.48,0.002293321,1.021834025
7,2021,West End,31,31,22,0,231.38,458.29,8108.676536,3560.262768,2883.016284,1662.751295,282,3.67,0.4933898,0.676673033,2.308115011,1,754106.9178,2767572.388,670859.1607,0.24239986,8556.905699,0.011347072,0.930419965
7,2021,West Price Hill,31,31,22,0,231.38,458.29,19033.09943,7620.713062,5323.327424,2962.558573,1141.668963,3.67,0.227960123,0.832467257,2.488727035,1,1770078.247,6496187.167,663458.2946,0.102130416,18058.60116,0.010202149,0.944799821
7,2021,Westwood,31,31,22,0,231.38,458.29,33395.31344,14676.61039,9045.012254,4450.64239,1192.386349,3.67,0.209562557,0.822624938,2.291599517,1,3105764.15,11398154.43,1174623.242,0.10305381,24829.32645,0.007994595,0.933673343
7,2021,Winton Hills,31,31,22,0,231.38,458.29,6294,2662,3029,1366,361,3.67,0.51014275,0.569889451,2.36,1,585342,2148205.14,518631.5167,0.241425508,7598.8,0.012981812,0.824296772
7,2022,Avondale,31,31,21,0,235.54,465.03,12792,5700,3094,1540,797,4.1,0.34877193,0.690980596,2.096732697,1,1189656,4877589.6,770399.7,0.157946806,9815.4,0.00825062,0.857178023
7,2022,Bond Hill,31,31,21,0,235.54,465.03,7287,3139,1780,1167,192,4.1,0.153552087,0.86942799,2.290075272,1,677691,2778533.1,186787.05,0.067225058,5707.8,0.008422423,0.945075471
7,2022,California,31,31,21,0,235.54,465.03,929.4907539,341.8776671,256.1479374,125.2972973,57.61593172,4.1,0.023350254,0.969585022,2.71,0.13,86442.64011,354414.8245,3093.585064,0.008728712,99.87062304,0.00115534,0.979469074
7,2022,Camp Washington,31,31,21,0,235.54,465.03,1151,479,106,59,17,4.1,0.219206681,0.888968813,1.78,1,107043,438876.3,40690.125,0.092714337,319.2,0.002981979,0.984665129
7,2022,Carthage,31,31,21,0,235.54,465.03,2759,1055,821,527,173,4.1,0.232227488,0.783555874,2.61,1,256587,1052006.7,94943.625,0.090250019,2940,0.011458102,0.885263995
7,2022,Clifton,31,31,21,0,235.54,465.03,8311,4192,1066,556,124,4.1,0.070849237,0.872889824,1.977352666,0.4,772923,3168984.3,115094.925,0.036319184,1142.4,0.001478026,0.910687034
7,2022,College Hill,31,31,21,0,235.54,465.03,16578,7214,3674,1973,744,4.1,0.174383144,0.81169804,2.262897641,1,1541754,6321191.4,487506.45,0.077122558,11411.4,0.00740157,0.896222168
7,2022,Columbia Tusculum,31,31,21,0,235.54,465.03,1527.30948,742.2632691,232.6062847,103.0113546,34.47557433,4.1,0.040850588,0.969597306,2.05,0.13,142039.7816,582363.1046,11750.49069,0.020177258,75.06786322,5.28E-04,0.990303063
7,2022,Corryville,31,31,21,0,235.54,465.03,4593,1944,313,99,2,4.1,0.036522634,0.654416473,2.308411145,1,427149,1751310.9,27514.275,0.015710674,424.2,9.93E-04,0.671120244
7,2022,CUF,31,31,21,0,235.54,465.03,17703,5839,590,332,135,4.1,0.047097106,0.778482266,2.260336397,1,1646379,6750153.9,106569.375,0.015787696,1961.4,0.001191342,0.795461303
7,2022,Downtown,31,31,21,0,235.54,465.03,5257.262028,3281.935603,263.9726129,50.43523316,0,4.1,0.057514217,0.93358807,1.474933886,1,488925.3686,2004594.011,73148.42731,0.036490395,211.8279793,4.33E-04,0.970511717
7,2022,East End,31,31,21,0,235.54,465.03,1430,707,161,88,24,4.1,0.101838755,0.944726758,2,1,132990,545259,27901.8,0.051171645,470.4,0.003537108,0.999435511
7,2022,East Price Hill,31,31,21,0,235.54,465.03,15908,6082,5021,2667,762,4.1,0.29118711,0.723129086,2.611281774,1,1479444,6065720.4,686306.775,0.113145139,14401.8,0.009734603,0.846008827
7,2022,East Walnut Hills,31,31,21,0,235.54,465.03,4012.088046,2493.270566,399.2056555,215.1201799,60.33868895,4.1,0.035380584,0.913265016,1.603667093,1,373124.1883,1529809.172,34184.88528,0.022345849,1156.927249,0.003100649,0.938711515
7,2022,East Westwood,31,31,21,0,235.54,465.03,2434.307438,1059.651077,735.5904287,462.9622519,116.2436471,4.1,0.373495044,0.696477431,2.276188574,1,226390.5917,928201.426,153372.4841,0.165236208,2432.664776,0.010745432,0.872459071
7,2022,English Woods,31,31,21,0,235.54,465.03,489.8377088,235.3031026,125.1178998,51.58568019,21.94653938,4.1,0.273076923,0.710655115,2.05,1,45554.90692,186775.1184,24900.74721,0.133319403,308.8353222,0.006779408,0.850753926
7,2022,Evanston,31,31,21,0,235.54,465.03,8354.011328,3434.786071,1417.954873,731.6112308,313.4879268,4.1,0.112565559,0.869583815,2.133520639,0.36,776923.0535,3185384.519,149832.1285,0.047037376,1580.189926,0.002033908,0.918655099
7,2022,Hartwell,31,31,21,0,235.54,465.03,5237,2448,965,379,237,4.1,0.100081699,0.917389358,2.04,1,487041,1996868.1,94943.625,0.047546268,2587.2,0.005312078,0.970247704
7,2022,Hyde Park,31,31,21,0,235.54,465.03,13530,6580,2465,1297,355,4.1,0.013981763,0.94137498,2.039088857,0.65,1258290,5158989,35652.3,0.006910714,4509.96,0.003584198,0.951869892
7,2022,Kennedy Heights,31,31,21,0,235.54,465.03,4714,2372,795,352,69,4.1,0.1306914,0.828223603,1.98,1,438402,1797448.2,120132.75,0.066835167,1768.2,0.004033285,0.899092054
7,2022,Linwood,31,31,21,0,235.54,465.03,667.0448904,324.1798257,101.5896488,44.98970161,15.05703723,4.1,0.040850588,0.969597306,2.05,1,62035.17481,254344.2167,5131.968913,0.020177258,252.1963031,0.004065376,0.99383994
7,2022,Lower Price Hill,31,31,21,0,235.54,465.03,877.7270916,288.0278884,288.0278884,91.71414343,47.75199203,4.1,0.621052632,0.517487295,2.37,1,81628.61952,334677.34,69320.65727,0.207126832,585.7577689,0.007175887,0.731790014
7,2022,Madisonville,31,31,21,0,235.54,465.03,10685.46577,5292.751964,1716.369809,732.0976431,342.6060606,4.1,0.099709447,0.845874785,2.041209633,1,993748.3165,4074368.098,204511.4258,0.050194637,4513.755556,0.004542152,0.900611573
7,2022,Millvale,31,31,21,0,235.54,465.03,2341.34548,890.4344779,1023.773651,662.1758935,74.57953749,4.1,0.602368866,0.476951667,2.62,1,217745.1296,892755.0315,207856.787,0.232826228,3094.37281,0.014210985,0.723988881
7,2022,Mt. Adams,31,31,21,0,235.54,465.03,1643,977,114,80,16,4.1,0,0.941869806,1.68,0.13,152799,626475.9,0,0,52.416,3.43E-04,0.942212844
7,2022,Mt. Airy,31,31,21,0,235.54,465.03,8913.806968,3893.991994,2475.059451,1374.247739,386.149444,4.1,0.250267048,0.711869148,2.277665922,1,828984.048,3398834.597,377657.7919,0.111113907,7393.668169,0.008918951,0.831902007
7,2022,Mt. Auburn,31,31,21,0,235.54,465.03,4705,2583,603,416,113,4.1,0.14324429,0.838284446,1.705475113,1,437565,1794016.5,143384.25,0.079923596,2221.8,0.005077646,0.923285687
7,2022,Mt. Lookout,31,31,21,0,235.54,465.03,5009.64563,2186.556905,1170.804067,611.9989438,164.4673884,4.1,0.013461883,0.972702418,2.299967974,0.13,465897.0436,1910177.879,11406.8654,0.005971625,423.9506174,9.10E-04,0.979584009
7,2022,Mt. Washington,31,31,21,0,235.54,465.03,12436.34362,5527.69696,3001.501673,1566.027132,764.2803732,4.1,0.114884969,0.901115514,2.223608197,0.45,1156579.957,4741977.823,246097.4778,0.051897644,4404.281185,0.003808021,0.95682118
7,2022,North Avondale - Paddock Hills,31,31,21,0,235.54,465.03,4240.900625,1687.943363,666.8394719,393.2685893,104.1733843,4.1,0.179003648,0.874775752,2.117322946,1,394403.7582,1617055.408,117089.9112,0.072409338,2089.256289,0.005297252,0.952482342
7,2022,North Fairmount,31,31,21,0,235.54,465.03,1675.162291,804.6968974,427.8821002,176.4143198,75.05346062,4.1,0.273076923,0.710655115,2.05,1,155790.0931,638739.3816,85156.35279,0.133319403,1056.164678,0.006779408,0.850753926
7,2022,Northside,31,31,21,0,235.54,465.03,8200,4053,1354,559,240,4.1,0.098198865,0.899673792,2.025715194,1,762600,3126660,154234.95,0.04932898,3355.8,0.004400472,0.953403245
7,2022,Oakley,31,31,21,0,235.54,465.03,11265.53423,6513.248036,1219.630191,484.9023569,118.3939394,4.1,0.019999642,0.943024935,1.708637195,1,1047694.684,4295548.202,50480.02424,0.011751707,2533.844444,0.002418495,0.957195138
7,2022,Over-the-Rhine,31,31,21,0,235.54,465.03,5657,3047,795,406,143,4.1,0.208729898,0.875445421,1.708942308,0.65,526101,2157014.1,246465.9,0.114262535,1498.77,0.002848826,0.992556782
7,2022,Pendleton,31,31,21,0,235.54,465.03,1134,550,251,145,40,4.1,0.125454545,0.900215501,2.06,1,105462,432394.2,26739.225,0.061839925,777,0.007367583,0.969423009
7,2022,Pleasant Ridge,31,31,21,0,235.54,465.03,7184.554194,3642.132893,1438.686145,853.2770971,149.8831291,4.1,0.135636621,0.887994463,1.938428014,1,668163.5401,2739470.514,191439.9067,0.069882083,4213.27295,0.006305751,0.964182297
7,2022,Queensgate,31,31,21,0,235.54,465.03,280.2729084,91.97211155,91.97211155,29.28585657,15.24800797,4.1,0.621052632,0.517487295,2.37,1,26065.38048,106868.06,22135.24273,0.207126832,187.0422311,0.007175887,0.731790014
7,2022,Riverside,31,31,21,0,235.54,465.03,2008.023952,826.0538922,418.1976048,213.6107784,33.59281437,4.1,0.19557669,0.824574948,2.420248307,1,186746.2275,765659.5329,62607.33234,0.081769154,1038.25509,0.005559711,0.911903814
7,2022,Roselawn,31,31,21,0,235.54,465.03,7692,3558,1970,1287,248,4.1,0.24480045,0.708884333,2.11616494,1,715356,2932959.6,337534.275,0.115083165,6447,0.009012296,0.832979794
7,2022,Sayler Park,31,31,21,0,235.54,465.03,2902,1186,710,402,133,4.1,0.15851602,0.861450757,2.442799067,1,269886,1106532.6,72854.7,0.065840536,2247,0.008325738,0.935617031
7,2022,Sedamsville,31,31,21,0,235.54,465.03,556.9760479,196.9461078,158.8023952,65.38922156,21.40718563,4.1,0.322134387,0.747090832,2.69,1,51798.77246,212374.9671,24585.79266,0.115765963,364.5449102,0.007037713,0.869894509
7,2022,South Cumminsville,31,31,21,0,235.54,465.03,766.65452,291.5655221,335.226349,216.8241065,24.42046251,4.1,0.602368866,0.476951667,2.62,1,71298.87036,292325.3685,68061.01303,0.232826228,1013.22719,0.014210985,0.723988881
7,2022,South Fairmount,31,31,21,0,235.54,465.03,1926,888,474,242,77,4.1,0.30518018,0.712572081,1.98,1,179118,734383.8,105019.275,0.143003257,1339.8,0.007479985,0.863055323
7,2022,Spring Grove Village,31,31,21,0,235.54,465.03,2220,922,515,362,65,4.1,0.245119306,0.782147981,2.4,1,206460,846486,87580.65,0.10346379,1793.4,0.008686428,0.8942982
7,2022,Villages at Roll Hill,31,31,21,0,235.54,465.03,2503,864,1444,819,77,4.1,0.706018519,0.369700104,2.9,1,232779,954393.9,236390.25,0.247686254,3763.2,0.016166407,0.633552765
7,2022,Walnut Hills,31,31,21,0,235.54,465.03,6431,3677,860,364,186,4.1,0.342398695,0.782790116,1.751691269,0.69,598083,2452140.3,487893.975,0.198966582,1593.9,0.002665015,0.984421713
7,2022,West End,31,31,21,0,235.54,465.03,7764.737972,3603.064397,2293.027387,1263.564767,234,4.1,0.464949237,0.690893072,2.177132188,1,722120.6314,2960694.589,649198.1727,0.219272253,6289.772021,0.00871014,0.918875465
7,2022,West Price Hill,31,31,21,0,235.54,465.03,18961.63553,7517.694487,5411.251034,3232.174391,1144.64663,4.1,0.196647414,0.81024671,2.514935943,1,1763432.104,7230071.627,572891.8395,0.079237367,18382.64828,0.010424358,0.899908435
7,2022,Westwood,31,31,21,0,235.54,465.03,32780.69256,14571.34892,8579.409571,3879.037748,1322.756353,4.1,0.218389223,0.819417792,2.263472583,1,3048604.408,12499278.07,1233191.966,0.098661055,21847.53522,0.007166405,0.925245253
7,2022,Winton Hills,31,31,21,0,235.54,465.03,6741,2746,3304,1617,595,4.1,0.494901675,0.542016339,2.45,1,626913,2570343.3,526646.475,0.204893438,9290.4,0.014819281,0.761729058
7,2023,Avondale,31,31,21,0,177.7,343.08,12825,5866,3070,1560,841,4.2845,0.423968633,0.688056323,2.051463803,1,1192725,5110230.263,711033.3,0.13913919,10084.2,0.008454757,0.83565027
7,2023,Bond Hill,31,31,21,0,177.7,343.08,6723,3165,1495,1154,129,4.2845,0.165876777,0.861707486,2.105112908,1,625239,2678836.496,150097.5,0.056030855,5388.6,0.008618464,0.926356805
7,2023,California,31,31,21,0,177.7,343.08,954.8278805,335.9772404,260.6600284,135.3627312,45.46799431,4.2845,0.026859504,0.983597254,2.83,0.13,88798.99289,380459.285,2580.013656,0.006781313,98.7335761,0.001111877,0.991490445
7,2023,Camp Washington,31,31,21,0,177.7,343.08,1128,520,109,67,18,4.2845,0.309615385,0.86960362,1.61,1,104904,449461.188,46029.9,0.10241129,357,0.003403111,0.975418021
7,2023,Carthage,31,31,21,0,177.7,343.08,2962,1094,905,576,145,4.2845,0.174588665,0.808487356,2.7,1,275466,1180234.077,54606.9,0.046267856,3028.2,0.010993008,0.86574822
7,2023,Clifton,31,31,21,0,177.7,343.08,8012,4101,1091,543,155,4.2845,0.058522312,0.895678177,1.940058466,0.4,745116,3192449.502,68616,0.021493214,1172.64,0.001573768,0.918745159
7,2023,College Hill,31,31,21,0,177.7,343.08,16324,7124,3721,2033,828,4.2845,0.20620438,0.813060802,2.238321039,1,1518132,6504436.554,419987.1,0.064569328,12016.2,0.007915122,0.885545252
7,2023,Columbia Tusculum,31,31,21,0,177.7,343.08,1597.922102,755.1396884,284.111962,159.086084,25.33747029,4.2845,0.048954895,0.980076407,2.11,0.13,148606.7555,636705.6439,10569.0896,0.016599648,100.6952606,6.78E-04,0.997353651
7,2023,Corryville,31,31,21,0,177.7,343.08,4442,1987,267,78,1,4.2845,0.023653749,0.686047929,2.159706325,1,413106,1769952.657,13437.3,0.007591898,331.8,8.03E-04,0.69444301
7,2023,CUF,31,31,21,0,177.7,343.08,17903,6110,478,165,120,4.2845,0.052373159,0.77211139,2.154798515,1,1664979,7133602.526,91488,0.012824937,1197,7.19E-04,0.785655255
7,2023,Downtown,31,31,21,0,177.7,343.08,5501.109548,3389.128053,229.8482605,28.20355292,0,4.2845,0.072973797,0.934914516,1.449603319,1,511603.188,2191963.859,70708.08542,0.03225787,118.4549223,2.32E-04,0.967403923
7,2023,East End,31,31,21,0,177.7,343.08,1306,681,172,111,38,4.2845,0.114537445,0.955370044,1.9,1,121458,520386.801,22300.2,0.042853124,625.8,0.005152398,1.003375566
7,2023,East Price Hill,31,31,21,0,177.7,343.08,15955,6112,5263,2574,882,4.2845,0.296138743,0.73184202,2.599238879,1,1483815,6357405.368,517479,0.08139783,14515.2,0.009782352,0.823022201
7,2023,East Walnut Hills,31,31,21,0,177.7,343.08,3876.895887,2470.430591,361.3496144,200.8348329,39.33868895,4.2845,0.03423318,0.915068833,1.552788732,1,360551.3175,1544782.12,24178.76144,0.015651891,1008.728792,0.00279774,0.933518464
7,2023,East Westwood,31,31,21,0,177.7,343.08,2446.440728,1082.362735,662.7084265,423.8682901,112.1505178,4.2845,0.403008497,0.730271131,2.233280064,1,227518.9877,974805.103,124709.9743,0.127933239,2251.278993,0.009894906,0.868099276
7,2023,English Woods,31,31,21,0,177.7,343.08,494.8152745,231.9093079,114.9365155,56.78949881,23.98281623,4.2845,0.24195122,0.715299412,2.1,1,46017.82053,197163.352,16042.06053,0.081364312,339.2437232,0.007372008,0.804035732
7,2023,Evanston,31,31,21,0,177.7,343.08,8421.154843,3511.949534,1469.161852,755.5963693,308.2870928,4.2845,0.090933908,0.854076328,2.101616559,0.36,783167.4004,3355480.727,91303.67918,0.027210313,1608.591795,0.002053957,0.883340597
7,2023,Hartwell,31,31,21,0,177.7,343.08,5403,2462,852,527,174,4.2845,0.097887896,0.924583721,2.07,1,502479,2152871.276,68901.9,0.032004654,2944.2,0.005859349,0.962447724
7,2023,Hyde Park,31,31,21,0,177.7,343.08,13559,6539,2522,1119,401,4.2845,0.011010858,0.940017258,2.057848168,0.65,1260987,5402698.802,20584.8,0.003810096,4149.6,0.003290756,0.947118109
7,2023,Kennedy Heights,31,31,21,0,177.7,343.08,4275,2222,492,333,67,4.2845,0.143564356,0.848252783,1.91,1,397575,1703410.088,91202.1,0.053540895,1680,0.004225618,0.906019296
7,2023,Linwood,31,31,21,0,177.7,343.08,697.8846052,329.8035384,124.0844996,69.48006337,11.06601532,4.2845,0.048954895,0.980076407,2.11,1,64903.26829,278078.053,4615.997808,0.016599648,338.2935305,0.005212273,1.001888328
7,2023,Lower Price Hill,31,31,21,0,177.7,343.08,876.9691235,298.6394422,294.0916335,80.34462151,68.21713147,4.2845,0.631979695,0.466354618,2.32,1,81558.12849,349435.8015,53959.06882,0.154417689,623.9593625,0.007650487,0.628422793
7,2023,Madisonville,31,31,21,0,177.7,343.08,10561.56341,5445.440516,1620.369809,794.7861953,232.8462402,4.2845,0.096409902,0.87532009,1.957708987,1,982225.3973,4208344.715,150095.8956,0.035666255,4316.056229,0.004394161,0.915380506
7,2023,Millvale,31,31,21,0,177.7,343.08,2408.391731,825.648213,1009.460406,614.7161878,61.01962158,4.2845,0.515510949,0.498484702,2.9,1,223980.431,959644.1565,121687.8153,0.126805144,2838.090399,0.012671153,0.637960999
7,2023,Mt. Adams,31,31,21,0,177.7,343.08,1592,984,97,65,11,4.2845,0,0.934637005,1.62,0.13,148056,634345.932,0,0,41.496,2.80E-04,0.934917278
7,2023,Mt. Airy,31,31,21,0,177.7,343.08,8855.104818,4117.800593,2459.034396,1515.051742,311.7610082,4.2845,0.246881058,0.716394854,2.140346369,1,823524.7481,3528391.783,290647.9322,0.082374053,7672.613551,0.009316798,0.808085705
7,2023,Mt. Auburn,31,31,21,0,177.7,343.08,5192,2640,771,558,145,4.2845,0.15719697,0.793266802,1.851103211,1,482856,2068796.532,118648.5,0.057351459,2952.6,0.006114867,0.856733127
7,2023,Mt. Lookout,31,31,21,0,177.7,343.08,5018.193293,2134.056773,1254.803538,660.4338527,168.5965144,4.2845,0.016816196,0.97521814,2.359967974,0.13,466691.9762,1999541.772,10260.0126,0.005131182,452.6505804,9.70E-04,0.981319235
7,2023,Mt. Washington,31,31,21,0,177.7,343.08,11815.2445,5463.880907,2649.821269,1560.902515,620.874501,4.2845,0.13778012,0.908509681,2.133691957,0.45,1098817.738,4707884.6,215229.5701,0.045716832,4123.558561,0.003752723,0.957979236
7,2023,North Avondale - Paddock Hills,31,31,21,0,177.7,343.08,4209.94927,1687.619875,609.4885337,370.5687978,55.37421821,4.2845,0.135145368,0.902230071,2.084645892,1,391525.2821,1677490.071,65206.35938,0.038871383,1788.960667,0.004569209,0.945670663
7,2023,North Fairmount,31,31,21,0,177.7,343.08,1692.184726,793.0906921,393.0634845,194.2105012,82.01718377,4.2845,0.24195122,0.715299412,2.1,1,157373.1795,674265.3875,54861.13947,0.081364312,1160.156277,0.007372008,0.804035732
7,2023,Northside,31,31,21,0,177.7,343.08,8407,4175,1198,548,192,4.2845,0.123113772,0.879595765,2.010178004,1,781851,3349840.61,146952.6,0.043868535,3108,0.003975182,0.927439482
7,2023,Oakley,31,31,21,0,177.7,343.08,11405.43659,6478.559484,1361.630191,602.2138047,115.1537598,4.2845,0.016825594,0.946980836,1.739411667,1,1060705.603,4544593.155,31164.70438,0.006857535,3012.943771,0.002840509,0.956678879
7,2023,Over-the-Rhine,31,31,21,0,177.7,343.08,6180,3155,840,328,149,4.2845,0.203486529,0.849835918,1.818869231,0.65,574740,2462473.53,183547.8,0.074537979,1302.21,0.002265738,0.926639635
7,2023,Pendleton,31,31,21,0,177.7,343.08,1163,558,238,154,36,4.2845,0.082437276,0.89748322,2.08,1,108159,463407.2355,13151.4,0.02837979,798,0.007378027,0.933241037
7,2023,Pleasant Ridge,31,31,21,0,177.7,343.08,7308.599434,3688.551367,1534.065033,828.6644675,150.332705,4.2845,0.131432997,0.883372961,1.952439432,1,679699.7474,2912173.568,138603.5655,0.047594541,4111.788124,0.006049418,0.937016921
7,2023,Queensgate,31,31,21,0,177.7,343.08,280.0308765,95.36055777,93.90836653,25.65537849,21.78286853,4.2845,0.631979695,0.466354618,2.32,1,26042.87151,111580.683,17230.03118,0.154417689,199.2406375,0.007650487,0.628422793
7,2023,Riverside,31,31,21,0,177.7,343.08,2088.550898,829.5508982,512.3952096,212.3473054,86.07784431,4.2845,0.216450716,0.830840211,2.513273138,1,194235.2335,832200.8581,51335.31377,0.061686206,1253.385629,0.006452926,0.898979344
7,2023,Roselawn,31,31,21,0,177.7,343.08,7449,3583,1509,1121,162,4.2845,0.234161317,0.728904,2.031551069,1,692757,2968117.367,239870.1,0.080815571,5388.6,0.007778485,0.817498056
7,2023,Sayler Park,31,31,21,0,177.7,343.08,2745,1184,682,423,106,4.2845,0.199324324,0.857092042,2.314898367,1,255285,1093768.583,67472.4,0.061688003,2221.8,0.008703214,0.927483259
7,2023,Sedamsville,31,31,21,0,177.7,343.08,590.4491018,200.4491018,187.6047904,48.65269461,38.92215569,4.2845,0.316504854,0.750546837,2.81,1,54911.76647,235269.4634,18138.38623,0.07709622,367.8143713,0.00669828,0.834341336
7,2023,South Cumminsville,31,31,21,0,177.7,343.08,788.6082691,270.351787,330.5395936,201.2838122,19.98037842,4.2845,0.515510949,0.498484702,2.9,1,73340.56903,314227.668,39845.68465,0.126805144,929.3096006,0.012671153,0.637960999
7,2023,South Fairmount,31,31,21,0,177.7,343.08,1960,852,478,231,108,4.2845,0.253521127,0.718636272,2.13,1,182280,780978.66,61754.4,0.079073095,1423.8,0.00781106,0.805520427
7,2023,Spring Grove Village,31,31,21,0,177.7,343.08,2163,927,549,327,132,4.2845,0.252427184,0.77983631,2.32,1,201159,861865.7355,66900.6,0.077622995,1927.8,0.009583464,0.867042769
7,2023,Villages at Roll Hill,31,31,21,0,177.7,343.08,2262,901,1261,630,135,4.2845,0.612652608,0.359694036,2.51,1,210366,901313.127,157816.8,0.175096529,3213,0.015273381,0.550063946
7,2023,Walnut Hills,31,31,21,0,177.7,343.08,6259,3678,829,359,193,4.2845,0.347471452,0.790895394,1.714202261,0.69,582087,2493951.752,365380.2,0.146506523,1599.696,0.002748208,0.940150125
7,2023,West End,31,31,21,0,177.7,343.08,7764.890452,3592.871947,2249.151739,1322.796447,198,4.2845,0.433269674,0.699608129,2.182286781,1,722134.812,3093986.602,445055.5146,0.143845327,6387.345078,0.008845087,0.852298543
7,2023,West Price Hill,31,31,21,0,177.7,343.08,18811.14342,7650.011933,5370.627021,3261.091031,1051.858812,4.2845,0.201424858,0.815275332,2.450516273,1,1749436.338,7495459.99,440544.0445,0.058774784,18114.38934,0.010354415,0.884404532
7,2023,Westwood,31,31,21,0,177.7,343.08,34059.55927,15074.63727,9471.291574,4788.13171,1273.849482,4.2845,0.213391444,0.823986694,2.266125449,1,3167539.012,13571320.9,919682.7257,0.067766633,25460.32101,0.008037887,0.899791214
7,2023,Winton Hills,31,31,21,0,177.7,343.08,5401,2699,2102,1050,281,4.2845,0.519081141,0.64571331,2,1,502293,2152074.359,400545.9,0.186120846,5590.2,0.011129361,0.842963517
7,2024,Avondale,31,31,23,0,191.72,372.46,12501,5950,3040,1641,623,4.395897,0.398991597,0.690806134,1.963373111,1,1162593,5110639.081,736850.0333,0.144179626,10414.4,0.008957907,0.843943668
7,2024,Bond Hill,31,31,23,0,191.72,372.46,6399,3191,1417,905,151,4.395897,0.162331558,0.850134085,1.980091999,1,595107,2616029.076,160778.5667,0.061459014,4857.6,0.008162566,0.919755665
7,2024,California,31,31,23,0,191.72,372.46,928.7965861,340.1422475,242.2645804,132.5860597,50.6742532,4.395897,0.02755102,0.976559214,2.72,0.13,86378.0825,379709.1537,2908.68478,0.007660297,109.5896671,0.001268721,0.985488232
7,2024,Camp Washington,31,31,23,0,191.72,372.46,1143,548,90,45,12,4.395897,0.313868613,0.876434088,1.55,1,106299,467279.4552,53385.93333,0.114248407,262.2,0.002466627,0.993149122
7,2024,Carthage,31,31,23,0,191.72,372.46,3183,979,1107,542,137,4.395897,0.269662921,0.733606197,3.25,1,296019,1301269.034,81941.2,0.062970222,3123.4,0.01055135,0.807127768
7,2024,Clifton,31,31,23,0,191.72,372.46,8028,4079,1068,501,166,4.395897,0.076244177,0.885250904,1.945491113,0.4,746604,3281994.284,96529.21667,0.029411756,1227.28,0.001643817,0.916306477
7,2024,College Hill,31,31,23,0,191.72,372.46,15930,7147,3555,1788,776,4.395897,0.226108857,0.804704983,2.172954947,1,1481490,6512477.447,501579.4667,0.077018227,11794.4,0.007961174,0.889684384
7,2024,Columbia Tusculum,31,31,23,0,191.72,372.46,1621.18273,765.9392659,265.8357539,148.7018748,29.49115395,4.395897,0.043383948,0.95904074,2.11,0.13,150769.9939,662769.364,10313.87343,0.015561784,106.5594312,7.07E-04,0.975309292
7,2024,Corryville,31,31,23,0,191.72,372.46,4277,1968,256,101,1,4.395897,0.018800813,0.67161011,2.086822289,1,397761,1748516.387,11484.18333,0.006567959,469.2,0.001179603,0.679357671
7,2024,CUF,31,31,23,0,191.72,372.46,18282,6192,456,180,92,4.395897,0.066860465,0.782651708,2.153319783,1,1700226,7474018.373,128498.7,0.017192719,1251.2,7.36E-04,0.80058033
7,2024,Downtown,31,31,23,0,191.72,372.46,6070.715026,3633.99852,282.6447076,85.00592154,0,4.395897,0.063479574,0.918821977,1.484669432,1,564576.4974,2481820.131,71600.67931,0.028850068,391.0272391,6.93E-04,0.948364647
7,2024,East End,31,31,23,0,191.72,372.46,1323,707,71,36,24,4.395897,0.099009901,0.948525224,1.86,1,123039,540866.771,21726.83333,0.040170398,276,0.002243191,0.990938813
7,2024,East Price Hill,31,31,23,0,191.72,372.46,16286,6321,5352,2708,815,4.395897,0.332384116,0.71801936,2.593354997,1,1514598,6658016.804,652115.3833,0.097944388,16205.8,0.010699737,0.826663485
7,2024,East Walnut Hills,31,31,23,0,191.72,372.46,3934.501285,2474.03856,308.3309769,169.5122108,25.28534704,4.395897,0.021840688,0.93192842,1.586430218,1,365908.6195,1608496.603,16771.47166,0.0104268,896.0687661,0.002448887,0.944804106
7,2024,East Westwood,31,31,23,0,191.72,372.46,2601.088353,1064.265709,734.3991673,467.6568839,122.2488875,4.395897,0.419072549,0.699829171,2.409468638,1,241901.2169,1063372.833,138432.3768,0.130182352,2713.566548,0.011217664,0.841229188
7,2024,English Woods,31,31,23,0,191.72,372.46,496.1727924,239.8281623,148.874463,74.66348449,22.85155131,4.395897,0.324528302,0.687230934,2.04,1,46144.06969,202844.5775,24157.45337,0.119093415,448.5691647,0.009721058,0.816045406
7,2024,Evanston,31,31,23,0,191.72,372.46,8404.596004,3388.064636,1664.030385,884.24248,395.266425,4.395897,0.120803737,0.830442821,2.18067287,0.36,781627.4284,3435953.668,127037.0642,0.036972869,2118.866747,0.00271084,0.87012653
7,2024,Hartwell,31,31,23,0,191.72,372.46,5439,2426,1243,558,243,4.395897,0.23577906,0.843932863,2.1,1,505827,2223563.392,177539.2667,0.079844482,3684.6,0.007284309,0.931061654
7,2024,Hyde Park,31,31,23,0,191.72,372.46,13303,6483,2448,1036,436,4.395897,0.016813204,0.938358409,2.031959221,0.65,1237179,5438511.455,33831.78333,0.00622078,4401.28,0.003557513,0.948136702
7,2024,Kennedy Heights,31,31,23,0,191.72,372.46,4649,2401,684,380,165,4.395897,0.101624323,0.871139734,1.93,1,432357,1900596.839,75733.53333,0.039847237,2507,0.005798449,0.91678542
7,2024,Linwood,31,31,23,0,191.72,372.46,708.0435701,334.5202007,116.1024558,64.9448112,12.88011619,4.395897,0.043383948,0.95904074,2.11,1,65848.05202,289461.2543,4504.533404,0.015561784,357.994666,0.005436678,0.980039202
7,2024,Lower Price Hill,31,31,23,0,191.72,372.46,943.6703187,306.2191235,283.4800797,132.6444223,68.21713147,4.395897,0.571782178,0.509650105,2.42,1,87761.33964,385789.8096,54345.21569,0.140867421,923.9631474,0.010528134,0.661045661
7,2024,Madisonville,31,31,23,0,191.72,372.46,10748.04938,5684.800786,1490.818182,744.3058361,233.9118967,4.395897,0.106730738,0.887988151,1.899867134,1,999568.5926,4394000.577,188322.9103,0.0428591,4499.801571,0.004501744,0.935348994
7,2024,Millvale,31,31,23,0,191.72,372.46,2757.182901,987.6138753,1198.5459,1093.079888,0,4.395897,0.745995423,0.335307065,2.78,1,256418.0098,1127187.16,228676.6065,0.202873679,5028.167484,0.01960926,0.557790004
7,2024,Mt. Adams,31,31,23,0,191.72,372.46,1631,1016,90,58,15,4.395897,0,0.950534229,1.61,0.13,151683,666782.8447,0,0,43.654,2.88E-04,0.950822027
7,2024,Mt. Airy,31,31,23,0,191.72,372.46,9099.048036,4234.088213,2055.363973,1319.365456,150.7451446,4.395897,0.287523462,0.802446372,2.132741899,1,846211.4673,3719858.451,377860.578,0.101579289,6762.508762,0.007991512,0.912017172
7,2024,Mt. Auburn,31,31,23,0,191.72,372.46,5046,2650,705,474,109,4.395897,0.103018868,0.81967643,1.783449688,1,469278,2062897.752,84734.65,0.041075545,2681.8,0.005714736,0.866466711
7,2024,Mt. Lookout,31,31,23,0,191.72,372.46,5096.773699,2144.540533,1239.06179,682.353314,134.6287299,4.395897,0.015041788,0.965245402,2.387742194,0.13,473999.9541,2083654.976,10012.25984,0.004805143,488.5552622,0.001030707,0.971081252
7,2024,Mt. Washington,31,31,23,0,191.72,372.46,11879.67519,5553.087735,2598.366801,1379.398705,642.950248,4.395897,0.115661466,0.905976425,2.117269253,0.45,1104809.793,4856630.055,199352.4692,0.041047489,4186.262333,0.003789125,0.950813039
7,2024,North Avondale - Paddock Hills,31,31,23,0,191.72,372.46,4878.90271,1839.896803,824.6386379,457.2453092,82.44822794,4.395897,0.066674624,0.919005919,2.27,1,453737.9521,1994585.302,38076.09747,0.019089731,2482.590271,0.005471419,0.943567069
7,2024,North Fairmount,31,31,23,0,191.72,372.46,1696.827208,820.1718377,509.125537,255.3365155,78.14844869,4.395897,0.324528302,0.687230934,2.04,1,157804.9303,693694.2197,82614.4133,0.119093415,1534.030835,0.009721058,0.816045406
7,2024,Northside,31,31,23,0,191.72,372.46,8550,4378,1275,664,146,4.395897,0.100502513,0.876720911,1.942498411,1,795150,3495397.5,136568.6667,0.039070997,3726,0.004685908,0.920477817
7,2024,Oakley,31,31,23,0,191.72,372.46,11411.95062,6598.199214,1267.181818,540.6941639,72.08810325,4.395897,0.015043046,0.952669194,1.708519196,1,1061311.407,4665415.632,30807.72305,0.006603425,2818.798429,0.002655958,0.961928577
7,2024,Over-the-Rhine,31,31,23,0,191.72,372.46,6291,3343,715,315,73,4.395897,0.169608136,0.868197339,1.784465385,0.65,585063,2571876.687,175987.35,0.0684276,1160.12,0.001982898,0.938607837
7,2024,Pendleton,31,31,23,0,191.72,372.46,1146,596,210,132,31,4.395897,0.08557047,0.943748038,1.92,1,106578,468505.9105,15829.55,0.033787301,749.8,0.007035223,0.984570561
7,2024,Pleasant Ridge,31,31,23,0,191.72,372.46,7268.072573,3683.009425,1571.93968,901.1055608,227.2544769,4.395897,0.117650837,0.895783889,1.953138402,1,675930.7493,2971321.953,134491.936,0.045263333,5190.456173,0.007678976,0.948726199
7,2024,Queensgate,31,31,23,0,191.72,372.46,301.3296813,97.78087649,90.51992032,42.35557769,21.78286853,4.395897,0.571782178,0.509650105,2.42,1,28023.66036,123189.1245,17353.33431,0.140867421,295.0368526,0.010528134,0.661045661
7,2024,Riverside,31,31,23,0,191.72,372.46,2268.610778,840.8323353,659.8922156,318.1556886,109.9520958,4.395897,0.34436223,0.807189532,2.771670429,1,210980.8024,927449.8763,89871.77295,0.096902027,1969.295808,0.009334005,0.913425563
7,2024,Roselawn,31,31,23,0,191.72,372.46,7375,3604,1483,1030,148,4.395897,0.249167592,0.716173201,1.98616494,1,685875,3015035.855,278724.2333,0.092444749,5418.8,0.007900565,0.816518515
7,2024,Sayler Park,31,31,23,0,191.72,372.46,2713,1183,739,439,160,4.395897,0.22569738,0.862711366,2.297347551,1,252309,1109124.376,82872.35,0.074718717,2755.4,0.010920736,0.948350819
7,2024,Sedamsville,31,31,23,0,191.72,372.46,715.3892216,196.1676647,256.1077844,77.84431138,56.04790419,4.395897,0.359126984,0.733303852,3.5,1,66531.1976,292464.292,21866.22705,0.074765459,615.9041916,0.009257374,0.817326685
7,2024,South Cumminsville,31,31,23,0,191.72,372.46,902.8170988,323.3861247,392.4540995,357.9201121,0,4.395897,0.745995423,0.335307065,2.78,1,83961.99019,369088.2608,74878.29348,0.202873679,1646.432516,0.01960926,0.557790004
7,2024,South Fairmount,31,31,23,0,191.72,372.46,2319,960,667,259,102,4.395897,0.2375,0.706564387,2.27,1,215667,948049.9183,70767.4,0.074645226,1660.6,0.007699834,0.788909446
7,2024,Spring Grove Village,31,31,23,0,191.72,372.46,1996,881,469,296,133,4.395897,0.238365494,0.769126803,2.25,1,185628,816001.5683,65180.5,0.07987791,1973.4,0.010630939,0.859635653
7,2024,Villages at Roll Hill,31,31,23,0,191.72,372.46,2196,895,1128,574,206,4.395897,0.612290503,0.413092065,2.45,1,204228,897765.2525,170090.0667,0.189459401,3588,0.0175686,0.620120065
7,2024,Walnut Hills,31,31,23,0,191.72,372.46,6176,3528,737,354,201,4.395897,0.306405896,0.805375246,1.741359925,0.69,574368,2524862.568,335524.3833,0.132888177,1761.57,0.003066971,0.941330394
7,2024,West End,31,31,23,0,191.72,372.46,6929.284974,3429.00148,2061.355292,1159.994078,178,4.395897,0.452993482,0.706312849,2.046430172,1,644423.5026,2832819.342,482123.1874,0.170191999,6154.772761,0.00955082,0.886055668
7,2024,West Price Hill,31,31,23,0,191.72,372.46,18669.39287,7441.500965,5187.970243,3128.862443,1039.131704,4.395897,0.184977762,0.814924436,2.495004634,1,1736253.537,7632391.714,427246.4434,0.055978055,19172.77308,0.011042611,0.881945102
7,2024,Westwood,31,31,23,0,191.72,372.46,34095.91165,15214.73429,9589.600833,5082.343116,1146.751113,4.395897,0.210256413,0.824646515,2.250008974,1,3170919.783,13939036.76,992914.8732,0.071232675,28653.83345,0.009036442,0.904915632
7,2024,Winton Hills,31,31,23,0,191.72,372.46,4681,2540,1351,691,121,4.395897,0.546850394,0.679619002,1.84,1,435333,1913679.029,431122.45,0.225284619,3735.2,0.008580098,0.913483719
7,2025,Avondale,31,31,23,0,183.3876,359.1996,12501,5950,3040,1641,623,4.510190322,0.398991597,0.683326044,1.963373111,1,1162593,5243515.697,710616.542,0.135522917,10414.4,0.008957907,0.827806868
7,2025,Bond Hill,31,31,23,0,183.3876,359.1996,6399,3191,1417,905,151,4.510190322,0.162331558,0.845204216,1.980091999,1,595107,2684045.832,155054.494,0.057768944,4857.6,0.008162566,0.911135726
7,2025,California,31,31,23,0,183.3876,359.1996,928.7965861,340.1422475,242.2645804,132.5860597,50.6742532,4.510190322,0.02755102,0.975963749,2.72,0.13,86378.0825,389581.5917,2805.129166,0.007200364,109.5896671,0.001268721,0.984432833
7,2025,Camp Washington,31,31,23,0,183.3876,359.1996,1143,548,90,45,12,4.510190322,0.313868613,0.872120275,1.55,1,106299,479428.721,51485.276,0.107388802,262.2,0.002466627,0.981975704
7,2025,Carthage,31,31,23,0,183.3876,359.1996,3183,979,1107,542,137,4.510190322,0.269662921,0.728993529,3.25,1,296019,1335102.029,79023.912,0.059189418,3123.4,0.01055135,0.798734297
7,2025,Clifton,31,31,23,0,183.3876,359.1996,8028,4079,1068,501,166,4.510190322,0.076244177,0.88110128,1.945491113,0.4,746604,3367326.135,93092.563,0.027645841,1227.28,0.001643817,0.910390938
7,2025,College Hill,31,31,23,0,183.3876,359.1996,15930,7147,3555,1788,776,4.510190322,0.226108857,0.800750723,2.172954947,1,1481490,6681801.86,483722.128,0.072393965,11794.4,0.007961174,0.881105861
7,2025,Columbia Tusculum,31,31,23,0,183.3876,359.1996,1621.18273,765.9392659,265.8357539,148.7018748,29.49115395,4.510190322,0.043383948,0.957522593,2.11,0.13,150769.9939,680001.3675,9946.676715,0.014627436,106.5594312,7.07E-04,0.972856797
7,2025,Corryville,31,31,23,0,183.3876,359.1996,4277,1968,256,101,1,4.510190322,0.018800813,0.664814763,2.086822289,1,397761,1793977.813,11075.321,0.006173611,469.2,0.001179603,0.672167977
7,2025,CUF,31,31,23,0,183.3876,359.1996,18282,6192,456,180,92,4.510190322,0.066860465,0.776454838,2.153319783,1,1700226,7668342.85,123923.862,0.016160449,1251.2,7.36E-04,0.793351189
7,2025,Downtown,31,31,23,0,183.3876,359.1996,6070.715026,3633.99852,282.6447076,85.00592154,0,4.510190322,0.063479574,0.916223742,1.484669432,1,564576.4974,2546347.455,69051.53672,0.027117877,391.0272391,6.93E-04,0.944034222
7,2025,East End,31,31,23,0,183.3876,359.1996,1323,707,71,36,24,4.510190322,0.099009901,0.947099586,1.86,1,123039,554929.307,20953.31,0.037758521,276,0.002243191,0.987101299
7,2025,East Price Hill,31,31,23,0,183.3876,359.1996,16286,6321,5352,2708,815,4.510190322,0.332384116,0.712789168,2.593354997,1,1514598,6831125.241,628898.633,0.092063695,16205.8,0.010699737,0.8155526
7,2025,East Walnut Hills,31,31,23,0,183.3876,359.1996,3934.501285,2474.03856,308.3309769,169.5122108,25.28534704,4.510190322,0.021840688,0.930047984,1.586430218,1,365908.6195,1650317.515,16174.37016,0.009800763,896.0687661,0.002448887,0.942297634
7,2025,East Westwood,31,31,23,0,183.3876,359.1996,2601.088353,1064.265709,734.3991673,467.6568839,122.2488875,4.510190322,0.419072549,0.693822931,2.409468638,1,241901.2169,1091020.527,133503.8779,0.122366055,2713.566548,0.011217664,0.82740665
7,2025,English Woods,31,31,23,0,183.3876,359.1996,496.1727924,239.8281623,148.874463,74.66348449,22.85155131,4.510190322,0.324528302,0.680023897,2.04,1,46144.06969,208118.5365,23297.39458,0.11194291,448.5691647,0.009721058,0.801687865
7,2025,Evanston,31,31,23,0,183.3876,359.1996,8404.596004,3388.064636,1664.030385,884.24248,395.266425,4.510190322,0.120803737,0.8273407,2.18067287,0.36,781627.4284,3525288.463,122514.2637,0.034752976,2118.866747,0.00271084,0.864804515
7,2025,Hartwell,31,31,23,0,183.3876,359.1996,5439,2426,1243,558,243,4.510190322,0.23577906,0.836564704,2.1,1,505827,2281376.04,171218.476,0.075050528,3684.6,0.007284309,0.91889954
7,2025,Hyde Park,31,31,23,0,183.3876,359.1996,13303,6483,2448,1036,436,4.510190322,0.016813204,0.936164064,2.031959221,0.65,1237179,5579912.752,32627.297,0.005847277,4401.28,0.003557513,0.945568854
7,2025,Kennedy Heights,31,31,23,0,183.3876,359.1996,4649,2401,684,380,165,4.510190322,0.101624323,0.867217647,1.93,1,432357,1950012.357,73037.252,0.037454764,2507,0.005798449,0.91047086
7,2025,Linwood,31,31,23,0,183.3876,359.1996,708.0435701,334.5202007,116.1024558,64.9448112,12.88011619,4.510190322,0.043383948,0.957522593,2.11,1,65848.05202,296987.2469,4344.162049,0.014627436,357.994666,0.005436678,0.977586707
7,2025,Lower Price Hill,31,31,23,0,183.3876,359.1996,943.6703187,306.2191235,283.4800797,132.6444223,68.21713147,4.510190322,0.571782178,0.501564864,2.42,1,87761.33964,395820.3447,52410.40578,0.13240958,923.9631474,0.010528134,0.644502579
7,2025,Madisonville,31,31,23,0,183.3876,359.1996,10748.04938,5684.800786,1490.818182,744.3058361,233.9118967,4.510190322,0.106730738,0.884097488,1.899867134,1,999568.5926,4508244.592,181618.1981,0.040285791,4499.801571,0.004501744,0.928885023
7,2025,Millvale,31,31,23,0,183.3876,359.1996,2757.182901,987.6138753,1198.5459,1093.079888,0,4.510190322,0.745995423,0.330463302,2.78,1,256418.0098,1156494.026,220535.2134,0.190692912,5028.167484,0.01960926,0.540765475
7,2025,Mt. Adams,31,31,23,0,183.3876,359.1996,1631,1016,90,58,15,4.510190322,0,0.949892152,1.61,0.13,151683,684119.1986,0,0,43.654,2.88E-04,0.950179949
7,2025,Mt. Airy,31,31,23,0,183.3876,359.1996,9099.048036,4234.088213,2055.363973,1319.365456,150.7451446,4.510190322,0.287523462,0.797999977,2.132741899,1,846211.4673,3816574.77,364407.9054,0.095480353,6762.508762,0.007991512,0.901471841
7,2025,Mt. Auburn,31,31,23,0,183.3876,359.1996,5046,2650,705,474,109,4.510190322,0.103018868,0.81645244,1.783449688,1,469278,2116533.094,81717.909,0.038609323,2681.8,0.005714736,0.860776499
7,2025,Mt. Lookout,31,31,23,0,183.3876,359.1996,5096.773699,2144.540533,1239.06179,682.353314,134.6287299,4.510190322,0.015041788,0.964436361,2.387742194,0.13,473999.9541,2137830.005,9655.801236,0.004516637,488.5552622,0.001030707,0.969983705
7,2025,Mt. Washington,31,31,23,0,183.3876,359.1996,11879.67519,5553.087735,2598.366801,1379.398705,642.950248,4.510190322,0.115661466,0.902949553,2.117269253,0.45,1104809.793,4982902.436,192255.0802,0.038582951,4186.262333,0.003789125,0.945321629
7,2025,North Avondale - Paddock Hills,31,31,23,0,183.3876,359.1996,4878.90271,1839.896803,824.6386379,457.2453092,82.44822794,4.510190322,0.066674624,0.916421748,2.27,1,453737.9521,2046444.52,36720.50416,0.017943562,2482.590271,0.005471419,0.939836728
7,2025,North Fairmount,31,31,23,0,183.3876,359.1996,1696.827208,820.1718377,509.125537,255.3365155,78.14844869,4.510190322,0.324528302,0.680023897,2.04,1,157804.9303,711730.2694,79673.15742,0.11194291,1534.030835,0.009721058,0.801687865
7,2025,Northside,31,31,23,0,183.3876,359.1996,8550,4378,1275,664,146,4.510190322,0.100502513,0.873118951,1.942498411,1,795150,3586277.835,131706.52,0.03672513,3726,0.004685908,0.914529989
7,2025,Oakley,31,31,23,0,183.3876,359.1996,11411.95062,6598.199214,1267.181818,540.6941639,72.08810325,4.510190322,0.015043046,0.951589023,1.708519196,1,1061311.407,4786716.438,29710.89995,0.006206948,2818.798429,0.002655958,0.960451929
7,2025,Over-the-Rhine,31,31,23,0,183.3876,359.1996,6291,3343,715,315,73,4.510190322,0.169608136,0.865806618,1.784465385,0.65,585063,2638745.48,169721.811,0.064319129,1160.12,0.001982898,0.932108645
7,2025,Pendleton,31,31,23,0,183.3876,359.1996,1146,596,210,132,31,4.510190322,0.08557047,0.941729513,1.92,1,106578,480687.0641,15265.983,0.031758672,749.8,0.007035223,0.980523409
7,2025,Pleasant Ridge,31,31,23,0,183.3876,359.1996,7268.072573,3683.009425,1571.93968,901.1055608,227.2544769,4.510190322,0.117650837,0.892514094,1.953138402,1,675930.7493,3048576.324,129703.7255,0.042545671,5190.456173,0.007678976,0.942738741
7,2025,Queensgate,31,31,23,0,183.3876,359.1996,301.3296813,97.78087649,90.51992032,42.35557769,21.78286853,4.510190322,0.571782178,0.501564864,2.42,1,28023.66036,126392.0417,16735.51722,0.13240958,295.0368526,0.010528134,0.644502579
7,2025,Riverside,31,31,23,0,183.3876,359.1996,2268.610778,840.8323353,659.8922156,318.1556886,109.9520958,4.510190322,0.34436223,0.804213119,2.771670429,1,210980.8024,951563.5731,86672.13901,0.091083919,1969.295808,0.009334005,0.904631043
7,2025,Roselawn,31,31,23,0,183.3876,359.1996,7375,3604,1483,1030,148,4.510190322,0.249167592,0.709520885,1.98616494,1,685875,3093426.787,268801.034,0.086894261,5418.8,0.007900565,0.804315711
7,2025,Sayler Park,31,31,23,0,183.3876,359.1996,2713,1183,739,439,160,4.510190322,0.22569738,0.859207145,2.297347551,1,252309,1137961.61,79921.911,0.07023252,2755.4,0.010920736,0.940360401
7,2025,Sedamsville,31,31,23,0,183.3876,359.1996,715.3892216,196.1676647,256.1077844,77.84431138,56.04790419,4.510190322,0.359126984,0.73035819,3.5,1,66531.1976,300068.3635,21087.74099,0.070276455,615.9041916,0.009257374,0.809892019
7,2025,South Cumminsville,31,31,23,0,183.3876,359.1996,902.8170988,323.3861247,392.4540995,357.9201121,0,4.510190322,0.745995423,0.330463302,2.78,1,83961.99019,378684.5556,72212.46058,0.190692912,1646.432516,0.01960926,0.540765475
7,2025,South Fairmount,31,31,23,0,183.3876,359.1996,2319,960,667,259,102,4.510190322,0.2375,0.700960253,2.27,1,215667,972699.2162,68247.924,0.070163441,1660.6,0.007699834,0.778823528
7,2025,Spring Grove Village,31,31,23,0,183.3876,359.1996,1996,881,469,296,133,4.510190322,0.238365494,0.766607052,2.25,1,185628,837217.6091,62859.93,0.075081949,1973.4,0.010630939,0.85231994
7,2025,Villages at Roll Hill,31,31,23,0,183.3876,359.1996,2196,895,1128,574,206,4.510190322,0.612290503,0.404011237,2.45,1,204228,921107.1491,164034.484,0.178084042,3588,0.0175686,0.599663878
7,2025,Walnut Hills,31,31,23,0,183.3876,359.1996,6176,3528,737,354,201,4.510190322,0.306405896,0.802111614,1.741359925,0.69,574368,2590508.995,323578.973,0.124909419,1761.57,0.003066971,0.930088004
7,2025,West End,31,31,23,0,183.3876,359.1996,6929.284974,3429.00148,2061.355292,1159.994078,178,4.510190322,0.452993482,0.699636422,2.046430172,1,644423.5026,2906472.645,464958.5353,0.159973477,6154.772761,0.00955082,0.869160719
7,2025,West Price Hill,31,31,23,0,183.3876,359.1996,18669.39287,7441.500965,5187.970243,3128.862443,1039.131704,4.510190322,0.184977762,0.81171887,2.495004634,1,1736253.537,7830833.898,412035.5248,0.052617069,19172.77308,0.011042611,0.87537855
7,2025,Westwood,31,31,23,0,183.3876,359.1996,34095.91165,15214.73429,9589.600833,5082.343116,1146.751113,4.510190322,0.210256413,0.819990704,2.250008974,1,3170919.783,14301451.72,957564.9071,0.066955784,28653.83345,0.009036442,0.89598293
7,2025,Winton Hills,31,31,23,0,183.3876,359.1996,4681,2540,1351,691,121,4.510190322,0.546850394,0.672854039,1.84,1,435333,1963434.683,415773.537,0.211758273,3735.2,0.008580098,0.89319241
8,2019,Avondale,31,19,10,12,124.14,248.19,12570,5516,3724,1951,395,3.17,0.385605511,0.661131539,2.148326173,1,1169010,3705761.7,439916.775,0.118711566,41289.6,0.035320143,0.815163248
8,2019,Bond Hill,31,19,10,12,124.14,248.19,7174,3182,1642,974,210,3.17,0.166561911,0.861170719,2.209983273,1,667182,2114966.94,109617.25,0.051829297,20838.4,0.031233457,0.944233472
8,2019,California,31,19,10,12,124.14,248.19,976,373,197,71,77,3.17,0,0.995655354,2.62,0.13,90768,287734.56,0,0,338.624,0.003730654,0.999386008
8,2019,Camp Washington,31,19,10,12,124.14,248.19,1396,446,230,90,47,3.17,0.311659193,0.850194744,2.36,1,129828,411554.76,28748.675,0.069853827,2411.2,0.018572265,0.938620836
8,2019,Carthage,31,19,10,12,124.14,248.19,2940,1039,1017,569,245,3.17,0.26852743,0.798250225,2.82,1,273420,866741.4,57704.175,0.066575999,14326.4,0.052397045,0.917223269
8,2019,Clifton,31,19,10,12,124.14,248.19,8552,4156,1437,824,202,3.17,0.063282002,0.867285366,2.05898971,0.4,795336,2521215.12,54394.975,0.021574904,7223.04,0.009081747,0.897942017
8,2019,College Hill,31,19,10,12,124.14,248.19,16403,7201,3858,2424,568,3.17,0.147896126,0.848234995,2.259642139,1,1525479,4835768.43,220268.625,0.04554987,52659.2,0.03451978,0.928304645
8,2019,Columbia Tusculum,31,19,10,12,124.14,248.19,1573,741.3396774,288.7216129,145.6293548,42.11580645,3.17,0,0.985060788,2.12,0.13,146289,463736.13,0,0,429.560929,0.002936386,0.987997174
8,2019,Corryville,31,19,10,12,124.14,248.19,3984,1863,206,56,28,3.17,0.088030059,0.707081154,2.07188253,1,370512,1174523.04,33919.3,0.028879212,1478.4,0.003990154,0.739950521
8,2019,CUF,31,19,10,12,124.14,248.19,16974,5547,607,271,122,3.17,0.07066883,0.757190222,2.238798162,1,1578582,5004104.94,81075.4,0.016201779,6916.8,0.004381654,0.777773655
8,2019,Downtown,31,19,10,12,124.14,248.19,3857,2785.980015,161.0910437,42.35603257,9.401184308,3.17,0.105997329,0.894340912,1.355066114,1,358701,1137082.17,61076.75439,0.05371358,910.927017,0.002539516,0.950594009
8,2019,East End,31,19,10,12,124.14,248.19,1601,747,314,157,70,3.17,0.096385542,0.906127111,2.13,1,148893,471990.81,14891.4,0.031550191,3995.2,0.026832692,0.964509994
8,2019,East Price Hill,31,19,10,12,124.14,248.19,13848,5640,3857,2225,513,3.17,0.322695035,0.787443661,2.411106297,1,1287864,4082528.88,376421.5,0.092203022,48188.8,0.037417616,0.917064298
8,2019,East Walnut Hills,31,19,10,12,124.14,248.19,3905,2374.665167,354.968509,161.9228792,64.96015424,3.17,0.054825481,0.939804694,1.627011524,1,363165,1151233.05,26926.99336,0.023389698,3993.141388,0.010995392,0.974189784
8,2019,East Westwood,31,19,10,12,124.14,248.19,2503,1090.543121,808.9919768,456.4381182,169.6380157,3.17,0.33312742,0.744960522,2.271434279,1,232779,737909.43,75137.41621,0.101824713,11018.93996,0.047336486,0.894121722
8,2019,English Woods,31,19,10,12,124.14,248.19,474,204.5326969,158.8295943,87.10739857,25.11408115,3.17,0.369469027,0.633179512,2.26,1,44082,139739.94,15629.45427,0.111846722,1975.098043,0.044805091,0.789831326
8,2019,Evanston,31,19,10,12,124.14,248.19,8382,3597.707265,1822.861401,1000.732867,406.494777,3.17,0.188057913,0.833913829,2.158989501,0.36,779526,2471097.42,139933.1041,0.056627919,8916.194352,0.011437969,0.901979717
8,2019,Hartwell,31,19,10,12,124.14,248.19,5397,2651,829,241,190,3.17,0.105620521,0.916339072,1.98,1,501921,1591089.57,57911,0.036397071,7585.6,0.015113135,0.967849278
8,2019,Hyde Park,31,19,10,12,124.14,248.19,13291,6703,2567,1591,218,3.17,0.016261376,0.954528694,1.971784666,0.65,1236063,3918319.71,22543.925,0.005753467,20694.96,0.016742642,0.977024803
8,2019,Kennedy Heights,31,19,10,12,124.14,248.19,5057,2619,865,427,34,3.17,0.107674685,0.909102727,1.92,1,470301,1490854.17,58324.65,0.039121633,8113.6,0.01725193,0.96547629
8,2019,Linwood,31,19,10,12,124.14,248.19,687,268,202,127,39,3.17,0.28358209,0.750871946,2.56,1,63891,202534.47,15718.7,0.077609999,2921.6,0.04572788,0.874209825
8,2019,Lower Price Hill,31,19,10,12,124.14,248.19,761,249.3715139,284.9960159,83.37649402,51.54183267,3.17,0.531914894,0.52970774,2.29,1,70773,224350.41,27434.18264,0.122282739,2374.56255,0.033551814,0.685542294
8,2019,Madisonville,31,19,10,12,124.14,248.19,10838,5173,2288,1160,273,3.17,0.108061086,0.874742712,2.131092452,1,1007934,3195150.78,115615.175,0.036184576,25220.8,0.025022273,0.935949561
8,2019,Millvale,31,19,10,12,124.14,248.19,2150,863.3146461,890.4344779,502.4702172,66.29292221,3.17,0.530541012,0.571131307,2.48,1,199950,633841.5,94730.77786,0.149454994,10010.23125,0.050063672,0.770649973
8,2019,Mt. Adams,31,19,10,12,124.14,248.19,1629,1030,92,46,26,3.17,0,0.971985466,1.58,0.13,151497,480245.49,0,0,164.736,0.001087388,0.973072854
8,2019,Mt. Airy,31,19,10,12,124.14,248.19,8950,3913.515048,2508.398814,1501.777465,430.7405486,3.17,0.277678133,0.769444247,2.274527374,1,832350,2638549.5,224756.2216,0.085181734,34012.31703,0.040862999,0.89548898
8,2019,Mt. Auburn,31,19,10,12,124.14,248.19,4641,2132,961,570,133,3.17,0.166041276,0.844227446,2.01,1,431613,1368213.21,73216.05,0.053512164,12372.8,0.028666421,0.926406032
8,2019,Mt. Lookout,31,19,10,12,124.14,248.19,4996,2118.660323,1233.278387,701.3706452,159.8841935,3.17,0,0.972236101,2.369967974,0.13,464628,1472870.76,0,0,1970.551071,0.004241137,0.976477238
8,2019,Mt. Washington,31,19,10,12,124.14,248.19,12297,5492.241856,3154.57833,1700.554633,391.2559107,3.17,0.160947887,0.892556094,2.225589981,0.45,1143621,3625278.57,182826.0039,0.050430884,16567.13951,0.014486565,0.957473543
8,2019,North Avondale - Paddock Hills,31,19,10,12,124.14,248.19,4236,1513.627567,606.17009,288.3442539,103.5450687,3.17,0.20760095,0.852837131,2,1,393948,1248815.16,64990.72753,0.052041911,6897.252079,0.017508027,0.922387068
8,2019,North Fairmount,31,19,10,12,124.14,248.19,1621,699.4673031,543.1704057,297.8926014,85.88591885,3.17,0.369469027,0.633179512,2.26,1,150753,477887.01,53450.09573,0.111846722,6754.501957,0.044805091,0.789831326
8,2019,Northside,31,19,10,12,124.14,248.19,7865,3918,1410,678,239,3.17,0.164369576,0.88677349,2.006624285,1,731445,2318680.65,133195.3,0.057444435,16139.2,0.022064817,0.966282742
8,2019,Oakley,31,19,10,12,124.14,248.19,12034,6473,1256,478,247,3.17,0.052216901,0.941124033,1.834845438,1,1119162,3547743.54,69906.85,0.019704595,12760,0.011401388,0.972230016
8,2019,Over-the-Rhine,31,19,10,12,124.14,248.19,5200,2498,1076,598,132,3.17,0.325060048,0.812888983,1.860265385,0.65,483600,1533012,167941.9,0.109550284,8351.2,0.017268817,0.939708085
8,2019,Pendleton,31,19,10,12,124.14,248.19,1083,571,238,111,49,3.17,0.218914186,0.824800105,1.9,1,100719,319279.23,25853.125,0.080973401,2816,0.027958975,0.933732481
8,2019,Pleasant Ridge,31,19,10,12,124.14,248.19,7182,3534.503299,1409.428841,690.7728558,255.6503299,3.17,0.085550603,0.945230719,2.006922863,1,667926,2117325.42,62539.51348,0.029537034,16657.04807,0.024938463,0.999706216
8,2019,Queensgate,31,19,10,12,124.14,248.19,243,79.62848606,91.00398406,26.62350598,16.45816733,3.17,0.531914894,0.52970774,2.29,1,22599,71638.83,8760.192356,0.122282739,758.2374502,0.033551814,0.685542294
8,2019,Riverside,31,19,10,12,124.14,248.19,1772,929.6467066,299.6766467,135.7784431,49.7005988,3.17,0.179142163,0.85078079,1.920112867,1,164796,522403.32,34444.41257,0.065934521,3264.431138,0.019808922,0.936524233
8,2019,Roselawn,31,19,10,12,124.14,248.19,7627,3442,2060,1154,384,3.17,0.29110982,0.733542471,2.123861282,1,709311,2248515.87,207238.65,0.092166861,27068.8,0.038162104,0.863871436
8,2019,Sayler Park,31,19,10,12,124.14,248.19,3001,1169,690,395,136,3.17,0.127459367,0.870307156,2.56,1,279093,884724.81,30816.925,0.034832215,9345.6,0.033485612,0.938624984
8,2019,Sedamsville,31,19,10,12,124.14,248.19,520,218.3532934,118.3233533,64.22155689,25.2994012,3.17,0.386809269,0.783156815,2.26,1,48360,153301.2,17468.66243,0.113949939,1575.568862,0.032580001,0.929686756
8,2019,South Cumminsville,31,19,10,12,124.14,248.19,704,282.6853539,291.5655221,164.5297828,21.70707779,3.17,0.530541012,0.571131307,2.48,1,65472,207546.24,31018.82214,0.149454994,3277.768746,0.050063672,0.770649973
8,2019,South Fairmount,31,19,10,12,124.14,248.19,1981,855,453,211,131,3.17,0.392982456,0.704799795,2.09,1,184233,584018.61,69493.2,0.118991414,6019.2,0.032671671,0.856462879
8,2019,Spring Grove Village,31,19,10,12,124.14,248.19,2171,862,599,373,70,3.17,0.212296984,0.889740215,2.51,1,201903,640032.51,37848.975,0.05913602,7796.8,0.038616563,0.987492798
8,2019,Villages at Roll Hill,31,19,10,12,124.14,248.19,2348,847,1244,487,48,3.17,0.710743802,0.410982508,2.77,1,218364,692213.88,124508.65,0.179870201,9416,0.043120661,0.633973371
8,2019,Walnut Hills,31,19,10,12,124.14,248.19,6368,3492,1070,513,163,3.17,0.452176403,0.7327332,1.799605842,0.69,592224,1877350.08,326576.675,0.173956194,8209.344,0.01386189,0.920551284
8,2019,West End,31,19,10,12,124.14,248.19,6695,3532.019985,1595.908956,1087.643967,210.5988157,3.17,0.363444591,0.744639173,1.909876027,1,622635,1973752.95,265499.9206,0.134515275,22849.07298,0.03669738,0.915851827
8,2019,West Price Hill,31,19,10,12,124.14,248.19,18343,7664.524854,5121.964782,2655.326325,847.0986757,3.17,0.237111692,0.852876947,2.387708663,1,1705899,5407699.83,375873.0945,0.069507019,61642.68002,0.036135012,0.958518978
8,2019,Westwood,31,19,10,12,124.14,248.19,32316,14259.45688,8629.008023,4229.561882,1379.361984,3.17,0.223270087,0.84579064,2.254729236,1,3005388,9527079.96,658470.8588,0.069115706,98717.06004,0.032846694,0.94775304
8,2019,Winton Hills,31,19,10,12,124.14,248.19,6008,2268,3018,1748,402,3.17,0.547619048,0.548176713,2.65,1,558744,1771218.48,256876.65,0.145028212,37840,0.067723322,0.760928247
8,2020,Avondale,31,23,13,8,193.83,386.13,12719,5968,3390,1896,515,3.33,0.358746649,0.698973421,1.999154336,1,1182867,3938947.11,688920.275,0.1748996,31343,0.026497485,0.900370505
8,2020,Bond Hill,31,23,13,8,193.83,386.13,7276,3243,1799,1169,149,3.33,0.134443417,0.864866589,2.200033454,1,676668,2253304.44,140293.9,0.062261405,17134,0.025321132,0.952449127
8,2020,California,31,23,13,8,193.83,386.13,930.8790896,329.3826458,241.5704125,113.1493599,52.40967283,3.33,0,0.971241403,2.8,0.13,86571.75533,288283.9453,0,0,279.7947653,0.003231941,0.974473344
8,2020,Camp Washington,31,23,13,8,193.83,386.13,1128,412,112,33,24,3.33,0.191747573,0.893005193,1.9,1,104904,349330.32,25420.225,0.072768447,741,0.007063601,0.972837241
8,2020,Carthage,31,23,13,8,193.83,386.13,3021,1040,911,537,286,3.33,0.225961538,0.806840928,2.9,1,280953,935573.49,75617.125,0.080824356,10699,0.038081103,0.925746387
8,2020,Clifton,31,23,13,8,193.83,386.13,8476,4118,1379,751,212,3.33,0.050995629,0.875841693,2.075568288,0.4,788268,2624932.44,67572.75,0.025742663,5007.6,0.006352662,0.907937018
8,2020,College Hill,31,23,13,8,193.83,386.13,16199,7263,3660,2115,618,3.33,0.144292992,0.842489456,2.210749863,1,1506507,5016668.31,337220.2,0.067219951,35529,0.023583694,0.933293101
8,2020,Columbia Tusculum,31,23,13,8,193.83,386.13,1533.955374,712.7721151,250.8824927,120.0414576,40.70609982,3.33,0.027389277,0.962334613,2.15,0.13,142657.8497,475050.6397,6281.792322,0.013223416,271.6633721,0.0019043,0.977462329
8,2020,Corryville,31,23,13,8,193.83,386.13,4310,1868,192,75,9,3.33,0.051391863,0.705229009,2.254939759,1,400830,1334763.9,30890.4,0.023142969,1092,0.002724347,0.731096325
8,2020,CUF,31,23,13,8,193.83,386.13,16792,5439,516,180,190,3.33,0.05846663,0.775875336,2.201993048,1,1561656,5200314.48,102324.45,0.019676589,4810,0.003080064,0.798631989
8,2020,Downtown,31,23,13,8,193.83,386.13,3914.909697,2723.126573,201.8201332,37.58771281,0,3.33,0.115489662,0.908709516,1.400396681,1,364086.6018,1212408.384,101195.9748,0.083466905,488.6402665,0.001342099,0.993518519
8,2020,East End,31,23,13,8,193.83,386.13,1462,703,201,94,47,3.33,0.086770982,0.935705267,2.06,1,135966,452766.78,19628.275,0.043351844,1833,0.013481312,0.992538423
8,2020,East Price Hill,31,23,13,8,193.83,386.13,14788,6063,4110,2240,563,3.33,0.309252845,0.802082883,2.421629116,1,1375284,4579695.72,603328.125,0.131739784,36439,0.026495618,0.960318285
8,2020,East Walnut Hills,31,23,13,8,193.83,386.13,3730.882391,2345.219794,238.0109254,95.55205656,27.90938303,3.33,0.042030472,0.949114357,1.57315749,1,346972.0623,1155416.968,31717.58509,0.027451202,1604.998715,0.004625729,0.981191288
8,2020,East Westwood,31,23,13,8,193.83,386.13,2594.407483,1110.703775,825.609913,480.56864,143.2812563,3.33,0.331502393,0.719523199,2.316640032,1,241279.8959,803462.0533,118477.8636,0.14745919,8110.048653,0.033612617,0.900595006
8,2020,English Woods,31,23,13,8,193.83,386.13,452.0534606,217.202864,136.4305489,76.47350835,21.49403341,3.33,0.252083333,0.721772965,2.03,1,42040.97184,139996.4362,17618.218,0.125847618,1273.578043,0.030293735,0.877914318
8,2020,Evanston,31,23,13,8,193.83,386.13,8305.282307,3343.437259,1505.62945,782.1793541,288.1667115,3.33,0.14225908,0.880456912,2.1611644,0.36,772391.2545,2572062.878,153047.2299,0.059503689,5009.219587,0.00648534,0.946445941
8,2020,Hartwell,31,23,13,8,193.83,386.13,5213,2384,1046,412,203,3.33,0.117449664,0.913793044,2.12,1,484809,1614413.97,90097,0.055807867,7995,0.01649103,0.986091941
8,2020,Hyde Park,31,23,13,8,193.83,386.13,13423,6632,2497,1401,325,3.33,0.012665862,0.953415044,2.009787826,0.65,1248339,4156968.87,27029.1,0.006502117,14584.7,0.011683285,0.971600446
8,2020,Kennedy Heights,31,23,13,8,193.83,386.13,5020,2564,821,456,28,3.33,0.097113885,0.910703138,1.95,1,466860,1554643.8,80121.975,0.051537191,6292,0.013477274,0.975717603
8,2020,Linwood,31,23,13,8,193.83,386.13,669.9474518,311.2997095,109.5716926,52.42751518,17.77818854,3.33,0.027389277,0.962334613,2.15,1,62305.11302,207476.0264,2743.541847,0.013223416,912.6741484,0.014648463,0.990206492
8,2020,Lower Price Hill,31,23,13,8,193.83,386.13,858.0199203,279.690239,281.9641434,89.44023904,42.44621514,3.33,0.482384824,0.59529547,2.3,1,79795.85259,265720.1891,43413.34457,0.163379925,1714.523904,0.021486379,0.780161774
8,2020,Madisonville,31,23,13,8,193.83,386.13,10708.11111,5353.468575,1880.752525,960.5347924,350.6116723,3.33,0.083063405,0.887632225,2.036783539,1,995854.3333,3316194.93,143086.0475,0.043147659,17044.90404,0.017115861,0.947895745
8,2020,Millvale,31,23,13,8,193.83,386.13,2172.59986,849.0014015,897.9677645,539.3833217,57.25297828,3.33,0.573203194,0.545278332,2.55,1,202051.787,672832.4506,156591.9052,0.232735364,7756.271899,0.038387544,0.81640124
8,2020,Mt. Adams,31,23,13,8,193.83,386.13,1617,975,115,69,28,3.33,0,0.968495181,1.66,0.13,150381,500768.73,0,0,163.93,0.001090098,0.969585279
8,2020,Mt. Airy,31,23,13,8,193.83,386.13,8806.992291,3766.476649,2421.760119,1321.154633,452.6658265,3.33,0.231938543,0.771281074,2.33455419,1,819050.283,2727437.442,281099.7777,0.103063694,23059.66597,0.028154152,0.902498919
8,2020,Mt. Auburn,31,23,13,8,193.83,386.13,4632,2374,708,325,162,3.33,0.136478517,0.876137822,1.804115492,1,430776,1434484.08,104255.1,0.072677767,6331,0.014696733,0.963512323
8,2020,Mt. Lookout,31,23,13,8,193.83,386.13,4936.097175,2131.928175,1133.545815,635.5310272,151.5157116,3.33,0.00888933,0.969493974,2.316645316,0.13,459057.0372,1528659.934,6098.09083,0.003989174,1330.108989,0.002897481,0.976380629
8,2020,Mt. Washington,31,23,13,8,193.83,386.13,12196.83526,5429.929707,3033.712291,1576.369099,438.2196687,3.33,0.151879582,0.908039547,2.222381882,0.45,1134305.679,3777237.912,265366.3794,0.070254081,11785.34429,0.010389919,0.988683548
8,2020,North Avondale - Paddock Hills,31,23,13,8,193.83,386.13,4209.835302,1701.342946,614.3596247,356.2685893,47.92390549,3.33,0.193256155,0.872082623,2.078163362,1,391514.6831,1303743.895,105798.01,0.081149381,5254.502432,0.013420959,0.966652962
8,2020,North Fairmount,31,23,13,8,193.83,386.13,1545.946539,742.797136,466.5694511,261.5264916,73.50596659,3.33,0.252083333,0.721772965,2.03,1,143773.0282,478764.1838,60251.332,0.125847618,4355.421957,0.030293735,0.877914318
8,2020,Northside,31,23,13,8,193.83,386.13,7789,3910,1374,665,222,3.33,0.135805627,0.900782894,1.987628735,1,724377,2412175.41,170862.525,0.070833375,11531,0.015918507,0.987534775
8,2020,Oakley,31,23,13,8,193.83,386.13,11666.88889,6491.531425,1354.247475,449.4652076,337.3883277,3.33,0.035326436,0.95188309,1.773530829,1,1085020.667,3613118.82,73790.30251,0.020422883,10229.09596,0.009427559,0.981733532
8,2020,Over-the-Rhine,31,23,13,8,193.83,386.13,5407,2800,872,458,96,3.33,0.251071429,0.865757332,1.735303846,0.65,502851,1674493.83,226207.825,0.135090271,4681.3,0.009309517,1.01015712
8,2020,Pendleton,31,23,13,8,193.83,386.13,980,476,218,92,44,3.33,0.149159664,0.880294889,2.06,1,91140,303496.2,22846.025,0.075276148,1768,0.019398727,0.974969765
8,2020,Pleasant Ridge,31,23,13,8,193.83,386.13,7044.73327,3555.784166,1513.62394,880.9359095,225.2940622,3.33,0.11101451,0.916917317,1.939781398,1,655160.1942,2181683.447,127018.6341,0.058220469,14380.98963,0.021950341,0.997088127
8,2020,Queensgate,31,23,13,8,193.83,386.13,273.9800797,89.30976096,90.03585657,28.55976096,13.55378486,3.33,0.482384824,0.59529547,2.3,1,25480.14741,84848.89088,13862.60543,0.163379925,547.4760956,0.021486379,0.780161774
8,2020,Riverside,31,23,13,8,193.83,386.13,1794.736527,917.6646707,227.8023952,131.2814371,36.76047904,3.33,0.14330832,0.87063014,1.913544018,1,166910.497,555811.955,42316.30269,0.076134207,2184.54491,0.013088122,0.959852469
8,2020,Roselawn,31,23,13,8,193.83,386.13,8119,3692,1820,1000,359,3.33,0.263001083,0.731864272,2.113471876,1,755067,2514373.11,312443.525,0.124262992,17667,0.023397924,0.879525187
8,2020,Sayler Park,31,23,13,8,193.83,386.13,2993,1193,668,393,164,3.33,0.158424141,0.874458463,2.510073309,1,278349,926902.17,60815.475,0.065611536,7241,0.026014105,0.966084103
8,2020,Sedamsville,31,23,13,8,193.83,386.13,568.2634731,262.3353293,101.1976048,60.71856287,20.23952096,3.33,0.207715134,0.865068649,2.07,1,52848.50299,175985.515,17533.84731,0.099632332,1052.45509,0.019914568,0.984615549
8,2020,South Cumminsville,31,23,13,8,193.83,386.13,711.4001402,277.9985985,294.0322355,176.6166783,18.74702172,3.33,0.573203194,0.545278332,2.55,1,66160.21303,220313.5094,51274.74478,0.232735364,2539.728101,0.038387544,0.81640124
8,2020,South Fairmount,31,23,13,8,193.83,386.13,1843,853,423,199,54,3.33,0.296600234,0.745799126,1.94,1,171399,570758.67,81409.075,0.142633094,3289,0.019189143,0.907621363
8,2020,Spring Grove Village,31,23,13,8,193.83,386.13,2239,889,645,434,64,3.33,0.282339708,0.824591244,2.51,1,208227,693395.91,80765.525,0.116478225,6474,0.031091069,0.972160538
8,2020,Villages at Roll Hill,31,23,13,8,193.83,386.13,2382,844,1266,581,40,3.33,0.699052133,0.414767959,2.82,1,221526,737681.58,189847.25,0.257356636,8073,0.036442675,0.70856727
8,2020,Walnut Hills,31,23,13,8,193.83,386.13,6382,3777,808,386,125,3.33,0.36457506,0.800911924,1.688450063,0.69,593526,1976441.58,443084.175,0.224182784,4583.67,0.007722779,1.032817486
8,2020,West End,31,23,13,8,193.83,386.13,7714.090303,3427.873427,2694.179867,1503.412287,292,3.33,0.479453827,0.679860872,2.280349515,1,717410.3982,2388976.626,528839.4752,0.221366534,23340.35973,0.032534181,0.933761587
8,2020,West Price Hill,31,23,13,8,193.83,386.13,17977.5585,7434.568795,5158.830696,2798.855275,984.6436493,3.33,0.241029518,0.843703751,2.41101074,1,1671912.941,5567470.093,576604.8825,0.103566768,49185.48601,0.029418689,0.976689207
8,2020,Westwood,31,23,13,8,193.83,386.13,32214.59252,14285.29622,8935.390087,4066.43136,1436.718744,3.33,0.197181703,0.852091822,2.25775622,1,2995957.104,9976537.157,906375.5114,0.090850713,71540.95135,0.023879164,0.966821699
8,2020,Winton Hills,31,23,13,8,193.83,386.13,6204,2646,2954,1360,331,3.33,0.555933485,0.611866919,2.34,1,576972,1921316.76,473331.025,0.24635762,21983,0.038100636,0.896325175
8,2021,Avondale,31,22,13,9,224.44,442.4,13427,5961,3578,1817,782,3.67,0.336017447,0.678530718,2.129065235,1,1248711,4582769.37,738439.3333,0.161133863,37165.7,0.029763252,0.869427833
8,2021,Bond Hill,31,22,13,9,224.44,442.4,7640,3312,1924,1160,158,3.67,0.125,0.873251239,2.280066908,1,710520,2607608.4,152628,0.058531795,18847.4,0.026526206,0.958309241
8,2021,California,31,22,13,9,224.44,442.4,930.8790896,333.8947368,238.0995733,113.4964438,53.10384068,3.67,0,0.974532007,2.77,0.13,86571.75533,317718.3421,0,0,309.7099289,0.003577494,0.978109501
8,2021,Camp Washington,31,22,13,9,224.44,442.4,1190,461,124,39,34,3.67,0.21691974,0.894907014,1.87,1,110670,406158.9,36866.66667,0.090769073,1043.9,0.009432547,0.995108633
8,2021,Carthage,31,22,13,9,224.44,442.4,2889,1107,899,566,206,3.67,0.274616079,0.817363415,2.6,1,268677,986044.59,112074.6667,0.11366085,11039.6,0.041088742,0.972113008
8,2021,Clifton,31,22,13,9,224.44,442.4,8544,4182,1386,828,171,3.67,0.055475849,0.869871483,2.043306829,0.4,794592,2916152.64,85530.66667,0.029329969,5714.28,0.007191464,0.906392916
8,2021,College Hill,31,22,13,9,224.44,442.4,17085,7353,3947,2269,700,3.67,0.15871073,0.812452927,2.296748156,1,1588905,5831281.35,430234,0.073780354,42456.7,0.026720729,0.91295401
8,2021,Columbia Tusculum,31,22,13,9,224.44,442.4,1546.001056,742.6786374,243.4058622,126.2719831,30.32189068,3.67,0.035234899,0.96879115,2.08,0.13,143778.0982,527665.6205,9647.345656,0.018283067,291.1080114,0.002024703,0.98909892
8,2021,Corryville,31,22,13,9,224.44,442.4,4438,1936,161,85,5,3.67,0.048553719,0.710637046,2.253644578,1,412734,1514733.78,34654.66667,0.022878388,1287,0.003118231,0.736633665
8,2021,CUF,31,22,13,9,224.44,442.4,17351,5533,603,326,155,3.67,0.053677932,0.777781785,2.291218334,1,1613643,5922069.81,109494,0.018489144,6878.3,0.004262591,0.800533519
8,2021,Downtown,31,22,13,9,224.44,442.4,4608.323464,3019.737232,182.9837158,34.24870466,0,3.67,0.108420912,0.920791648,1.445595022,1,428574.0822,1572866.882,120702.4491,0.07674041,489.7564767,0.001142758,0.998674816
8,2021,East End,31,22,13,9,224.44,442.4,1497,707,222,117,41,3.67,0.111739745,0.96313056,2.09,1,139221,510941.07,29124.66667,0.057002007,2259.4,0.016228874,1.036361441
8,2021,East Price Hill,31,22,13,9,224.44,442.4,15139,6027,4271,2175,643,3.67,0.296996848,0.752217016,2.480657857,1,1407927,5167092.09,659913.3333,0.127714645,40297.4,0.028621796,0.908553458
8,2021,East Walnut Hills,31,22,13,9,224.44,442.4,3830.861183,2460.753213,256.2429306,125.5520566,25.67737789,3.67,0.026929441,0.946580765,1.542606914,1,356270.09,1307511.23,24430.32691,0.018684602,2162.580913,0.00607006,0.971335427
8,2021,East Westwood,31,22,13,9,224.44,442.4,2454.68656,1098.389607,811.9877463,519.3576096,102.613651,3.67,0.373575999,0.726996982,2.224302837,1,228285.8501,837809.0698,151275.7288,0.180561102,8894.189027,0.038960755,0.946518839
8,2021,English Woods,31,22,13,9,224.44,442.4,488.2539379,230.778043,135.073031,67.19713604,23.30405728,3.67,0.221568627,0.728074357,2.07,1,45407.61623,166645.9516,18851.0969,0.113120641,1294.167064,0.028501101,0.8696961
8,2021,Evanston,31,22,13,9,224.44,442.4,8672.297261,3470.777016,1628.718848,822.756491,335.9758535,3.67,0.14073521,0.866051248,2.181702458,0.36,806523.6453,2959941.778,180079.116,0.060838736,5965.15411,0.00739613,0.934286114
8,2021,Hartwell,31,22,13,9,224.44,442.4,5084,2421,960,407,270,3.67,0.090458488,0.922572537,2.03,1,472812,1735220.04,80738,0.046528969,9681.1,0.02047558,0.989577086
8,2021,Hyde Park,31,22,13,9,224.44,442.4,14090,6696,2678,1434,361,3.67,0.009109916,0.950683326,2.093173576,0.65,1310370,4809057.9,22488.66667,0.004676314,16684.525,0.012732682,0.968092322
8,2021,Kennedy Heights,31,22,13,9,224.44,442.4,5042,2478,890,418,40,3.67,0.086763519,0.863439283,2.02,1,468906,1720885.02,79263.33333,0.046059634,6549.4,0.013967405,0.923466321
8,2021,Linwood,31,22,13,9,224.44,442.4,675.2083443,324.3612358,106.3063111,55.14866649,13.24293636,3.67,0.035234899,0.96879115,2.08,1,62794.37602,230455.36,4213.430684,0.018283067,977.9999208,0.015574642,1.002648859
8,2021,Lower Price Hill,31,22,13,9,224.44,442.4,857.2619522,274.3844622,282.7221116,110.6633466,18.94920319,3.67,0.497237569,0.566005899,2.41,1,79725.36155,292592.0769,50298.76494,0.171907474,1853.459462,0.023248053,0.761161427
8,2021,Madisonville,31,22,13,9,224.44,442.4,10328.1431,5116.823232,1645.746914,776.157688,339.3602694,3.67,0.089933637,0.863930384,2.048913084,1,960517.3081,3525098.521,169651.0075,0.0481266,15951.90679,0.01660762,0.928664604
8,2021,Millvale,31,22,13,9,224.44,442.4,2390.311843,890.4344779,964.2606868,522.8100911,59.51296426,3.67,0.611675127,0.483970406,2.67,1,222299.0014,815837.3351,200796.7414,0.246123501,8327.219692,0.037459546,0.767553454
8,2021,Mt. Adams,31,22,13,9,224.44,442.4,1611,940,134,89,31,3.67,0,0.947803977,1.71,0.13,149823,549850.41,0,0,223.08,0.001488957,0.949292934
8,2021,Mt. Airy,31,22,13,9,224.44,442.4,8782.733284,3929.412157,2344.556412,1316.05278,373.766642,3.67,0.226574217,0.744310778,2.229856983,1,816794.1954,2997634.697,328225.2178,0.109494735,24164.41773,0.029584463,0.883389976
8,2021,Mt. Auburn,31,22,13,9,224.44,442.4,4811,2573,712,390,151,3.67,0.158958414,0.860787614,1.750066796,1,447423,1642042.41,150784.6667,0.091827511,7736.3,0.017290796,0.969905921
8,2021,Mt. Lookout,31,22,13,9,224.44,442.4,5051.790599,2169.960127,1191.287827,626.5793504,164.435173,3.67,0.011706647,0.969539695,2.336911529,0.13,469816.5257,1724226.649,9365.22366,0.00543155,1470.495999,0.003129937,0.978101182
8,2021,Mt. Washington,31,22,13,9,224.44,442.4,12483.0966,5465.23091,3053.730015,1620.465724,681.9047985,3.67,0.130170228,0.909940127,2.261685777,0.45,1160927.984,4260605.702,262273.2836,0.061557746,14815.75431,0.012761993,0.984259865
8,2021,North Avondale - Paddock Hills,31,22,13,9,224.44,442.4,4352.841557,1743.469771,617.038221,334.6914524,117.3467686,3.67,0.155593612,0.880778935,2.099291785,1,404814.2648,1485668.352,100009.2238,0.067315982,6464.14656,0.015968179,0.964063095
8,2021,North Fairmount,31,22,13,9,224.44,442.4,1669.746062,789.221957,461.926969,229.802864,79.69594272,3.67,0.221568627,0.728074357,2.07,1,155286.3838,569901.0284,64467.56977,0.113120641,4425.832936,0.028501101,0.8696961
8,2021,Northside,31,22,13,9,224.44,442.4,7965,4049,1390,654,270,3.67,0.097061003,0.896129559,1.963954228,1,740745,2718534.15,144886,0.053295634,13213.2,0.017837717,0.96726291
8,2021,Oakley,31,22,13,9,224.44,442.4,11310.8569,6355.176768,1271.253086,532.842312,163.6397306,3.67,0.033488522,0.946221026,1.75428702,1,1051909.692,3860508.569,78461.65918,0.020324177,9959.69321,0.009468202,0.976013404
8,2021,Over-the-Rhine,31,22,13,9,224.44,442.4,5712,2976,893,456,143,3.67,0.228158602,0.865310959,1.766196154,0.65,531216,1949562.72,250324.6667,0.128400417,5567.705,0.010481057,1.004192432
8,2021,Pendleton,31,22,13,9,224.44,442.4,1018,509,223,116,30,3.67,0.106090373,0.892919279,2,1,94674,347453.58,19908,0.057296863,2087.8,0.022052517,0.972268658
8,2021,Pleasant Ridge,31,22,13,9,224.44,442.4,7326.252592,3596.025448,1421.01131,749.3854854,189.8831291,3.67,0.111246761,0.906729328,2.000969089,1,681341.491,2500523.272,147483.6927,0.058981132,13431.54119,0.019713376,0.985423836
8,2021,Queensgate,31,22,13,9,224.44,442.4,273.7380478,87.61553785,90.27788845,35.33665339,6.050796813,3.67,0.497237569,0.566005899,2.41,1,25457.63845,93429.5331,16061.23506,0.171907474,591.8405378,0.023248053,0.761161427
8,2021,Riverside,31,22,13,9,224.44,442.4,1612.790419,737.7125749,260.4850299,139.6047904,32.31736527,3.67,0.210060228,0.823390031,2.149051919,1,149989.509,550461.498,57130.08782,0.103785802,2458.486826,0.016391059,0.943566892
8,2021,Roselawn,31,22,13,9,224.44,442.4,7056,3035,1647,887,249,3.67,0.228336079,0.749102912,2.200778812,1,656208,2408283.36,255486,0.106086354,16244.8,0.024755565,0.879944831
8,2021,Sayler Park,31,22,13,9,224.44,442.4,3122,1287,721,462,133,3.67,0.172494172,0.836237043,2.427624125,1,290346,1065569.82,81844,0.076807731,8508.5,0.029304692,0.942349466
8,2021,Sedamsville,31,22,13,9,224.44,442.4,570.2095808,206.2874251,147.5149701,72.39520958,18.68263473,3.67,0.203773585,0.785877964,2.64,1,53029.49102,194618.232,15497.24551,0.07962895,1302.413174,0.024560167,0.890067082
8,2021,South Cumminsville,31,22,13,9,224.44,442.4,782.688157,291.5655221,315.7393132,171.1899089,19.48703574,3.67,0.611675127,0.483970406,2.67,1,72789.9986,267139.2949,65749.25858,0.246123501,2726.680308,0.037459546,0.767553454
8,2021,South Fairmount,31,22,13,9,224.44,442.4,1948,879,467,238,64,3.67,0.360637088,0.72152678,2.02,1,181164,664871.88,116867.3333,0.175774216,4318.6,0.023838069,0.921139065
8,2021,Spring Grove Village,31,22,13,9,224.44,442.4,2167,885,569,353,63,3.67,0.246327684,0.829347783,2.44,1,201531,739618.77,80369.33333,0.108663188,5948.8,0.029518039,0.96752901
8,2021,Villages at Roll Hill,31,22,13,9,224.44,442.4,2556,861,1464,770,35,3.67,0.766550523,0.394923892,2.97,1,237708,872388.36,243320,0.278912479,11511.5,0.048427062,0.722263433
8,2021,Walnut Hills,31,22,13,9,224.44,442.4,6121,3661,769,356,74,3.67,0.356186834,0.781163163,1.662482726,0.69,569253,2089158.51,480741.3333,0.230112426,4242.81,0.007453294,1.018728883
8,2021,West End,31,22,13,9,224.44,442.4,8108.676536,3560.262768,2883.016284,1662.751295,282,3.67,0.4933898,0.676673033,2.308115011,1,754106.9178,2767572.388,647598.8843,0.233995283,27809.94352,0.036877985,0.9475463
8,2021,West Price Hill,31,22,13,9,224.44,442.4,19033.09943,7620.713062,5323.327424,2962.558573,1141.668963,3.67,0.227960123,0.832467257,2.488727035,1,1770078.247,6496187.167,640454.6237,0.098589312,58690.45377,0.033156983,0.964213552
8,2021,Westwood,31,22,13,9,224.44,442.4,33395.31344,14676.61039,9045.012254,4450.64239,1192.386349,3.67,0.209562557,0.822624938,2.291599517,1,3105764.15,11398154.43,1133896.271,0.09948069,80695.31097,0.025982434,0.948088062
8,2021,Winton Hills,31,22,13,9,224.44,442.4,6294,2662,3029,1366,361,3.67,0.51014275,0.569889451,2.36,1,585342,2148205.14,500649.3333,0.233054713,24696.1,0.04219089,0.845135055
8,2022,Avondale,31,21,13,10,243.12,478.27,12792,5700,3094,1540,797,4.1,0.34877193,0.690980596,2.096732697,1,1189656,4877589.6,792333.9667,0.162443754,36457.2,0.030645161,0.884069512
8,2022,Bond Hill,31,21,13,10,243.12,478.27,7287,3139,1780,1167,192,4.1,0.153552087,0.86942799,2.290075272,1,677691,2778533.1,192105.1167,0.069139042,21200.4,0.031283284,0.969850316
8,2022,California,31,21,13,10,243.12,478.27,929.4907539,341.8776671,256.1479374,125.2972973,57.61593172,4.1,0.023350254,0.969585022,2.71,0.13,86442.64011,354414.8245,3181.663395,0.00897723,370.9480284,0.004291262,0.982853514
8,2022,Camp Washington,31,21,13,10,243.12,478.27,1151,479,106,59,17,4.1,0.219206681,0.888968813,1.78,1,107043,438876.3,41848.625,0.095354033,1185.6,0.011075923,0.995398768
8,2022,Carthage,31,21,13,10,243.12,478.27,2759,1055,821,527,173,4.1,0.232227488,0.783555874,2.61,1,256587,1052006.7,97646.79167,0.092819553,10920,0.042558664,0.918934091
8,2022,Clifton,31,21,13,10,243.12,478.27,8311,4192,1066,556,124,4.1,0.070849237,0.872889824,1.977352666,0.4,772923,3168984.3,118371.825,0.037353238,4243.2,0.005489809,0.915732871
8,2022,College Hill,31,21,13,10,243.12,478.27,16578,7214,3674,1973,744,4.1,0.174383144,0.81169804,2.262897641,1,1541754,6321191.4,501386.3833,0.079318336,42385.2,0.027491545,0.918507922
8,2022,Columbia Tusculum,31,21,13,10,243.12,478.27,1527.30948,742.2632691,232.6062847,103.0113546,34.47557433,4.1,0.040850588,0.969597306,2.05,0.13,142039.7816,582363.1046,12085.04221,0.020751731,278.8234919,0.001962996,0.992312032
8,2022,Corryville,31,21,13,10,243.12,478.27,4593,1944,313,99,2,4.1,0.036522634,0.654416473,2.308411145,1,427149,1751310.9,28297.64167,0.016157977,1575.6,0.003688643,0.674263093
8,2022,CUF,31,21,13,10,243.12,478.27,17703,5839,590,332,135,4.1,0.047097106,0.778482266,2.260336397,1,1646379,6750153.9,109603.5417,0.016237192,7285.2,0.004424984,0.799144441
8,2022,Downtown,31,21,13,10,243.12,478.27,5257.262028,3281.935603,263.9726129,50.43523316,0,4.1,0.057514217,0.93358807,1.474933886,1,488925.3686,2004594.011,75231.05677,0.037529323,786.7896373,0.001609222,0.972726615
8,2022,East End,31,21,13,10,243.12,478.27,1430,707,161,88,24,4.1,0.101838755,0.944726758,2,1,132990,545259,28696.2,0.052628567,1747.2,0.01313783,1.010493155
8,2022,East Price Hill,31,21,13,10,243.12,478.27,15908,6082,5021,2667,762,4.1,0.29118711,0.723129086,2.611281774,1,1479444,6065720.4,705846.8083,0.116366526,53492.4,0.036157097,0.875652708
8,2022,East Walnut Hills,31,21,13,10,243.12,478.27,4012.088046,2493.270566,399.2056555,215.1201799,60.33868895,4.1,0.035380584,0.913265016,1.603667093,1,373124.1883,1529809.172,35158.17277,0.022982064,4297.158355,0.011516697,0.947763778
8,2022,East Westwood,31,21,13,10,243.12,478.27,2434.307438,1059.651077,735.5904287,462.9622519,116.2436471,4.1,0.373495044,0.696477431,2.276188574,1,226390.5917,928201.426,157739.1952,0.169940695,9035.612024,0.039911606,0.906329731
8,2022,English Woods,31,21,13,10,243.12,478.27,489.8377088,235.3031026,125.1178998,51.58568019,21.94653938,4.1,0.273076923,0.710655115,2.05,1,45554.90692,186775.1184,25609.70339,0.137115177,1147.102625,0.02518066,0.872950952
8,2022,Evanston,31,21,13,10,243.12,478.27,8354.011328,3434.786071,1417.954873,731.6112308,313.4879268,4.1,0.112565559,0.869583815,2.133520639,0.36,776923.0535,3185384.519,154098.0412,0.04837659,5869.276869,0.007554515,0.92551492
8,2022,Hartwell,31,21,13,10,243.12,478.27,5237,2448,965,379,237,4.1,0.100081699,0.917389358,2.04,1,487041,1996868.1,97646.79167,0.048899971,9609.6,0.019730577,0.986019906
8,2022,Hyde Park,31,21,13,10,243.12,478.27,13530,6580,2465,1297,355,4.1,0.013981763,0.94137498,2.039088857,0.65,1258290,5158989,36667.36667,0.007107471,16751.28,0.013312734,0.961795185
8,2022,Kennedy Heights,31,21,13,10,243.12,478.27,4714,2372,795,352,69,4.1,0.1306914,0.828223603,1.98,1,438402,1797448.2,123553.0833,0.068738049,6567.6,0.014980771,0.911942423
8,2022,Linwood,31,21,13,10,243.12,478.27,667.0448904,324.1798257,101.5896488,44.98970161,15.05703723,4.1,0.040850588,0.969597306,2.05,1,62035.17481,254344.2167,5278.082645,0.020751731,936.729126,0.015099968,1.005449004
8,2022,Lower Price Hill,31,21,13,10,243.12,478.27,877.7270916,288.0278884,288.0278884,91.71414343,47.75199203,4.1,0.621052632,0.517487295,2.37,1,81628.61952,334677.34,71294.30521,0.213023999,2175.671713,0.026653295,0.757164589
8,2022,Madisonville,31,21,13,10,243.12,478.27,10685.46577,5292.751964,1716.369809,732.0976431,342.6060606,4.1,0.099709447,0.845874785,2.041209633,1,993748.3165,4074368.098,210334.1281,0.051623742,16765.37778,0.016870849,0.914369376
8,2022,Millvale,31,21,13,10,243.12,478.27,2341.34548,890.4344779,1023.773651,662.1758935,74.57953749,4.1,0.602368866,0.476951667,2.62,1,217745.1296,892755.0315,213774.736,0.23945509,11493.38472,0.052783659,0.769190416
8,2022,Mt. Adams,31,21,13,10,243.12,478.27,1643,977,114,80,16,4.1,0,0.941869806,1.68,0.13,152799,626475.9,0,0,194.688,0.001274144,0.94314395
8,2022,Mt. Airy,31,21,13,10,243.12,478.27,8913.806968,3893.991994,2475.059451,1374.247739,386.149444,4.1,0.250267048,0.711869148,2.277665922,1,828984.048,3398834.597,388410.1932,0.114277462,27462.19606,0.033127533,0.859274143
8,2022,Mt. Auburn,31,21,13,10,243.12,478.27,4705,2583,603,416,113,4.1,0.14324429,0.838284446,1.705475113,1,437565,1794016.5,147466.5833,0.082199123,8252.4,0.018859827,0.939343396
8,2022,Mt. Lookout,31,21,13,10,243.12,478.27,5009.64563,2186.556905,1170.804067,611.9989438,164.4673884,4.1,0.013461883,0.972702418,2.299967974,0.13,465897.0436,1910177.879,11731.63348,0.006141645,1574.673722,0.003379875,0.982223937
8,2022,Mt. Washington,31,21,13,10,243.12,478.27,12436.34362,5527.69696,3001.501673,1566.027132,764.2803732,4.1,0.114884969,0.901115514,2.223608197,0.45,1156579.957,4741977.823,253104.1884,0.053375237,16358.75869,0.014144079,0.96863483
8,2022,North Avondale - Paddock Hills,31,21,13,10,243.12,478.27,4240.900625,1687.943363,666.8394719,393.2685893,104.1733843,4.1,0.179003648,0.874775752,2.117322946,1,394403.7582,1617055.408,120423.6111,0.074470924,7760.094788,0.019675509,0.968922185
8,2022,North Fairmount,31,21,13,10,243.12,478.27,1675.162291,804.6968974,427.8821002,176.4143198,75.05346062,4.1,0.273076923,0.710655115,2.05,1,155790.0931,638739.3816,87580.86328,0.137115177,3922.897375,0.02518066,0.872950952
8,2022,Northside,31,21,13,10,243.12,478.27,8200,4053,1354,559,240,4.1,0.098198865,0.899673792,2.025715194,1,762600,3126660,158626.2167,0.05073344,12464.4,0.016344611,0.966751842
8,2022,Oakley,31,21,13,10,243.12,478.27,11265.53423,6513.248036,1219.630191,484.9023569,118.3939394,4.1,0.019999642,0.943024935,1.708637195,1,1047694.684,4295548.202,51917.25522,0.012086293,9411.422222,0.008982982,0.96409421
8,2022,Over-the-Rhine,31,21,13,10,243.12,478.27,5657,3047,795,406,143,4.1,0.208729898,0.875445421,1.708942308,0.65,526101,2157014.1,253483.1,0.117515736,5566.86,0.010581352,1.00354251
8,2022,Pendleton,31,21,13,10,243.12,478.27,1134,550,251,145,40,4.1,0.125454545,0.900215501,2.06,1,105462,432394.2,27500.525,0.063600587,2886,0.027365307,0.991181395
8,2022,Pleasant Ridge,31,21,13,10,243.12,478.27,7184.554194,3642.132893,1438.686145,853.2770971,149.8831291,4.1,0.135636621,0.887994463,1.938428014,1,668163.5401,2739470.514,196890.4462,0.071871716,15649.29953,0.023421361,0.98328754
8,2022,Queensgate,31,21,13,10,243.12,478.27,280.2729084,91.97211155,91.97211155,29.28585657,15.24800797,4.1,0.621052632,0.517487295,2.37,1,26065.38048,106868.06,22765.46145,0.213023999,694.7282869,0.026653295,0.757164589
8,2022,Riverside,31,21,13,10,243.12,478.27,2008.023952,826.0538922,418.1976048,213.6107784,33.59281437,4.1,0.19557669,0.824574948,2.420248307,1,186746.2275,765659.5329,64389.84331,0.084097227,3856.376048,0.020650356,0.929322531
8,2022,Roselawn,31,21,13,10,243.12,478.27,7692,3558,1970,1287,248,4.1,0.24480045,0.708884333,2.11616494,1,715356,2932959.6,347144.3083,0.118359731,23946,0.033474242,0.860718306
8,2022,Sayler Park,31,21,13,10,243.12,478.27,2902,1186,710,402,133,4.1,0.15851602,0.861450757,2.442799067,1,269886,1106532.6,74928.96667,0.067715101,8346,0.030924168,0.960090026
8,2022,Sedamsville,31,21,13,10,243.12,478.27,556.9760479,196.9461078,158.8023952,65.38922156,21.40718563,4.1,0.322134387,0.747090832,2.69,1,51798.77246,212374.9671,25285.78169,0.119061969,1354.023952,0.026140078,0.892292879
8,2022,South Cumminsville,31,21,13,10,243.12,478.27,766.65452,291.5655221,335.226349,216.8241065,24.42046251,4.1,0.602368866,0.476951667,2.62,1,71298.87036,292325.3685,69998.79729,0.23945509,3763.415277,0.052783659,0.769190416
8,2022,South Fairmount,31,21,13,10,243.12,478.27,1926,888,474,242,77,4.1,0.30518018,0.712572081,1.98,1,179118,734383.8,108009.3083,0.147074743,4976.4,0.027782802,0.887429626
8,2022,Spring Grove Village,31,21,13,10,243.12,478.27,2220,922,515,362,65,4.1,0.245119306,0.782147981,2.4,1,206460,846486,90074.18333,0.106409537,6661.2,0.032263877,0.920821395
8,2022,Villages at Roll Hill,31,21,13,10,243.12,478.27,2503,864,1444,819,77,4.1,0.706018519,0.369700104,2.9,1,232779,954393.9,243120.5833,0.254738199,13977.6,0.060046654,0.684484957
8,2022,Walnut Hills,31,21,13,10,243.12,478.27,6431,3677,860,364,186,4.1,0.342398695,0.782790116,1.751691269,0.69,598083,2452140.3,501784.9417,0.204631416,5920.2,0.009898626,0.997320158
8,2022,West End,31,21,13,10,243.12,478.27,7764.737972,3603.064397,2293.027387,1263.564767,234,4.1,0.464949237,0.690893072,2.177132188,1,722120.6314,2960694.589,667681.6766,0.225515215,23362.01036,0.03235195,0.948760236
8,2022,West Price Hill,31,21,13,10,243.12,478.27,18961.63553,7517.694487,5411.251034,3232.174391,1144.64663,4.1,0.196647414,0.81024671,2.514935943,1,1763432.104,7230071.627,589202.8043,0.081493356,68278.40791,0.038719046,0.930459112
8,2022,Westwood,31,21,13,10,243.12,478.27,32780.69256,14571.34892,8579.409571,3879.037748,1322.756353,4.1,0.218389223,0.819417792,2.263472583,1,3048604.408,12499278.07,1268302.521,0.101470062,81147.98798,0.026618077,0.947505931
8,2022,Winton Hills,31,21,13,10,243.12,478.27,6741,2746,3304,1617,595,4.1,0.494901675,0.542016339,2.45,1,626913,2570343.3,541640.775,0.210727017,34507.2,0.055043044,0.807786399
8,2023,Avondale,31,20,12,11,179.0987,345.6782,12825,5866,3070,1560,841,4.2845,0.423968633,0.688056323,2.051463803,1,1192725,5110230.263,716418.0695,0.140192914,40096.7,0.033617724,0.86186696
8,2023,Bond Hill,31,20,12,11,179.0987,345.6782,6723,3165,1495,1154,129,4.2845,0.165876777,0.861707486,2.105112908,1,625239,2678836.496,151234.2125,0.056455186,21426.1,0.034268656,0.952431327
8,2023,California,31,20,12,11,179.0987,345.6782,954.8278805,335.9772404,260.6600284,135.3627312,45.46799431,4.2845,0.026859504,0.983597254,2.83,0.13,88798.99289,380459.285,2599.552514,0.006832669,392.583505,0.004421036,0.994850959
8,2023,Camp Washington,31,20,12,11,179.0987,345.6782,1128,520,109,67,18,4.2845,0.309615385,0.86960362,1.61,1,104904,449461.188,46378.49183,0.103186867,1419.5,0.013531419,0.986321906
8,2023,Carthage,31,20,12,11,179.0987,345.6782,2962,1094,905,576,145,4.2845,0.174588665,0.808487356,2.7,1,275466,1180234.077,55020.44683,0.04661825,12040.7,0.043710295,0.8988159
8,2023,Clifton,31,20,12,11,179.0987,345.6782,8012,4101,1091,543,155,4.2845,0.058522312,0.895678177,1.940058466,0.4,745116,3192449.502,69135.64,0.021655985,4662.64,0.006257603,0.923591765
8,2023,College Hill,31,20,12,11,179.0987,345.6782,16324,7124,3721,2033,828,4.2845,0.20620438,0.813060802,2.238321039,1,1518132,6504436.554,423167.7298,0.065058322,47778.7,0.031472033,0.909591157
8,2023,Columbia Tusculum,31,20,12,11,179.0987,345.6782,1597.922102,755.1396884,284.111962,159.086084,25.33747029,4.2845,0.048954895,0.980076407,2.11,0.13,148606.7555,636705.6439,10649.13101,0.01672536,400.3835363,0.002694249,0.999496016
8,2023,Corryville,31,20,12,11,179.0987,345.6782,4442,1987,267,78,1,4.2845,0.023653749,0.686047929,2.159706325,1,413106,1769952.657,13539.06283,0.007649393,1319.3,0.003193611,0.696890933
8,2023,CUF,31,20,12,11,179.0987,345.6782,17903,6110,478,165,120,4.2845,0.052373159,0.77211139,2.154798515,1,1664979,7133602.526,92180.85333,0.012922062,4759.5,0.002858595,0.787892047
8,2023,Downtown,31,20,12,11,179.0987,345.6782,5501.109548,3389.128053,229.8482605,28.20355292,0,4.2845,0.072973797,0.934914516,1.449603319,1,511603.188,2191963.859,71243.56912,0.032502164,470.9993338,9.21E-04,0.968337314
8,2023,East End,31,20,12,11,179.0987,345.6782,1306,681,172,111,38,4.2845,0.114537445,0.955370044,1.9,1,121458,520386.801,22469.083,0.043177657,2488.3,0.020486917,1.019034618
8,2023,East Price Hill,31,20,12,11,179.0987,345.6782,15955,6112,5263,2574,882,4.2845,0.296138743,0.73184202,2.599238879,1,1483815,6357405.368,521397.9517,0.082014269,57715.2,0.038896493,0.852752782
8,2023,East Walnut Hills,31,20,12,11,179.0987,345.6782,3876.895887,2470.430591,361.3496144,200.8348329,39.33868895,4.2845,0.03423318,0.915068833,1.552788732,1,360551.3175,1544782.12,24361.87109,0.015770425,4010.897815,0.011124347,0.941963605
8,2023,East Westwood,31,20,12,11,179.0987,345.6782,2446.440728,1082.362735,662.7084265,423.8682901,112.1505178,4.2845,0.403008497,0.730271131,2.233280064,1,227518.9877,974805.103,125654.423,0.128902098,8951.514092,0.039344031,0.89851726
8,2023,English Woods,31,20,12,11,179.0987,345.6782,494.8152745,231.9093079,114.9365155,56.78949881,23.98281623,4.2845,0.24195122,0.715299412,2.1,1,46017.82053,197163.352,16163.54963,0.081980497,1348.897661,0.029312506,0.826592416
8,2023,Evanston,31,20,12,11,179.0987,345.6782,8421.154843,3511.949534,1469.161852,755.5963693,308.2870928,4.2845,0.090933908,0.854076328,2.101616559,0.36,783167.4004,3355480.727,91995.13662,0.027416381,6396.067375,0.008166922,0.88965963
8,2023,Hartwell,31,20,12,11,179.0987,345.6782,5403,2462,852,527,174,4.2845,0.097887896,0.924583721,2.07,1,502479,2152871.276,69423.70517,0.03224703,11706.7,0.023297889,0.98012864
8,2023,Hyde Park,31,20,12,11,179.0987,345.6782,13559,6539,2522,1119,401,4.2845,0.011010858,0.940017258,2.057848168,0.65,1260987,5402698.802,20740.692,0.00383895,16499.6,0.013084671,0.956940879
8,2023,Kennedy Heights,31,20,12,11,179.0987,345.6782,4275,2222,492,333,67,4.2845,0.143564356,0.848252783,1.91,1,397575,1703410.088,91892.78817,0.053946368,6680,0.016801861,0.919001013
8,2023,Linwood,31,20,12,11,179.0987,345.6782,697.8846052,329.8035384,124.0844996,69.48006337,11.06601532,4.2845,0.048954895,0.980076407,2.11,1,64903.26829,278078.053,4650.955502,0.01672536,1345.119514,0.020724989,1.017526756
8,2023,Lower Price Hill,31,20,12,11,179.0987,345.6782,876.9691235,298.6394422,294.0916335,80.34462151,68.21713147,4.2845,0.631979695,0.466354618,2.32,1,81558.12849,349435.8015,54367.70953,0.155587119,2480.981275,0.030419792,0.652361529
8,2023,Madisonville,31,20,12,11,179.0987,345.6782,10561.56341,5445.440516,1620.369809,794.7861953,232.8462402,4.2845,0.096409902,0.87532009,1.957708987,1,982225.3973,4208344.715,151232.596,0.035936361,17161.46167,0.01747202,0.928728471
8,2023,Millvale,31,20,12,11,179.0987,345.6782,2408.391731,825.648213,1009.460406,614.7161878,61.01962158,4.2845,0.515510949,0.498484702,2.9,1,223980.431,959644.1565,122609.3767,0.12776546,11284.78802,0.050382919,0.676633081
8,2023,Mt. Adams,31,20,12,11,179.0987,345.6782,1592,984,97,65,11,4.2845,0,0.934637005,1.62,0.13,148056,634345.932,0,0,164.996,0.001114416,0.935751421
8,2023,Mt. Airy,31,20,12,11,179.0987,345.6782,8855.104818,4117.800593,2459.034396,1515.051742,311.7610082,4.2845,0.246881058,0.716394854,2.140346369,1,823524.7481,3528391.783,292849.0557,0.082997885,30507.77293,0.037045363,0.836438102
8,2023,Mt. Auburn,31,20,12,11,179.0987,345.6782,5192,2640,771,558,145,4.2845,0.15719697,0.793266802,1.851103211,1,482856,2068796.532,119547.0442,0.057785791,11740.1,0.024313874,0.875366467
8,2023,Mt. Lookout,31,20,12,11,179.0987,345.6782,5018.193293,2134.056773,1254.803538,660.4338527,168.5965144,4.2845,0.016816196,0.97521814,2.359967974,0.13,466691.9762,1999541.772,10337.71332,0.005170041,1799.824927,0.003856559,0.98424474
8,2023,Mt. Washington,31,20,12,11,179.0987,345.6782,11815.2445,5463.880907,2649.821269,1560.902515,620.874501,4.2845,0.13778012,0.908509681,2.133691957,0.45,1098817.738,4707884.6,216859.5382,0.046063053,16396.05428,0.014921541,0.969494275
8,2023,North Avondale - Paddock Hills,31,20,12,11,179.0987,345.6782,4209.94927,1687.619875,609.4885337,370.5687978,55.37421821,4.2845,0.135145368,0.902230071,2.084645892,1,391525.2821,1677490.071,65700.17762,0.039165762,7113.248367,0.018168044,0.959563877
8,2023,North Fairmount,31,20,12,11,179.0987,345.6782,1692.184726,793.0906921,393.0634845,194.2105012,82.01718377,4.2845,0.24195122,0.715299412,2.1,1,157373.1795,674265.3875,55276.6117,0.081980497,4613.002339,0.029312506,0.826592416
8,2023,Northside,31,20,12,11,179.0987,345.6782,8407,4175,1198,548,192,4.2845,0.123113772,0.879595765,2.010178004,1,781851,3349840.61,148065.4957,0.044200758,12358,0.015806081,0.939602604
8,2023,Oakley,31,20,12,11,179.0987,345.6782,11405.43659,6478.559484,1361.630191,602.2138047,115.1537598,4.2845,0.016825594,0.946980836,1.739411667,1,1060705.603,4544593.155,31400.71969,0.006909468,11980.03833,0.011294405,0.965184708
8,2023,Over-the-Rhine,31,20,12,11,179.0987,345.6782,6180,3155,840,328,149,4.2845,0.203486529,0.849835918,1.818869231,0.65,574740,2462473.53,184937.837,0.075102467,5177.835,0.009009004,0.933947389
8,2023,Pendleton,31,20,12,11,179.0987,345.6782,1163,558,238,154,36,4.2845,0.082437276,0.89748322,2.08,1,108159,463407.2355,13250.99767,0.028594715,3173,0.02933644,0.955414374
8,2023,Pleasant Ridge,31,20,12,11,179.0987,345.6782,7308.599434,3688.551367,1534.065033,828.6644675,150.332705,4.2845,0.131432997,0.883372961,1.952439432,1,679699.7474,2912173.568,139653.2326,0.047954983,16349.25278,0.02405364,0.955381583
8,2023,Queensgate,31,20,12,11,179.0987,345.6782,280.0308765,95.36055777,93.90836653,25.65537849,21.78286853,4.2845,0.631979695,0.466354618,2.32,1,26042.87151,111580.683,17360.51697,0.155587119,792.2187251,0.030419792,0.652361529
8,2023,Riverside,31,20,12,11,179.0987,345.6782,2088.550898,829.5508982,512.3952096,212.3473054,86.07784431,4.2845,0.216450716,0.830840211,2.513273138,1,194235.2335,832200.8581,51724.08436,0.062153366,4983.7,0.025658064,0.918651641
8,2023,Roselawn,31,20,12,11,179.0987,345.6782,7449,3583,1509,1121,162,4.2845,0.234161317,0.728904,2.031551069,1,692757,2968117.367,241686.6748,0.0814276,21426.1,0.030928738,0.841260339
8,2023,Sayler Park,31,20,12,11,179.0987,345.6782,2745,1184,682,423,106,4.2845,0.199324324,0.857092042,2.314898367,1,255285,1093768.583,67983.37933,0.062155177,8834.3,0.034605637,0.953852855
8,2023,Sedamsville,31,20,12,11,179.0987,345.6782,590.4491018,200.4491018,187.6047904,48.65269461,38.92215569,4.2845,0.316504854,0.750546837,2.81,1,54911.76647,235269.4634,18275.75114,0.077680082,1462.5,0.026633636,0.854860555
8,2023,South Cumminsville,31,20,12,11,179.0987,345.6782,788.6082691,270.351787,330.5395936,201.2838122,19.98037842,4.2845,0.515510949,0.498484702,2.9,1,73340.56903,314227.668,40147.44243,0.12776546,3695.111983,0.050382919,0.676633081
8,2023,South Fairmount,31,20,12,11,179.0987,345.6782,1960,852,478,231,108,4.2845,0.253521127,0.718636272,2.13,1,182280,780978.66,62222.076,0.079671929,5661.3,0.031058262,0.829366462
8,2023,Spring Grove Village,31,20,12,11,179.0987,345.6782,2163,927,549,327,132,4.2845,0.252427184,0.77983631,2.32,1,201159,861865.7355,67407.249,0.078210847,7665.3,0.038105678,0.896152834
8,2023,Villages at Roll Hill,31,20,12,11,179.0987,345.6782,2262,901,1261,630,135,4.2845,0.612652608,0.359694036,2.51,1,210366,901313.127,159011.972,0.176422563,12775.5,0.060729871,0.59684647
8,2023,Walnut Hills,31,20,12,11,179.0987,345.6782,6259,3678,829,359,193,4.2845,0.347471452,0.790895394,1.714202261,0.69,582087,2493951.752,368147.283,0.147616041,6360.696,0.010927397,0.949438832
8,2023,West End,31,20,12,11,179.0987,345.6782,7764.890452,3592.871947,2249.151739,1322.796447,198,4.2845,0.433269674,0.699608129,2.182286781,1,722134.812,3093986.602,448425.9915,0.144934691,25397.30067,0.03516975,0.87971257
8,2023,West Price Hill,31,20,12,11,179.0987,345.6782,18811.14342,7650.011933,5370.627021,3261.091031,1051.858812,4.2845,0.201424858,0.815275332,2.450516273,1,1749436.338,7495459.99,443880.3554,0.059219895,72026.26238,0.041171125,0.915666353
8,2023,Westwood,31,20,12,11,179.0987,345.6782,34059.55927,15074.63727,9471.291574,4788.13171,1273.849482,4.2845,0.213391444,0.823986694,2.266125449,1,3167539.012,13571320.9,926647.6309,0.068279841,101235.0859,0.03196017,0.924226705
8,2023,Winton Hills,31,20,12,11,179.0987,345.6782,5401,2699,2102,1050,281,4.2845,0.519081141,0.64571331,2,1,502293,2152074.359,403579.2985,0.187530369,22227.7,0.044252458,0.877496137
8,2024,Avondale,31,18,9,13,203.95,396.62,12501,5950,3040,1641,623,4.395897,0.398991597,0.690806134,1.963373111,1,1162593,5110639.081,784646.5667,0.153531986,42336.8,0.036415839,0.88075396
8,2024,Bond Hill,31,18,9,13,203.95,396.62,6399,3191,1417,905,151,4.395897,0.162331558,0.850134085,1.980091999,1,595107,2616029.076,171207.6333,0.065445616,19747.2,0.033182604,0.948762305
8,2024,California,31,18,9,13,203.95,396.62,928.7965861,340.1422475,242.2645804,132.5860597,50.6742532,4.395897,0.02755102,0.976559214,2.72,0.13,86378.0825,379709.1537,3097.359602,0.00815719,445.5058208,0.005157626,0.98987403
8,2024,Camp Washington,31,18,9,13,203.95,396.62,1143,548,90,45,12,4.395897,0.313868613,0.876434088,1.55,1,106299,467279.4552,56848.86667,0.121659247,1065.9,0.010027376,1.008120711
8,2024,Carthage,31,18,9,13,203.95,396.62,3183,979,1107,542,137,4.395897,0.269662921,0.733606197,3.25,1,296019,1301269.034,87256.4,0.06705485,12697.3,0.04289353,0.843554577
8,2024,Clifton,31,18,9,13,203.95,396.62,8028,4079,1068,501,166,4.395897,0.076244177,0.885250904,1.945491113,0.4,746604,3281994.284,102790.6833,0.03131958,4989.16,0.006682472,0.923252956
8,2024,College Hill,31,18,9,13,203.95,396.62,15930,7147,3555,1788,776,4.395897,0.226108857,0.804704983,2.172954947,1,1481490,6512477.447,534114.9333,0.082014093,47946.8,0.032363904,0.91908298
8,2024,Columbia Tusculum,31,18,9,13,203.95,396.62,1621.18273,765.9392659,265.8357539,148.7018748,29.49115395,4.395897,0.043383948,0.95904074,2.11,0.13,150769.9939,662769.364,10982.89341,0.016571215,433.187253,0.002873166,0.978485121
8,2024,Corryville,31,18,9,13,203.95,396.62,4277,1968,256,101,1,4.395897,0.018800813,0.67161011,2.086822289,1,397761,1748516.387,12229.11667,0.006993996,1907.4,0.004795342,0.683399448
8,2024,CUF,31,18,9,13,203.95,396.62,18282,6192,456,180,92,4.395897,0.066860465,0.782651708,2.153319783,1,1700226,7474018.373,136833.9,0.018307943,5086.4,0.002991602,0.803951253
8,2024,Downtown,31,18,9,13,203.95,396.62,6070.715026,3633.99852,282.6447076,85.00592154,0,4.395897,0.063479574,0.918821977,1.484669432,1,564576.4974,2481820.131,76245.13083,0.030721457,1589.610733,0.002815581,0.952359015
8,2024,East End,31,18,9,13,203.95,396.62,1323,707,71,36,24,4.395897,0.099009901,0.948525224,1.86,1,123039,540866.771,23136.16667,0.042776092,1122,0.00911906,1.000420376
8,2024,East Price Hill,31,18,9,13,203.95,396.62,16286,6321,5352,2708,815,4.395897,0.332384116,0.71801936,2.593354997,1,1514598,6658016.804,694415.5167,0.104297652,65880.1,0.043496756,0.865813768
8,2024,East Walnut Hills,31,18,9,13,203.95,396.62,3934.501285,2474.03856,308.3309769,169.5122108,25.28534704,4.395897,0.021840688,0.93192842,1.586430218,1,365908.6195,1608496.603,17859.37037,0.011103145,3642.714332,0.009955257,0.952986821
8,2024,East Westwood,31,18,9,13,203.95,396.62,2601.088353,1064.265709,734.3991673,467.6568839,122.2488875,4.395897,0.419072549,0.699829171,2.409468638,1,241901.2169,1063372.833,147411.9349,0.138626764,11031.23792,0.045602242,0.884058178
8,2024,English Woods,31,18,9,13,203.95,396.62,496.1727924,239.8281623,148.874463,74.66348449,22.85155131,4.395897,0.324528302,0.687230934,2.04,1,46144.06969,202844.5775,25724.45136,0.126818531,1823.531169,0.039518213,0.853567678
8,2024,Evanston,31,18,9,13,203.95,396.62,8404.596004,3388.064636,1664.030385,884.24248,395.266425,4.395897,0.120803737,0.830442821,2.18067287,0.36,781627.4284,3435953.668,135277.4537,0.039371152,8613.653948,0.011020153,0.880834126
8,2024,Hartwell,31,18,9,13,203.95,396.62,5439,2426,1243,558,243,4.395897,0.23577906,0.843932863,2.1,1,505827,2223563.392,189055.5333,0.085023676,14978.7,0.029612298,0.958568838
8,2024,Hyde Park,31,18,9,13,203.95,396.62,13303,6483,2448,1036,436,4.395897,0.016813204,0.938358409,2.031959221,0.65,1237179,5438511.455,36026.31667,0.006624297,17892.16,0.014462062,0.959444769
8,2024,Kennedy Heights,31,18,9,13,203.95,396.62,4649,2401,684,380,165,4.395897,0.101624323,0.871139734,1.93,1,432357,1900596.839,80646.06667,0.042431969,10191.5,0.023571956,0.937143658
8,2024,Linwood,31,18,9,13,203.95,396.62,708.0435701,334.5202007,116.1024558,64.9448112,12.88011619,4.395897,0.043383948,0.95904074,2.11,1,65848.05202,289461.2543,4796.724584,0.016571215,1455.326142,0.022101279,0.997713233
8,2024,Lower Price Hill,31,18,9,13,203.95,396.62,943.6703187,306.2191235,283.4800797,132.6444223,68.21713147,4.395897,0.571782178,0.509650105,2.42,1,87761.33964,385789.8096,57870.37385,0.150004931,3756.111056,0.042799154,0.70245419
8,2024,Madisonville,31,18,9,13,203.95,396.62,10748.04938,5684.800786,1490.818182,744.3058361,233.9118967,4.395897,0.106730738,0.887988151,1.899867134,1,999568.5926,4394000.577,200538.6691,0.0456392,18292.6716,0.018300567,0.951927917
8,2024,Millvale,31,18,9,13,203.95,396.62,2757.182901,987.6138753,1198.5459,1093.079888,0,4.395897,0.745995423,0.335307065,2.78,1,256418.0098,1127187.16,243509.9492,0.216033289,20440.5939,0.079715906,0.631056259
8,2024,Mt. Adams,31,18,9,13,203.95,396.62,1631,1016,90,58,15,4.395897,0,0.950534229,1.61,0.13,151683,666782.8447,0,0,177.463,0.00116996,0.951704189
8,2024,Mt. Airy,31,18,9,13,203.95,396.62,9099.048036,4234.088213,2055.363973,1319.365456,150.7451446,4.395897,0.287523462,0.802446372,2.132741899,1,846211.4673,3719858.451,402370.892,0.108168334,27491.06823,0.032487232,0.943101938
8,2024,Mt. Auburn,31,18,9,13,203.95,396.62,5046,2650,705,474,109,4.395897,0.103018868,0.81967643,1.783449688,1,469278,2062897.752,90231.05,0.043739953,10902.1,0.023231645,0.886648028
8,2024,Mt. Lookout,31,18,9,13,203.95,396.62,5096.773699,2144.540533,1239.06179,682.353314,134.6287299,4.395897,0.015041788,0.965245402,2.387742194,0.13,473999.9541,2083654.976,10661.71534,0.005116833,1986.083349,0.00419005,0.974552285
8,2024,Mt. Washington,31,18,9,13,203.95,396.62,11879.67519,5553.087735,2598.366801,1379.398705,642.950248,4.395897,0.115661466,0.905976425,2.117269253,0.45,1104809.793,4856630.055,212283.6716,0.043710077,17018.06644,0.015403617,0.965090118
8,2024,North Avondale - Paddock Hills,31,18,9,13,203.95,396.62,4878.90271,1839.896803,824.6386379,457.2453092,82.44822794,4.395897,0.066674624,0.919005919,2.27,1,453737.9521,1994585.302,40545.94259,0.020328006,10092.26915,0.022242506,0.961576431
8,2024,North Fairmount,31,18,9,13,203.95,396.62,1696.827208,820.1718377,509.125537,255.3365155,78.14844869,4.395897,0.324528302,0.687230934,2.04,1,157804.9303,693694.2197,87973.28197,0.126818531,6236.168831,0.039518213,0.853567678
8,2024,Northside,31,18,9,13,203.95,396.62,8550,4378,1275,664,146,4.395897,0.100502513,0.876720911,1.942498411,1,795150,3495397.5,145427.3333,0.041605378,15147,0.019049236,0.937375525
8,2024,Oakley,31,18,9,13,203.95,396.62,11411.95062,6598.199214,1267.181818,540.6941639,72.08810325,4.395897,0.015043046,0.952669194,1.708519196,1,1061311.407,4665415.632,32806.09761,0.007031763,11459.0284,0.010797046,0.970498003
8,2024,Over-the-Rhine,31,18,9,13,203.95,396.62,6291,3343,715,315,73,4.395897,0.169608136,0.868197339,1.784465385,0.65,585063,2571876.687,187402.95,0.072866227,4716.14,0.00806091,0.949124476
8,2024,Pendleton,31,18,9,13,203.95,396.62,1146,596,210,132,31,4.395897,0.08557047,0.943748038,1.92,1,106578,468505.9105,16856.35,0.035978948,3048.1,0.028599711,1.008326697
8,2024,Pleasant Ridge,31,18,9,13,203.95,396.62,7268.072573,3683.009425,1571.93968,901.1055608,227.2544769,4.395897,0.117650837,0.895783889,1.953138402,1,675930.7493,2971321.953,143215.8934,0.048199386,21100.3327,0.031216708,0.975199983
8,2024,Queensgate,31,18,9,13,203.95,396.62,301.3296813,97.78087649,90.51992032,42.35557769,21.78286853,4.395897,0.571782178,0.509650105,2.42,1,28023.66036,123189.1245,18478.97615,0.150004931,1199.388944,0.042799154,0.70245419
8,2024,Riverside,31,18,9,13,203.95,396.62,2268.610778,840.8323353,659.8922156,318.1556886,109.9520958,4.395897,0.34436223,0.807189532,2.771670429,1,210980.8024,927449.8763,95701.3977,0.103187676,8005.615569,0.037944758,0.948321966
8,2024,Roselawn,31,18,9,13,203.95,396.62,7375,3604,1483,1030,148,4.395897,0.249167592,0.716173201,1.98616494,1,685875,3015035.855,296803.9667,0.098441273,22028.6,0.032117514,0.846731987
8,2024,Sayler Park,31,18,9,13,203.95,396.62,2713,1183,739,439,160,4.395897,0.22569738,0.862711366,2.297347551,1,252309,1109124.376,88247.95,0.079565423,11201.3,0.044395166,0.986671955
8,2024,Sedamsville,31,18,9,13,203.95,396.62,715.3892216,196.1676647,256.1077844,77.84431138,56.04790419,4.395897,0.359126984,0.733303852,3.5,1,66531.1976,292464.292,23284.6023,0.079615197,2503.784431,0.037633239,0.850552287
8,2024,South Cumminsville,31,18,9,13,203.95,396.62,902.8170988,323.3861247,392.4540995,357.9201121,0,4.395897,0.745995423,0.335307065,2.78,1,83961.99019,369088.2608,79735.35081,0.216033289,6693.106097,0.079715906,0.631056259
8,2024,South Fairmount,31,18,9,13,203.95,396.62,2319,960,667,259,102,4.395897,0.2375,0.706564387,2.27,1,215667,948049.9183,75357.8,0.079487165,6750.7,0.031301497,0.817353048
8,2024,Spring Grove Village,31,18,9,13,203.95,396.62,1996,881,469,296,133,4.395897,0.238365494,0.769126803,2.25,1,185628,816001.5683,69408.5,0.085059273,8022.3,0.043217079,0.897403155
8,2024,Villages at Roll Hill,31,18,9,13,203.95,396.62,2196,895,1128,574,206,4.395897,0.612290503,0.413092065,2.45,1,204228,897765.2525,181123.1333,0.201748879,14586,0.071420177,0.686261122
8,2024,Walnut Hills,31,18,9,13,203.95,396.62,6176,3528,737,354,201,4.395897,0.306405896,0.805375246,1.741359925,0.69,574368,2524862.568,357288.5167,0.141508105,7161.165,0.012467904,0.959351254
8,2024,West End,31,18,9,13,203.95,396.62,6929.284974,3429.00148,2061.355292,1159.994078,178,4.395897,0.452993482,0.706312849,2.046430172,1,644423.5026,2832819.342,513396.6025,0.181231678,25020.48927,0.038826159,0.926370686
8,2024,West Price Hill,31,18,9,13,203.95,396.62,18669.39287,7441.500965,5187.970243,3128.862443,1039.131704,4.395897,0.184977762,0.814924436,2.495004634,1,1736253.537,7632391.714,454960.2222,0.059609129,77941.49055,0.044890616,0.919424181
8,2024,Westwood,31,18,9,13,203.95,396.62,34095.91165,15214.73429,9589.600833,5082.343116,1146.751113,4.395897,0.210256413,0.824646515,2.250008974,1,3170919.783,13939036.76,1057321.315,0.075853255,116484.0621,0.036735102,0.937234873
8,2024,Winton Hills,31,18,9,13,203.95,396.62,4681,2540,1351,691,121,4.395897,0.546850394,0.679619002,1.84,1,435333,1913679.029,459087.65,0.239897936,15184.4,0.034879965,0.954396904
8,2025,Avondale,31,22,12,9,183.2632,358.7444,12501,5950,3040,1641,623,4.510190322,0.398991597,0.683326044,1.963373111,1,1162593,5243515.697,709716.0047,0.135351174,31922.4,0.027457932,0.84613515
8,2025,Bond Hill,31,22,12,9,183.2632,358.7444,6399,3191,1417,905,151,4.510190322,0.162331558,0.845204216,1.980091999,1,595107,2684045.832,154857.9993,0.057695736,14889.6,0.025020038,0.92791999
8,2025,California,31,22,12,9,183.2632,358.7444,928.7965861,340.1422475,242.2645804,132.5860597,50.6742532,4.510190322,0.02755102,0.975963749,2.72,0.13,86378.0825,389581.5917,2801.574333,0.007191239,335.9161536,0.003888905,0.987043893
8,2025,Camp Washington,31,22,12,9,183.2632,358.7444,1143,548,90,45,12,4.510190322,0.313868613,0.872120275,1.55,1,106299,479428.721,51420.03067,0.107252712,803.7,0.007560748,0.986933736
8,2025,Carthage,31,22,12,9,183.2632,358.7444,3183,979,1107,542,137,4.510190322,0.269662921,0.728993529,3.25,1,296019,1335102.029,78923.768,0.059114409,9573.9,0.032342181,0.820450119
8,2025,Clifton,31,22,12,9,183.2632,358.7444,8028,4079,1068,501,166,4.510190322,0.076244177,0.88110128,1.945491113,0.4,746604,3367326.135,92974.59033,0.027610806,3761.88,0.005038655,0.913750742
8,2025,College Hill,31,22,12,9,183.2632,358.7444,15930,7147,3555,1788,776,4.510190322,0.226108857,0.800750723,2.172954947,1,1481490,6681801.86,483109.1253,0.072302223,36152.4,0.02440273,0.897455675
8,2025,Columbia Tusculum,31,22,12,9,183.2632,358.7444,1621.18273,765.9392659,265.8357539,148.7018748,29.49115395,4.510190322,0.043383948,0.957522593,2.11,0.13,150769.9939,680001.3675,9934.07167,0.0146089,326.6278218,0.002166398,0.97429789
8,2025,Corryville,31,22,12,9,183.2632,358.7444,4277,1968,256,101,1,4.510190322,0.018800813,0.664814763,2.086822289,1,397761,1793977.813,11061.28567,0.006165787,1438.2,0.003615739,0.67459629
8,2025,CUF,31,22,12,9,183.2632,358.7444,18282,6192,456,180,92,4.510190322,0.066860465,0.776454838,2.153319783,1,1700226,7668342.85,123766.818,0.016139969,3835.2,0.0022557,0.794850508
8,2025,Downtown,31,22,12,9,183.2632,358.7444,6070.715026,3633.99852,282.6447076,85.00592154,0,4.510190322,0.063479574,0.916223742,1.484669432,1,564576.4974,2546347.455,68964.03034,0.027083511,1198.583494,0.002122978,0.945430232
8,2025,East End,31,22,12,9,183.2632,358.7444,1323,707,71,36,24,4.510190322,0.099009901,0.947099586,1.86,1,123039,554929.307,20926.75667,0.037710671,846,0.006875869,0.991686126
8,2025,East Price Hill,31,22,12,9,183.2632,358.7444,16286,6321,5352,2708,815,4.510190322,0.332384116,0.712789168,2.593354997,1,1514598,6831125.241,628101.6537,0.091947027,49674.3,0.032797019,0.837533213
8,2025,East Walnut Hills,31,22,12,9,183.2632,358.7444,3934.501285,2474.03856,308.3309769,169.5122108,25.28534704,4.510190322,0.021840688,0.930047984,1.586430218,1,365908.6195,1650317.515,16153.873,0.009788342,2746.645566,0.00750637,0.947342697
8,2025,East Westwood,31,22,12,9,183.2632,358.7444,2601.088353,1064.265709,734.3991673,467.6568839,122.2488875,4.510190322,0.419072549,0.693822931,2.409468638,1,241901.2169,1091020.527,133334.6935,0.122210985,8317.671376,0.034384578,0.850418495
8,2025,English Woods,31,22,12,9,183.2632,358.7444,496.1727924,239.8281623,148.874463,74.66348449,22.85155131,4.510190322,0.324528302,0.680023897,2.04,1,46144.06969,208118.5365,23267.87068,0.111801049,1374.962005,0.029797155,0.821622101
8,2025,Evanston,31,22,12,9,183.2632,358.7444,8404.596004,3388.064636,1664.030385,884.24248,395.266425,4.510190322,0.120803737,0.8273407,2.18067287,0.36,781627.4284,3525288.463,122359.006,0.034708934,6494.787202,0.008309313,0.870358947
8,2025,Hartwell,31,22,12,9,183.2632,358.7444,5439,2426,1243,558,243,4.510190322,0.23577906,0.836564704,2.1,1,505827,2281376.04,171001.4973,0.074955419,11294.1,0.02232799,0.933848113
8,2025,Hyde Park,31,22,12,9,183.2632,358.7444,13303,6483,2448,1036,436,4.510190322,0.016813204,0.936164064,2.031959221,0.65,1237179,5579912.752,32585.94967,0.005839867,13490.88,0.01090455,0.952908481
8,2025,Kennedy Heights,31,22,12,9,183.2632,358.7444,4649,2401,684,380,165,4.510190322,0.101624323,0.867217647,1.93,1,432357,1950012.357,72944.69467,0.037407299,7684.5,0.017773507,0.922398453
8,2025,Linwood,31,22,12,9,183.2632,358.7444,708.0435701,334.5202007,116.1024558,64.9448112,12.88011619,4.510190322,0.043383948,0.957522593,2.11,1,65848.05202,296987.2469,4338.656858,0.0146089,1097.331476,0.0166646,0.988796093
8,2025,Lower Price Hill,31,22,12,9,183.2632,358.7444,943.6703187,306.2191235,283.4800797,132.6444223,68.21713147,4.510190322,0.571782178,0.501564864,2.42,1,87761.33964,395820.3447,52343.98806,0.132241783,2832.147908,0.03227102,0.666077667
8,2025,Madisonville,31,22,12,9,183.2632,358.7444,10748.04938,5684.800786,1490.818182,744.3058361,233.9118967,4.510190322,0.106730738,0.884097488,1.899867134,1,999568.5926,4508244.592,181388.0402,0.040234738,13792.87003,0.013798823,0.938131049
8,2025,Millvale,31,22,12,9,183.2632,358.7444,2757.182901,987.6138753,1198.5459,1093.079888,0,4.510190322,0.745995423,0.330463302,2.78,1,256418.0098,1156494.026,220255.7375,0.190451254,15412.42642,0.060106646,0.581021202
8,2025,Mt. Adams,31,22,12,9,183.2632,358.7444,1631,1016,90,58,15,4.510190322,0,0.949892152,1.61,0.13,151683,684119.1986,0,0,133.809,8.82E-04,0.950774314
8,2025,Mt. Airy,31,22,12,9,183.2632,358.7444,9099.048036,4234.088213,2055.363973,1319.365456,150.7451446,4.510190322,0.287523462,0.797999977,2.132741899,1,846211.4673,3816574.77,363946.1052,0.095359354,20728.55947,0.02449572,0.917855052
8,2025,Mt. Auburn,31,22,12,9,183.2632,358.7444,5046,2650,705,474,109,4.510190322,0.103018868,0.81645244,1.783449688,1,469278,2116533.094,81614.351,0.038560394,8220.3,0.017516909,0.872529743
8,2025,Mt. Lookout,31,22,12,9,183.2632,358.7444,5096.773699,2144.540533,1239.06179,682.353314,134.6287299,4.510190322,0.015041788,0.964436361,2.387742194,0.13,473999.9541,2137830.005,9643.564806,0.004510913,1497.528086,0.003159342,0.972106616
8,2025,Mt. Washington,31,22,12,9,183.2632,358.7444,11879.67519,5553.087735,2598.366801,1379.398705,642.950248,4.510190322,0.115661466,0.902949553,2.117269253,0.45,1104809.793,4982902.436,192011.4427,0.038534056,12831.80411,0.011614492,0.953098101
8,2025,North Avondale - Paddock Hills,31,22,12,9,183.2632,358.7444,4878.90271,1839.896803,824.6386379,457.2453092,82.44822794,4.510190322,0.066674624,0.916421748,2.27,1,453737.9521,2046444.52,36673.96966,0.017920823,7609.678874,0.016771087,0.951113658
8,2025,North Fairmount,31,22,12,9,183.2632,358.7444,1696.827208,820.1718377,509.125537,255.3365155,78.14844869,4.510190322,0.324528302,0.680023897,2.04,1,157804.9303,711730.2694,79572.19065,0.111801049,4702.137995,0.029797155,0.821622101
8,2025,Northside,31,22,12,9,183.2632,358.7444,8550,4378,1275,664,146,4.510190322,0.100502513,0.873118951,1.942498411,1,795150,3586277.835,131539.6133,0.03667859,11421,0.014363328,0.924160868
8,2025,Oakley,31,22,12,9,183.2632,358.7444,11411.95062,6598.199214,1267.181818,540.6941639,72.08810325,4.510190322,0.015043046,0.951589023,1.708519196,1,1061311.407,4786716.438,29673.24845,0.006199082,8640.229966,0.008141088,0.965929193
8,2025,Over-the-Rhine,31,22,12,9,183.2632,358.7444,6291,3343,715,315,73,4.510190322,0.169608136,0.865806618,1.784465385,0.65,585063,2638745.48,169506.729,0.06423762,3556.02,0.006078012,0.93612225
8,2025,Pendleton,31,22,12,9,183.2632,358.7444,1146,596,210,132,31,4.510190322,0.08557047,0.941729513,1.92,1,106578,480687.0641,15246.637,0.031718426,2298.3,0.021564488,0.995012427
8,2025,Pleasant Ridge,31,22,12,9,183.2632,358.7444,7268.072573,3683.009425,1571.93968,901.1055608,227.2544769,4.510190322,0.117650837,0.892514094,1.953138402,1,675930.7493,3048576.324,129539.3569,0.042491755,15909.87653,0.023537732,0.95854358
8,2025,Queensgate,31,22,12,9,183.2632,358.7444,301.3296813,97.78087649,90.51992032,42.35557769,21.78286853,4.510190322,0.571782178,0.501564864,2.42,1,28023.66036,126392.0417,16714.30894,0.132241783,904.3520916,0.03227102,0.666077667
8,2025,Riverside,31,22,12,9,183.2632,358.7444,2268.610778,840.8323353,659.8922156,318.1556886,109.9520958,4.510190322,0.34436223,0.804213119,2.771670429,1,210980.8024,951563.5731,86562.3027,0.090968491,6036.31976,0.028610754,0.923792364
8,2025,Roselawn,31,22,12,9,183.2632,358.7444,7375,3604,1483,1030,148,4.510190322,0.249167592,0.709520885,1.98616494,1,685875,3093426.787,268460.3927,0.086784143,16609.8,0.024216949,0.820521977
8,2025,Sayler Park,31,22,12,9,183.2632,358.7444,2713,1183,739,439,160,4.510190322,0.22569738,0.859207145,2.297347551,1,252309,1137961.61,79820.629,0.070143517,8445.9,0.03347443,0.962825092
8,2025,Sedamsville,31,22,12,9,183.2632,358.7444,715.3892216,196.1676647,256.1077844,77.84431138,56.04790419,4.510190322,0.359126984,0.73035819,3.5,1,66531.1976,300068.3635,21061.0173,0.070187397,1887.88024,0.028375864,0.828921451
8,2025,South Cumminsville,31,22,12,9,183.2632,358.7444,902.8170988,323.3861247,392.4540995,357.9201121,0,4.510190322,0.745995423,0.330463302,2.78,1,83961.99019,378684.5556,72120.94847,0.190451254,5046.673581,0.060106646,0.581021202
8,2025,South Fairmount,31,22,12,9,183.2632,358.7444,2319,960,667,259,102,4.510190322,0.2375,0.700960253,2.27,1,215667,972699.2162,68161.436,0.070074525,5090.1,0.023601664,0.794636442
8,2025,Spring Grove Village,31,22,12,9,183.2632,358.7444,1996,881,469,296,133,4.510190322,0.238365494,0.766607052,2.25,1,185628,837217.6091,62780.27,0.074986801,6048.9,0.03258614,0.874179992
8,2025,Villages at Roll Hill,31,22,12,9,183.2632,358.7444,2196,895,1128,574,206,4.510190322,0.612290503,0.404011237,2.45,1,204228,921107.1491,163826.6093,0.177858363,10998,0.053851578,0.635721177
8,2025,Walnut Hills,31,22,12,9,183.2632,358.7444,6176,3528,737,354,201,4.510190322,0.306405896,0.802111614,1.741359925,0.69,574368,2590508.995,323168.9137,0.124751126,5399.595,0.009400933,0.936263672
8,2025,West End,31,22,12,9,183.2632,358.7444,6929.284974,3429.00148,2061.355292,1159.994078,178,4.510190322,0.452993482,0.699636422,2.046430172,1,644423.5026,2906472.645,464369.311,0.159770749,18865.71651,0.029275339,0.88868251
8,2025,West Price Hill,31,22,12,9,183.2632,358.7444,18669.39287,7441.500965,5187.970243,3128.862443,1039.131704,4.510190322,0.184977762,0.81171887,2.495004634,1,1736253.537,7830833.898,411513.3678,0.052550389,58768.71748,0.033848004,0.898117264
8,2025,Westwood,31,22,12,9,183.2632,358.7444,34095.91165,15214.73429,9589.600833,5082.343116,1146.751113,4.510190322,0.210256413,0.819990704,2.250008974,1,3170919.783,14301451.72,956351.4215,0.066870933,87830.22862,0.02769866,0.914560297
8,2025,Winton Hills,31,22,12,9,183.2632,358.7444,4681,2540,1351,691,121,4.510190322,0.546850394,0.672854039,1.84,1,435333,1963434.683,415246.643,0.211489919,11449.2,0.026299867,0.910643825
9,2019,Avondale,30,11,0,19,123.44,246.42,12570,5516,3724,1951,395,3.17,0.385605511,0.661131539,2.148326173,1,1131300,3586221,436779.45,0.121793791,57946.2,0.051220896,0.834146226
9,2019,Bond Hill,30,11,0,19,123.44,246.42,7174,3182,1642,974,210,3.17,0.166561911,0.861170719,2.209983273,1,645660,2046742.2,108835.5,0.053174992,29244.8,0.045294427,0.959640138
9,2019,California,30,11,0,19,123.44,246.42,976,373,197,71,77,3.17,0,0.995655354,2.62,0.13,87840,278452.8,0,0,475.228,0.005410155,1.001065509
9,2019,Camp Washington,30,11,0,19,123.44,246.42,1396,446,230,90,47,3.17,0.311659193,0.850194744,2.36,1,125640,398278.8,28543.65,0.07166751,3383.9,0.026933301,0.948795556
9,2019,Carthage,30,11,0,19,123.44,246.42,2940,1039,1017,569,245,3.17,0.26852743,0.798250225,2.82,1,264600,838782,57292.65,0.068304577,20105.8,0.075985639,0.942540441
9,2019,Clifton,30,11,0,19,123.44,246.42,8552,4156,1437,824,202,3.17,0.063282002,0.867285366,2.05898971,0.4,769680,2439885.6,54007.05,0.022135075,10136.88,0.013170253,0.902590694
9,2019,College Hill,30,11,0,19,123.44,246.42,16403,7201,3858,2424,568,3.17,0.147896126,0.848234995,2.259642139,1,1476270,4679775.9,218697.75,0.046732526,73902.4,0.050060219,0.94502774
9,2019,Columbia Tusculum,30,11,0,19,123.44,246.42,1573,741.3396774,288.7216129,145.6293548,42.11580645,3.17,0,0.985060788,2.12,0.13,141570,448776.9,0,0,602.8497129,0.004258315,0.989319104
9,2019,Corryville,30,11,0,19,123.44,246.42,3984,1863,206,56,28,3.17,0.088030059,0.707081154,2.07188253,1,358560,1136635.2,33677.4,0.029629031,2074.8,0.005786479,0.742496665
9,2019,CUF,30,11,0,19,123.44,246.42,16974,5547,607,271,122,3.17,0.07066883,0.757190222,2.238798162,1,1527660,4842682.2,80497.2,0.016622441,9707.1,0.006354228,0.780166892
9,2019,Downtown,30,11,0,19,123.44,246.42,3857,2785.980015,161.0910437,42.35603257,9.401184308,3.17,0.105997329,0.894340912,1.355066114,1,347130,1100402.1,60641.17739,0.055108199,1278.403257,0.00368278,0.95313189
9,2019,East End,30,11,0,19,123.44,246.42,1601,747,314,157,70,3.17,0.096385542,0.906127111,2.13,1,144090,456765.3,14785.2,0.032369359,5606.9,0.038912485,0.977408955
9,2019,East Price Hill,30,11,0,19,123.44,246.42,13848,5640,3857,2225,513,3.17,0.322695035,0.787443661,2.411106297,1,1246320,3950834.4,373737,0.094596979,67628.6,0.054262629,0.936303269
9,2019,East Walnut Hills,30,11,0,19,123.44,246.42,3905,2374.665167,354.968509,161.9228792,64.96015424,3.17,0.054825481,0.939804694,1.627011524,1,351450,1114096.5,26734.95993,0.023996988,5604.010925,0.0159454,0.979747082
9,2019,East Westwood,30,11,0,19,123.44,246.42,2503,1090.543121,808.9919768,456.4381182,169.6380157,3.17,0.33312742,0.744960522,2.271434279,1,225270,714105.9,74601.56373,0.104468488,15464.08051,0.06864687,0.918075881
9,2019,English Woods,30,11,0,19,123.44,246.42,474,204.5326969,158.8295943,87.10739857,25.11408115,3.17,0.369469027,0.633179512,2.26,1,42660,135232.2,15517.99074,0.114750708,2771.870549,0.064975868,0.812906089
9,2019,Evanston,30,11,0,19,123.44,246.42,8382,3597.707265,1822.861401,1000.732867,406.494777,3.17,0.188057913,0.833913829,2.158989501,0.36,754380,2391384.6,138935.1526,0.058098205,12513.06821,0.016587222,0.908599256
9,2019,Hartwell,30,11,0,19,123.44,246.42,5397,2651,829,241,190,3.17,0.105620521,0.916339072,1.98,1,485730,1539764.1,57498,0.037342084,10645.7,0.021916909,0.975598064
9,2019,Hyde Park,30,11,0,19,123.44,246.42,13291,6703,2567,1591,218,3.17,0.016261376,0.954528694,1.971784666,0.65,1196190,3791922.3,22383.15,0.00590285,29043.495,0.024280002,0.984711546
9,2019,Kennedy Heights,30,11,0,19,123.44,246.42,5057,2619,865,427,34,3.17,0.107674685,0.909102727,1.92,1,455130,1442762.1,57908.7,0.040137386,11386.7,0.025018566,0.974258679
9,2019,Linwood,30,11,0,19,123.44,246.42,687,268,202,127,39,3.17,0.28358209,0.750871946,2.56,1,61830,196001.1,15606.6,0.079625063,4100.2,0.066314087,0.896811096
9,2019,Lower Price Hill,30,11,0,19,123.44,246.42,761,249.3715139,284.9960159,83.37649402,51.54183267,3.17,0.531914894,0.52970774,2.29,1,68490,217113.3,27238.53212,0.125457686,3332.482669,0.048656485,0.703821911
9,2019,Madisonville,30,11,0,19,123.44,246.42,10838,5173,2288,1160,273,3.17,0.108061086,0.874742712,2.131092452,1,975420,3092081.4,114790.65,0.037124071,35395.1,0.036287035,0.948153818
9,2019,Millvale,30,11,0,19,123.44,246.42,2150,863.3146461,890.4344779,502.4702172,66.29292221,3.17,0.530541012,0.571131307,2.48,1,193500,613395,94055.19271,0.153335441,14048.44954,0.072601806,0.797068554
9,2019,Mt. Adams,30,11,0,19,123.44,246.42,1629,1030,92,46,26,3.17,0,0.971985466,1.58,0.13,146610,464753.7,0,0,231.192,0.001576918,0.973562384
9,2019,Mt. Airy,30,11,0,19,123.44,246.42,8950,3913.515048,2508.398814,1501.777465,430.7405486,3.17,0.277678133,0.769444247,2.274527374,1,805500,2553435,223153.3427,0.087393391,47733.19493,0.059259087,0.916096726
9,2019,Mt. Auburn,30,11,0,19,123.44,246.42,4641,2132,961,570,133,3.17,0.166041276,0.844227446,2.01,1,417690,1324077.3,72693.9,0.054901553,17364.1,0.04157174,0.940700739
9,2019,Mt. Lookout,30,11,0,19,123.44,246.42,4996,2118.660323,1233.278387,701.3706452,159.8841935,3.17,0,0.972236101,2.369967974,0.13,449640,1425358.8,0,0,2765.489287,0.006150452,0.978386553
9,2019,Mt. Washington,30,11,0,19,123.44,246.42,12297,5492.241856,3154.57833,1700.554633,391.2559107,3.17,0.160947887,0.892556094,2.225589981,0.45,1106730,3508334.1,181522.156,0.051740271,23250.47419,0.021008262,0.965304627
9,2019,North Avondale - Paddock Hills,30,11,0,19,123.44,246.42,4236,1513.627567,606.17009,288.3442539,103.5450687,3.17,0.20760095,0.852837131,2,1,381240,1208530.8,64527.23751,0.053393126,9679.666271,0.025389955,0.931620211
9,2019,North Fairmount,30,11,0,19,123.44,246.42,1621,699.4673031,543.1704057,297.8926014,85.88591885,3.17,0.369469027,0.633179512,2.26,1,145890,462471.3,53068.90926,0.114750708,9479.329451,0.064975868,0.812906089
9,2019,Northside,30,11,0,19,123.44,246.42,7865,3918,1410,678,239,3.17,0.164369576,0.88677349,2.006624285,1,707850,2243884.5,132245.4,0.058935921,22649.9,0.031998163,0.977707575
9,2019,Oakley,30,11,0,19,123.44,246.42,12034,6473,1256,478,247,3.17,0.052216901,0.941124033,1.834845438,1,1083060,3433300.2,69408.3,0.020216205,17907.5,0.016534172,0.977874409
9,2019,Over-the-Rhine,30,11,0,19,123.44,246.42,5200,2498,1076,598,132,3.17,0.325060048,0.812888983,1.860265385,0.65,468000,1483560,166744.2,0.112394645,11720.15,0.025043056,0.950326684
9,2019,Pendleton,30,11,0,19,123.44,246.42,1083,571,238,111,49,3.17,0.218914186,0.824800105,1.9,1,97470,308979.9,25668.75,0.083075792,3952,0.040545809,0.948421706
9,2019,Pleasant Ridge,30,11,0,19,123.44,246.42,7182,3534.503299,1409.428841,690.7728558,255.6503299,3.17,0.085550603,0.945230719,2.006922863,1,646380,2049024.6,62093.50462,0.030303933,23376.65269,0.036165495,1.011700147
9,2019,Queensgate,30,11,0,19,123.44,246.42,243,79.62848606,91.00398406,26.62350598,16.45816733,3.17,0.531914894,0.52970774,2.29,1,21870,69327.9,8697.717878,0.125457686,1064.117331,0.048656485,0.703821911
9,2019,Riverside,30,11,0,19,123.44,246.42,1772,929.6467066,299.6766467,135.7784431,49.7005988,3.17,0.179142163,0.85078079,1.920112867,1,159480,505551.6,34198.76766,0.067646443,4581.332335,0.028726689,0.947153922
9,2019,Roselawn,30,11,0,19,123.44,246.42,7627,3442,2060,1154,384,3.17,0.29110982,0.733542471,2.123861282,1,686430,2175983.1,205760.7,0.09455988,37988.6,0.055342278,0.883444629
9,2019,Sayler Park,30,11,0,19,123.44,246.42,3001,1169,690,395,136,3.17,0.127459367,0.870307156,2.56,1,270090,856185.3,30597.15,0.035736598,13115.7,0.04856048,0.954604234
9,2019,Sedamsville,30,11,0,19,123.44,246.42,520,218.3532934,118.3233533,64.22155689,25.2994012,3.17,0.386809269,0.783156815,2.26,1,46800,148356,17344.08234,0.116908533,2211.167665,0.047247172,0.947312521
9,2019,South Cumminsville,30,11,0,19,123.44,246.42,704,282.6853539,291.5655221,164.5297828,21.70707779,3.17,0.530541012,0.571131307,2.48,1,63360,200851.2,30797.60729,0.153335441,4600.050456,0.072601806,0.797068554
9,2019,South Fairmount,30,11,0,19,123.44,246.42,1981,855,453,211,131,3.17,0.392982456,0.704799795,2.09,1,178290,565179.3,68997.6,0.122080904,8447.4,0.047380111,0.87426081
9,2019,Spring Grove Village,30,11,0,19,123.44,246.42,2171,862,599,373,70,3.17,0.212296984,0.889740215,2.51,1,195390,619386.3,37579.05,0.060671426,10942.1,0.056001331,1.006412972
9,2019,Villages at Roll Hill,30,11,0,19,123.44,246.42,2348,847,1244,487,48,3.17,0.710743802,0.410982508,2.77,1,211320,669884.4,123620.7,0.184540348,13214.5,0.062533125,0.658055981
9,2019,Walnut Hills,30,11,0,19,123.44,246.42,6368,3492,1070,513,163,3.17,0.452176403,0.7327332,1.799605842,0.69,573120,1816790.4,324247.65,0.178472789,11521.068,0.020102366,0.931308355
9,2019,West End,30,11,0,19,123.44,246.42,6695,3532.019985,1595.908956,1087.643967,210.5988157,3.17,0.363444591,0.744639173,1.909876027,1,602550,1910083.5,263606.4726,0.138007827,32066.59674,0.053218151,0.93586515
9,2019,West Price Hill,30,11,0,19,123.44,246.42,18343,7664.524854,5121.964782,2655.326325,847.0986757,3.17,0.237111692,0.852876947,2.387708663,1,1650870,5233257.9,373192.5055,0.071311698,86509.89753,0.05240261,0.976591256
9,2019,Westwood,30,11,0,19,123.44,246.42,32316,14259.45688,8629.008023,4229.561882,1379.361984,3.17,0.223270087,0.84579064,2.254729236,1,2908440,9219754.8,653774.8863,0.070910225,138540.4195,0.047633927,0.964334792
9,2019,Winton Hills,30,11,0,19,123.44,246.42,6008,2268,3018,1748,402,3.17,0.547619048,0.548176713,2.65,1,540720,1714082.4,255044.7,0.148793722,53105,0.098211644,0.795182078
9,2020,Avondale,30,10,0,20,293.79,586.63,12719,5968,3390,1896,515,3.33,0.358746649,0.698973421,1.999154336,1,1144710,3811884.3,1046645.692,0.27457436,62686,0.054761468,1.028309248
9,2020,Bond Hill,30,10,0,20,293.79,586.63,7276,3243,1799,1169,149,3.33,0.134443417,0.864866589,2.200033454,1,654840,2180617.2,213142.2333,0.097743993,34268,0.05233034,1.014940923
9,2020,California,30,10,0,20,293.79,586.63,930.8790896,329.3826458,241.5704125,113.1493599,52.40967283,3.33,0,0.971241403,2.8,0.13,83779.11807,278984.4632,0,0,559.5895306,0.006679344,0.977920747
9,2020,Camp Washington,30,10,0,20,293.79,586.63,1128,412,112,33,24,3.33,0.191747573,0.893005193,1.9,1,101520,338061.6,38619.80833,0.114238968,1482,0.014598109,1.02184227
9,2020,Carthage,30,10,0,20,293.79,586.63,3021,1040,911,537,286,3.33,0.225961538,0.806840928,2.9,1,271890,905393.7,114881.7083,0.126885915,21398,0.078700945,1.012427789
9,2020,Clifton,30,10,0,20,293.79,586.63,8476,4118,1379,751,212,3.33,0.050995629,0.875841693,2.075568288,0.4,762840,2540257.2,102660.25,0.040413329,10015.2,0.013128834,0.929383857
9,2020,College Hill,30,10,0,20,293.79,586.63,16199,7263,3660,2115,618,3.33,0.144292992,0.842489456,2.210749863,1,1457910,4854840.3,512323.5333,0.105528401,71058,0.048739634,0.996757491
9,2020,Columbia Tusculum,30,10,0,20,293.79,586.63,1533.955374,712.7721151,250.8824927,120.0414576,40.70609982,3.33,0.027389277,0.962334613,2.15,0.13,138055.9836,459726.4255,9543.645482,0.020759402,543.3267441,0.003935554,0.987029568
9,2020,Corryville,30,10,0,20,293.79,586.63,4310,1868,192,75,9,3.33,0.051391863,0.705229009,2.254939759,1,387900,1291707,46930.4,0.036332078,2184,0.005630317,0.747191404
9,2020,CUF,30,10,0,20,293.79,586.63,16792,5439,516,180,190,3.33,0.05846663,0.775875336,2.201993048,1,1511280,5032562.4,155456.95,0.030890218,9620,0.006365465,0.813131019
9,2020,Downtown,30,10,0,20,293.79,586.63,3914.909697,2723.126573,201.8201332,37.58771281,0,3.33,0.115489662,0.908709516,1.400396681,1,352341.8727,1173298.436,153742.5083,0.131034444,977.2805329,0.002773671,1.042517631
9,2020,East End,30,10,0,20,293.79,586.63,1462,703,201,94,47,3.33,0.086770982,0.935705267,2.06,1,131580,438161.4,29820.35833,0.068057931,3666,0.027861377,1.031624575
9,2020,East Price Hill,30,10,0,20,293.79,586.63,14788,6063,4110,2240,563,3.33,0.309252845,0.802082883,2.421629116,1,1330920,4431963.6,916609.375,0.206817893,72878,0.054757611,1.063658387
9,2020,East Walnut Hills,30,10,0,20,293.79,586.63,3730.882391,2345.219794,238.0109254,95.55205656,27.90938303,3.33,0.042030472,0.949114357,1.57315749,1,335779.4152,1118145.453,48187.10523,0.043095561,3209.997429,0.00955984,1.001769757
9,2020,East Westwood,30,10,0,20,293.79,586.63,2594.407483,1110.703775,825.609913,480.56864,143.2812563,3.33,0.331502393,0.719523199,2.316640032,1,233496.6734,777543.9225,179998.1071,0.231495742,16220.09731,0.069466074,1.020485016
9,2020,English Woods,30,10,0,20,293.79,586.63,452.0534606,217.202864,136.4305489,76.47350835,21.49403341,3.33,0.252083333,0.721772965,2.03,1,40684.81146,135480.4221,26766.56883,0.197567799,2547.156086,0.062607051,0.981947816
9,2020,Evanston,30,10,0,20,293.79,586.63,8305.282307,3343.437259,1505.62945,782.1793541,288.1667115,3.33,0.14225908,0.880456912,2.1611644,0.36,747475.4076,2489093.107,232517.7958,0.093414664,10018.43917,0.013403035,0.987274611
9,2020,Hartwell,30,10,0,20,293.79,586.63,5213,2384,1046,412,203,3.33,0.117449664,0.913793044,2.12,1,469170,1562336.1,136880.3333,0.087612604,15990,0.034081463,1.03548711
9,2020,Hyde Park,30,10,0,20,293.79,586.63,13423,6632,2497,1401,325,3.33,0.012665862,0.953415044,2.009787826,0.65,1208070,4022873.1,41064.1,0.010207655,29169.4,0.024145455,0.987768153
9,2020,Kennedy Heights,30,10,0,20,293.79,586.63,5020,2564,821,456,28,3.33,0.097113885,0.910703138,1.95,1,451800,1504494,121725.725,0.080908083,12584,0.027853032,1.019464253
9,2020,Linwood,30,10,0,20,293.79,586.63,669.9474518,311.2997095,109.5716926,52.42751518,17.77818854,3.33,0.027389277,0.962334613,2.15,1,60295.27066,200783.2513,4168.140144,0.020759402,1825.348297,0.03027349,1.013367505
9,2020,Lower Price Hill,30,10,0,20,293.79,586.63,858.0199203,279.690239,281.9641434,89.44023904,42.44621514,3.33,0.482384824,0.59529547,2.3,1,77221.79283,257148.5701,65955.94832,0.256489656,3429.047809,0.044405183,0.896190309
9,2020,Madisonville,30,10,0,20,293.79,586.63,10708.11111,5353.468575,1880.752525,960.5347924,350.6116723,3.33,0.083063405,0.887632225,2.036783539,1,963730,3209220.9,217384.2178,0.067737381,34089.80808,0.035372779,0.990742385
9,2020,Millvale,30,10,0,20,293.79,586.63,2172.59986,849.0014015,897.9677645,539.3833217,57.25297828,3.33,0.573203194,0.545278332,2.55,1,195533.9874,651128.178,237903.0621,0.365370552,15512.5438,0.079334258,0.989983142
9,2020,Mt. Adams,30,10,0,20,293.79,586.63,1617,975,115,69,28,3.33,0,0.968495181,1.66,0.13,145530,484614.9,0,0,327.86,0.002252869,0.97074805
9,2020,Mt. Airy,30,10,0,20,293.79,586.63,8806.992291,3766.476649,2421.760119,1321.154633,452.6658265,3.33,0.231938543,0.771281074,2.33455419,1,792629.3062,2639455.589,427062.2914,0.161799385,46119.33195,0.058185247,0.991265706
9,2020,Mt. Auburn,30,10,0,20,293.79,586.63,4632,2374,708,325,162,3.33,0.136478517,0.876137822,1.804115492,1,416880,1388210.4,158390.1,0.11409661,12662,0.030373249,1.020607681
9,2020,Mt. Lookout,30,10,0,20,293.79,586.63,4936.097175,2131.928175,1133.545815,635.5310272,151.5157116,3.33,0.00888933,0.969493974,2.316645316,0.13,444248.7457,1479348.323,9264.55604,0.006262593,2660.217977,0.005988127,0.981744694
9,2020,Mt. Washington,30,10,0,20,293.79,586.63,12196.83526,5429.929707,3033.712291,1576.369099,438.2196687,3.33,0.151879582,0.908039547,2.222381882,0.45,1097715.173,3655391.527,403159.2447,0.110291672,23570.68858,0.0214725,1.039803719
9,2020,North Avondale - Paddock Hills,30,10,0,20,293.79,586.63,4209.835302,1701.342946,614.3596247,356.2685893,47.92390549,3.33,0.193256155,0.872082623,2.078163362,1,378885.1772,1261687.64,160734.174,0.127396171,10509.00486,0.027736648,1.027215442
9,2020,North Fairmount,30,10,0,20,293.79,586.63,1545.946539,742.797136,466.5694511,261.5264916,73.50596659,3.33,0.252083333,0.721772965,2.03,1,139135.1885,463320.1779,91537.14784,0.197567799,8710.843914,0.062607051,0.981947816
9,2020,Northside,30,10,0,20,293.79,586.63,7789,3910,1374,665,222,3.33,0.135805627,0.900782894,1.987628735,1,701010,2334363.3,259583.775,0.111201104,23062,0.032898247,1.044882244
9,2020,Oakley,30,10,0,20,293.79,586.63,11666.88889,6491.531425,1354.247475,449.4652076,337.3883277,3.33,0.035326436,0.95188309,1.773530829,1,1050020,3496566.6,112106.2988,0.032061823,20458.19192,0.019483621,1.003428534
9,2020,Over-the-Rhine,30,10,0,20,293.79,586.63,5407,2800,872,458,96,3.33,0.251071429,0.865757332,1.735303846,0.65,486630,1620477.9,343667.4083,0.212077813,9362.6,0.019239669,1.097074814
9,2020,Pendleton,30,10,0,20,293.79,586.63,980,476,218,92,44,3.33,0.149159664,0.880294889,2.06,1,88200,293706,34708.94167,0.118175801,3536,0.040090703,1.038561393
9,2020,Pleasant Ridge,30,10,0,20,293.79,586.63,7044.73327,3555.784166,1513.62394,880.9359095,225.2940622,3.33,0.11101451,0.916917317,1.939781398,1,634025.9943,2111306.561,192973.717,0.091400141,28761.97926,0.045364038,1.053681496
9,2020,Queensgate,30,10,0,20,293.79,586.63,273.9800797,89.30976096,90.03585657,28.55976096,13.55378486,3.33,0.482384824,0.59529547,2.3,1,24658.20717,82111.82988,21060.83501,0.256489656,1094.952191,0.044405183,0.896190309
9,2020,Riverside,30,10,0,20,293.79,586.63,1794.736527,917.6646707,227.8023952,131.2814371,36.76047904,3.33,0.14330832,0.87063014,1.913544018,1,161526.2874,537882.5371,64289.26178,0.119522865,4369.08982,0.027048785,1.01720179
9,2020,Roselawn,30,10,0,20,293.79,586.63,8119,3692,1820,1000,359,3.33,0.263001083,0.731864272,2.113471876,1,730710,2433264.3,474681.4417,0.195080099,35334,0.048355709,0.97530008
9,2020,Sayler Park,30,10,0,20,293.79,586.63,2993,1193,668,393,164,3.33,0.158424141,0.874458463,2.510073309,1,269370,897002.1,92394.225,0.103003354,14482,0.053762483,1.0312243
9,2020,Sedamsville,30,10,0,20,293.79,586.63,568.2634731,262.3353293,101.1976048,60.71856287,20.23952096,3.33,0.207715134,0.865068649,2.07,1,51143.71257,170308.5629,26638.38822,0.156412501,2104.91018,0.041156773,1.062637923
9,2020,South Cumminsville,30,10,0,20,293.79,586.63,711.4001402,277.9985985,294.0322355,176.6166783,18.74702172,3.33,0.573203194,0.545278332,2.55,1,64026.01261,213206.622,77899.42126,0.365370552,5079.456202,0.079334258,0.989983142
9,2020,South Fairmount,30,10,0,20,293.79,586.63,1843,853,423,199,54,3.33,0.296600234,0.745799126,1.94,1,165870,552347.1,123681.1583,0.223919268,6578,0.039657563,1.009375957
9,2020,Spring Grove Village,30,10,0,20,293.79,586.63,2239,889,645,434,64,3.33,0.282339708,0.824591244,2.51,1,201510,671028.3,122703.4417,0.182858818,12948,0.064254876,1.071704937
9,2020,Villages at Roll Hill,30,10,0,20,293.79,586.63,2382,844,1266,581,40,3.33,0.699052133,0.414767959,2.82,1,214380,713885.4,288426.4167,0.404023414,16146,0.075314861,0.894106235
9,2020,Walnut Hills,30,10,0,20,293.79,586.63,6382,3777,808,386,125,3.33,0.36457506,0.800911924,1.688450063,0.69,574380,1912685.4,673157.925,0.351943882,9167.34,0.015960409,1.168816215
9,2020,West End,30,10,0,20,293.79,586.63,7714.090303,3427.873427,2694.179867,1503.412287,292,3.33,0.479453827,0.679860872,2.280349515,1,694268.1273,2311912.864,803442.1084,0.34752266,46680.71947,0.067237307,1.09462084
9,2020,West Price Hill,30,10,0,20,293.79,586.63,17977.5585,7434.568795,5158.830696,2798.855275,984.6436493,3.33,0.241029518,0.843703751,2.41101074,1,1617980.265,5387874.283,876009.9506,0.162589159,98370.97203,0.060798623,1.067091533
9,2020,Westwood,30,10,0,20,293.79,586.63,32214.59252,14285.29622,8935.390087,4066.43136,1436.718744,3.33,0.197181703,0.852091822,2.25775622,1,2899313.327,9654713.377,1377015.685,0.142626263,143081.9027,0.049350272,1.044068357
9,2020,Winton Hills,30,10,0,20,293.79,586.63,6204,2646,2954,1360,331,3.33,0.555933485,0.611866919,2.34,1,558360,1859338.8,719110.6083,0.386756092,43966,0.078741314,1.077364325
9,2021,Avondale,30,10,0,20,229.93,453.28,13427,5961,3578,1817,782,3.67,0.336017447,0.678530718,2.129065235,1,1208430,4434938.1,756599.8667,0.170599871,67574,0.055918837,0.905049425
9,2021,Bond Hill,30,10,0,20,229.93,453.28,7640,3312,1924,1160,158,3.67,0.125,0.873251239,2.280066908,1,687600,2523492,156381.6,0.061970317,34268,0.049837115,0.985058671
9,2021,California,30,10,0,20,229.93,453.28,930.8790896,333.8947368,238.0995733,113.4964438,53.10384068,3.67,0,0.974532007,2.77,0.13,83779.11807,307469.3633,0,0,563.1089616,0.006721352,0.98125336
9,2021,Camp Washington,30,10,0,20,229.93,453.28,1190,461,124,39,34,3.67,0.21691974,0.894907014,1.87,1,107100,393057,37773.33333,0.096101414,1898,0.017721755,1.008730183
9,2021,Carthage,30,10,0,20,229.93,453.28,2889,1107,899,566,206,3.67,0.274616079,0.817363415,2.6,1,260010,954236.7,114830.9333,0.120337997,20072,0.077197031,1.014898443
9,2021,Clifton,30,10,0,20,229.93,453.28,8544,4182,1386,828,171,3.67,0.055475849,0.869871483,2.043306829,0.4,768960,2822083.2,87634.13333,0.031052994,10389.6,0.013511236,0.914435713
9,2021,College Hill,30,10,0,20,229.93,453.28,17085,7353,3947,2269,700,3.67,0.15871073,0.812452927,2.296748156,1,1537650,5643175.5,440814.8,0.078114671,77194,0.050202582,0.940770181
9,2021,Columbia Tusculum,30,10,0,20,229.93,453.28,1546.001056,742.6786374,243.4058622,126.2719831,30.32189068,3.67,0.035234899,0.96879115,2.08,0.13,139140.0951,510644.1489,9884.604067,0.019357128,529.2872934,0.003803988,0.991952267
9,2021,Corryville,30,10,0,20,229.93,453.28,4438,1936,161,85,5,3.67,0.048553719,0.710637046,2.253644578,1,399420,1465871.4,35506.93333,0.024222407,2340,0.005858495,0.740717948
9,2021,CUF,30,10,0,20,229.93,453.28,17351,5533,603,326,155,3.67,0.053677932,0.777781785,2.291218334,1,1561590,5731035.3,112186.8,0.019575311,12506,0.008008504,0.8053656
9,2021,Downtown,30,10,0,20,229.93,453.28,4608.323464,3019.737232,182.9837158,34.24870466,0,3.67,0.108420912,0.920791648,1.445595022,1,414749.1118,1522129.24,123670.8999,0.08124862,890.4663212,0.002147,1.004187267
9,2021,East End,30,10,0,20,229.93,453.28,1497,707,222,117,41,3.67,0.111739745,0.96313056,2.09,1,134730,494459.1,29840.93333,0.060350661,4108,0.030490611,1.053971832
9,2021,East Price Hill,30,10,0,20,229.93,453.28,15139,6027,4271,2175,643,3.67,0.296996848,0.752217016,2.480657857,1,1362510,5000411.7,676142.6667,0.1352174,73268,0.053774284,0.9412087
9,2021,East Walnut Hills,30,10,0,20,229.93,453.28,3830.861183,2460.753213,256.2429306,125.5520566,25.67737789,3.67,0.026929441,0.946580765,1.542606914,1,344777.5064,1265333.449,25031.14507,0.019782252,3931.965296,0.011404356,0.977767373
9,2021,East Westwood,30,10,0,20,229.93,453.28,2454.68656,1098.389607,811.9877463,519.3576096,102.613651,3.67,0.373575999,0.726996982,2.224302837,1,220921.7904,810782.9708,154996.0722,0.191168386,16171.25278,0.073198994,0.991364363
9,2021,English Woods,30,10,0,20,229.93,453.28,488.2539379,230.778043,135.073031,67.19713604,23.30405728,3.67,0.221568627,0.728074357,2.07,1,43942.85442,161270.2757,19314.70434,0.119766053,2353.031026,0.053547523,0.901387934
9,2021,Evanston,30,10,0,20,229.93,453.28,8672.297261,3470.777016,1628.718848,822.756491,335.9758535,3.67,0.14073521,0.866051248,2.181702458,0.36,780506.7535,2864459.785,184507.8248,0.064412782,10845.73475,0.01389576,0.94435979
9,2021,Hartwell,30,10,0,20,229.93,453.28,5084,2421,960,407,270,3.67,0.090458488,0.922572537,2.03,1,457560,1679245.2,82723.6,0.049262371,17602,0.038469272,1.010304179
9,2021,Hyde Park,30,10,0,20,229.93,453.28,14090,6696,2678,1434,361,3.67,0.009109916,0.950683326,2.093173576,0.65,1268100,4653927,23041.73333,0.00495103,30335.5,0.023922009,0.979556365
9,2021,Kennedy Heights,30,10,0,20,229.93,453.28,5042,2478,890,418,40,3.67,0.086763519,0.863439283,2.02,1,453780,1665372.6,81212.66667,0.048765463,11908,0.026241791,0.938446538
9,2021,Linwood,30,10,0,20,229.93,453.28,675.2083443,324.3612358,106.3063111,55.14866649,13.24293636,3.67,0.035234899,0.96879115,2.08,1,60768.75099,223021.3161,4317.052126,0.019357128,1778.181674,0.029261448,1.017409727
9,2021,Lower Price Hill,30,10,0,20,229.93,453.28,857.2619522,274.3844622,282.7221116,110.6633466,18.94920319,3.67,0.497237569,0.566005899,2.41,1,77153.5757,283153.6228,51535.76892,0.182006391,3369.926295,0.043678161,0.791690451
9,2021,Madisonville,30,10,0,20,229.93,453.28,10328.1431,5116.823232,1645.746914,776.157688,339.3602694,3.67,0.089933637,0.863930384,2.048913084,1,929532.8788,3411385.665,173823.2565,0.050953857,29003.46689,0.031202196,0.946086436
9,2021,Millvale,30,10,0,20,229.93,453.28,2390.311843,890.4344779,964.2606868,522.8100911,59.51296426,3.67,0.611675127,0.483970406,2.67,1,215128.0659,789520.0018,205734.9615,0.26058233,15140.39944,0.070378541,0.814931277
9,2021,Mt. Adams,30,10,0,20,229.93,453.28,1611,940,134,89,31,3.67,0,0.947803977,1.71,0.13,144990,532113.3,0,0,405.6,0.002797434,0.950601411
9,2021,Mt. Airy,30,10,0,20,229.93,453.28,8782.733284,3929.412157,2344.556412,1316.05278,373.766642,3.67,0.226574217,0.744310778,2.229856983,1,790445.9956,2900936.804,336297.3027,0.115927139,43935.30497,0.055582931,0.915820847
9,2021,Mt. Auburn,30,10,0,20,229.93,453.28,4811,2573,712,390,151,3.67,0.158958414,0.860787614,1.750066796,1,432990,1589073.3,154492.9333,0.097222031,14066,0.032485739,0.990495383
9,2021,Mt. Lookout,30,10,0,20,229.93,453.28,5051.790599,2169.960127,1191.287827,626.5793504,164.435173,3.67,0.011706647,0.969539695,2.336911529,0.13,454661.1539,1668606.435,9595.543808,0.005750633,2673.629089,0.005880487,0.981170816
9,2021,Mt. Washington,30,10,0,20,229.93,453.28,12483.0966,5465.23091,3053.730015,1620.465724,681.9047985,3.67,0.130170228,0.909940127,2.261685777,0.45,1123478.694,4123166.808,268723.4041,0.065174032,26937.73511,0.023977077,0.999091235
9,2021,North Avondale - Paddock Hills,30,10,0,20,229.93,453.28,4352.841557,1743.469771,617.038221,334.6914524,117.3467686,3.67,0.155593612,0.880778935,2.099291785,1,391755.7401,1437743.566,102468.7634,0.071270542,11752.99375,0.030000821,0.982050298
9,2021,North Fairmount,30,10,0,20,229.93,453.28,1669.746062,789.221957,461.926969,229.802864,79.69594272,3.67,0.221568627,0.728074357,2.07,1,150277.1456,551517.1243,66053.02899,0.119766053,8046.968974,0.053547523,0.901387934
9,2021,Northside,30,10,0,20,229.93,453.28,7965,4049,1390,654,270,3.67,0.097061003,0.896129559,1.963954228,1,716850,2630839.5,148449.2,0.056426551,24024,0.033513287,0.986069398
9,2021,Oakley,30,10,0,20,229.93,453.28,11310.8569,6355.176768,1271.253086,532.842312,163.6397306,3.67,0.033488522,0.946221026,1.75428702,1,1017977.121,3735976.035,80391.27684,0.021518146,18108.53311,0.017788743,0.985527914
9,2021,Over-the-Rhine,30,10,0,20,229.93,453.28,5712,2976,893,456,143,3.67,0.228158602,0.865310959,1.766196154,0.65,514080,1886673.6,256480.9333,0.135943458,10123.1,0.019691682,1.020946099
9,2021,Pendleton,30,10,0,20,229.93,453.28,1018,509,223,116,30,3.67,0.106090373,0.892919279,2,1,91620,336245.4,20397.6,0.060662837,3796,0.041432002,0.995014118
9,2021,Pleasant Ridge,30,10,0,20,229.93,453.28,7326.252592,3596.025448,1421.01131,749.3854854,189.8831291,3.67,0.111246761,0.906729328,2.000969089,1,659362.7333,2419861.231,151110.7781,0.062446051,24420.98398,0.037037252,1.006212632
9,2021,Queensgate,30,10,0,20,229.93,453.28,273.7380478,87.61553785,90.27788845,35.33665339,6.050796813,3.67,0.497237569,0.566005899,2.41,1,24636.4243,90415.67719,16456.23108,0.182006391,1076.073705,0.043678161,0.791690451
9,2021,Riverside,30,10,0,20,229.93,453.28,1612.790419,737.7125749,260.4850299,139.6047904,32.31736527,3.67,0.210060228,0.823390031,2.149051919,1,145151.1377,532704.6754,58535.09541,0.109882826,4469.976048,0.030795322,0.96406818
9,2021,Roselawn,30,10,0,20,229.93,453.28,7056,3035,1647,887,249,3.67,0.228336079,0.749102912,2.200778812,1,635040,2330596.8,261769.2,0.112318527,29536,0.046510456,0.907931895
9,2021,Sayler Park,30,10,0,20,229.93,453.28,3122,1287,721,462,133,3.67,0.172494172,0.836237043,2.427624125,1,280980,1031196.6,83856.8,0.081319896,15470,0.055057299,0.972614239
9,2021,Sedamsville,30,10,0,20,229.93,453.28,570.2095808,206.2874251,147.5149701,72.39520958,18.68263473,3.67,0.203773585,0.785877964,2.64,1,51318.86228,188340.2246,15878.37126,0.084306851,2368.023952,0.046143345,0.91632816
9,2021,South Cumminsville,30,10,0,20,229.93,453.28,782.688157,291.5655221,315.7393132,171.1899089,19.48703574,3.67,0.611675127,0.483970406,2.67,1,70441.93413,258521.8982,67366.23854,0.26058233,4957.600561,0.070378541,0.814931277
9,2021,South Fairmount,30,10,0,20,229.93,453.28,1948,879,467,238,64,3.67,0.360637088,0.72152678,2.02,1,175320,643424.4,119741.4667,0.186100289,7852,0.044786676,0.952413744
9,2021,Spring Grove Village,30,10,0,20,229.93,453.28,2167,885,569,353,63,3.67,0.246327684,0.829347783,2.44,1,195030,715760.1,82345.86667,0.115046741,10816,0.055458135,0.999852659
9,2021,Villages at Roll Hill,30,10,0,20,229.93,453.28,2556,861,1464,770,35,3.67,0.766550523,0.394923892,2.97,1,230040,844246.8,249304,0.295297536,20930,0.090984177,0.781205605
9,2021,Walnut Hills,30,10,0,20,229.93,453.28,6121,3661,769,356,74,3.67,0.356186834,0.781163163,1.662482726,0.69,550890,2021766.3,492564.2667,0.243630664,7714.2,0.014003159,1.038796986
9,2021,West End,30,10,0,20,229.93,453.28,8108.676536,3560.262768,2883.016284,1662.751295,282,3.67,0.4933898,0.676673033,2.308115011,1,729780.8882,2678295.86,663525.3668,0.247741624,50563.53368,0.069285911,0.993700568
9,2021,West Price Hill,30,10,0,20,229.93,453.28,19033.09943,7620.713062,5323.327424,2962.558573,1141.668963,3.67,0.227960123,0.832467257,2.488727035,1,1712978.949,6286632.742,656205.4065,0.104381063,106709.9159,0.062294937,0.999143257
9,2021,Westwood,30,10,0,20,229.93,453.28,33395.31344,14676.61039,9045.012254,4450.64239,1192.386349,3.67,0.209562557,0.822624938,2.291599517,1,3005578.21,11030472.03,1161782.328,0.105324806,146718.7472,0.048815481,0.976765225
9,2021,Winton Hills,30,10,0,20,229.93,453.28,6294,2662,3029,1366,361,3.67,0.51014275,0.569889451,2.36,1,566460,2078908.2,512961.8667,0.2467458,44902,0.079267733,0.895902984
9,2022,Avondale,30,10,0,20,238.58,467.9,12792,5700,3094,1540,797,4.1,0.34877193,0.690980596,2.096732697,1,1151280,4720248,775154.3333,0.164218985,60762,0.052777778,0.907977358
9,2022,Bond Hill,30,10,0,20,238.58,467.9,7287,3139,1780,1167,192,4.1,0.153552087,0.86942799,2.290075272,1,655830,2688903,187939.8333,0.069894613,35334,0.053876767,0.993199369
9,2022,California,30,10,0,20,238.58,467.9,929.4907539,341.8776671,256.1479374,125.2972973,57.61593172,4.1,0.023350254,0.969585022,2.71,0.13,83654.16785,342982.0882,3112.677572,0.009075336,618.2467141,0.007390507,0.986050864
9,2022,Camp Washington,30,10,0,20,238.58,467.9,1151,479,106,59,17,4.1,0.219206681,0.888968813,1.78,1,103590,424719,40941.25,0.096396088,1976,0.0190752,1.004440101
9,2022,Carthage,30,10,0,20,238.58,467.9,2759,1055,821,527,173,4.1,0.232227488,0.783555874,2.61,1,248310,1018071,95529.58333,0.093833911,18200,0.073295477,0.950685262
9,2022,Clifton,30,10,0,20,238.58,467.9,8311,4192,1066,556,124,4.1,0.070849237,0.872889824,1.977352666,0.4,747990,3066759,115805.25,0.037761445,7072,0.009454672,0.92010594
9,2022,College Hill,30,10,0,20,238.58,467.9,16578,7214,3674,1973,744,4.1,0.174383144,0.81169804,2.262897641,1,1492020,6117282,490515.1667,0.080185149,70642,0.04734655,0.939229739
9,2022,Columbia Tusculum,30,10,0,20,238.58,467.9,1527.30948,742.2632691,232.6062847,103.0113546,34.47557433,4.1,0.040850588,0.969597306,2.05,0.13,137457.8532,563577.198,11823.01054,0.020978511,464.7058199,0.003380715,0.993956532
9,2022,Corryville,30,10,0,20,238.58,467.9,4593,1944,313,99,2,4.1,0.036522634,0.654416473,2.308411145,1,413370,1694817,27684.08333,0.016334556,2626,0.006352662,0.677103692
9,2022,CUF,30,10,0,20,238.58,467.9,17703,5839,590,332,135,4.1,0.047097106,0.778482266,2.260336397,1,1593270,6532407,107227.0833,0.016414636,12142,0.007620805,0.802517707
9,2022,Downtown,30,10,0,20,238.58,467.9,5257.262028,3281.935603,263.9726129,50.43523316,0,4.1,0.057514217,0.93358807,1.474933886,1,473153.5825,1939929.688,73599.87343,0.037939454,1311.316062,0.002771439,0.974298962
9,2022,East End,30,10,0,20,238.58,467.9,1430,707,161,88,24,4.1,0.101838755,0.944726758,2,1,128700,527670,28074,0.053203707,2912,0.022626263,1.020556727
9,2022,East Price Hill,30,10,0,20,238.58,467.9,15908,6082,5021,2667,762,4.1,0.29118711,0.723129086,2.611281774,1,1431720,5870052,690542.4167,0.117638211,89154,0.062270556,0.903037853
9,2022,East Walnut Hills,30,10,0,20,238.58,467.9,4012.088046,2493.270566,399.2056555,215.1201799,60.33868895,4.1,0.035380584,0.913265016,1.603667093,1,361087.9242,1480460.489,34395.86225,0.023233219,7161.930591,0.019834312,0.956332547
9,2022,East Westwood,30,10,0,20,238.58,467.9,2434.307438,1059.651077,735.5904287,462.9622519,116.2436471,4.1,0.373495044,0.696477431,2.276188574,1,219087.6694,898259.4445,154319.0446,0.171797854,15059.35337,0.068736654,0.937011938
9,2022,English Woods,30,10,0,20,238.58,467.9,489.8377088,235.3031026,125.1178998,51.58568019,21.94653938,4.1,0.273076923,0.710655115,2.05,1,44085.39379,180750.1146,25054.42578,0.138613609,1911.837709,0.043366692,0.892635417
9,2022,Evanston,30,10,0,20,238.58,467.9,8354.011328,3434.786071,1417.954873,731.6112308,313.4879268,4.1,0.112565559,0.869583815,2.133520639,0.36,751861.0195,3082630.18,150756.8392,0.048905263,9782.128114,0.013010554,0.931499632
9,2022,Hartwell,30,10,0,20,238.58,467.9,5237,2448,965,379,237,4.1,0.100081699,0.917389358,2.04,1,471330,1932453,95529.58333,0.049434363,16016,0.033980438,1.000804159
9,2022,Hyde Park,30,10,0,20,238.58,467.9,13530,6580,2465,1297,355,4.1,0.013981763,0.94137498,2.039088857,0.65,1217700,4992570,35872.33333,0.007185144,27918.8,0.022927486,0.97148761
9,2022,Kennedy Heights,30,10,0,20,238.58,467.9,4714,2372,795,352,69,4.1,0.1306914,0.828223603,1.98,1,424260,1739466,120874.1667,0.069489238,10946,0.025800217,0.923513058
9,2022,Linwood,30,10,0,20,238.58,467.9,667.0448904,324.1798257,101.5896488,44.98970161,15.05703723,4.1,0.040850588,0.969597306,2.05,1,60034.04014,246139.5646,5163.641603,0.020978511,1561.21521,0.0260055,1.016581317
9,2022,Lower Price Hill,30,10,0,20,238.58,467.9,877.7270916,288.0278884,288.0278884,91.71414343,47.75199203,4.1,0.621052632,0.517487295,2.37,1,78995.43825,323881.2968,69748.47975,0.215351984,3626.119522,0.045902898,0.778742176
9,2022,Madisonville,30,10,0,20,238.58,467.9,10685.46577,5292.751964,1716.369809,732.0976431,342.6060606,4.1,0.099709447,0.845874785,2.041209633,1,961691.9192,3942936.869,205773.5976,0.052187901,27942.2963,0.029055351,0.927118037
9,2022,Millvale,30,10,0,20,238.58,467.9,2341.34548,890.4344779,1023.773651,662.1758935,74.57953749,4.1,0.602368866,0.476951667,2.62,1,210721.0932,863956.4821,209139.6052,0.242071921,19155.64121,0.090905191,0.809928779
9,2022,Mt. Adams,30,10,0,20,238.58,467.9,1643,977,114,80,16,4.1,0,0.941869806,1.68,0.13,147870,606267,0,0,324.48,0.00219436,0.944064165
9,2022,Mt. Airy,30,10,0,20,238.58,467.9,8913.806968,3893.991994,2475.059451,1374.247739,386.149444,4.1,0.250267048,0.711869148,2.277665922,1,802242.6271,3289194.771,379988.5617,0.115526318,45770.32676,0.057052973,0.884448439
9,2022,Mt. Auburn,30,10,0,20,238.58,467.9,4705,2583,603,416,113,4.1,0.14324429,0.838284446,1.705475113,1,423450,1736145,144269.1667,0.083097418,13754,0.032480812,0.953862676
9,2022,Mt. Lookout,30,10,0,20,238.58,467.9,5009.64563,2186.556905,1170.804067,611.9989438,164.4673884,4.1,0.013461883,0.972702418,2.299967974,0.13,450868.1067,1848559.237,11477.26452,0.006208762,2624.456203,0.005820896,0.984732075
9,2022,Mt. Washington,30,10,0,20,238.58,467.9,12436.34362,5527.69696,3001.501673,1566.027132,764.2803732,4.1,0.114884969,0.901115514,2.223608197,0.45,1119270.926,4589010.796,247616.3041,0.053958536,27264.59781,0.024359248,0.979433298
9,2022,North Avondale - Paddock Hills,30,10,0,20,238.58,467.9,4240.900625,1687.943363,666.8394719,393.2685893,104.1733843,4.1,0.179003648,0.874775752,2.117322946,1,381681.0563,1564892.331,117812.5486,0.075284763,12933.49131,0.033885599,0.983946114
9,2022,North Fairmount,30,10,0,20,238.58,467.9,1675.162291,804.6968974,427.8821002,176.4143198,75.05346062,4.1,0.273076923,0.710655115,2.05,1,150764.6062,618134.8854,85681.90756,0.138613609,6538.162291,0.043366692,0.892635417
9,2022,Northside,30,10,0,20,238.58,467.9,8200,4053,1354,559,240,4.1,0.098198865,0.899673792,2.025715194,1,738000,3025800,155186.8333,0.051287869,20774,0.028149051,0.979110712
9,2022,Oakley,30,10,0,20,238.58,467.9,11265.53423,6513.248036,1219.630191,484.9023569,118.3939394,4.1,0.019999642,0.943024935,1.708637195,1,1013898.081,4156982.131,50791.56902,0.012218376,15685.7037,0.015470691,0.970714002
9,2022,Over-the-Rhine,30,10,0,20,238.58,467.9,5657,3047,795,406,143,4.1,0.208729898,0.875445421,1.708942308,0.65,509130,2087433,247987,0.118799981,9278.1,0.01822344,1.012468842
9,2022,Pendleton,30,10,0,20,238.58,467.9,1134,550,251,145,40,4.1,0.125454545,0.900215501,2.06,1,102060,418446,26904.25,0.064295632,4810,0.04712914,1.011640273
9,2022,Pleasant Ridge,30,10,0,20,238.58,467.9,7184.554194,3642.132893,1438.686145,853.2770971,149.8831291,4.1,0.135636621,0.887994463,1.938428014,1,646609.8775,2651100.498,192621.4058,0.07265715,26082.16588,0.040336789,1.000988401
9,2022,Queensgate,30,10,0,20,238.58,467.9,280.2729084,91.97211155,91.97211155,29.28585657,15.24800797,4.1,0.621052632,0.517487295,2.37,1,25224.56175,103420.7032,22271.85359,0.215351984,1157.880478,0.045902898,0.778742176
9,2022,Riverside,30,10,0,20,238.58,467.9,2008.023952,826.0538922,418.1976048,213.6107784,33.59281437,4.1,0.19557669,0.824574948,2.420248307,1,180722.1557,740960.8383,62993.72255,0.085016264,6427.293413,0.035564502,0.945155715
9,2022,Roselawn,30,10,0,20,238.58,467.9,7692,3558,1970,1287,248,4.1,0.24480045,0.708884333,2.11616494,1,692280,2838348,339617.4167,0.119653199,39910,0.057650084,0.886187615
9,2022,Sayler Park,30,10,0,20,238.58,467.9,2902,1186,710,402,133,4.1,0.15851602,0.861450757,2.442799067,1,261180,1070838,73304.33333,0.06845511,13910,0.053258289,0.983164156
9,2022,Sedamsville,30,10,0,20,238.58,467.9,556.9760479,196.9461078,158.8023952,65.38922156,21.40718563,4.1,0.322134387,0.747090832,2.69,1,50127.84431,205524.1617,24737.52745,0.120363111,2256.706587,0.045019023,0.912472966
9,2022,South Cumminsville,30,10,0,20,238.58,467.9,766.65452,291.5655221,335.226349,216.8241065,24.42046251,4.1,0.602368866,0.476951667,2.62,1,68998.9068,282895.5179,68481.06143,0.242071921,6272.358795,0.090905191,0.809928779
9,2022,South Fairmount,30,10,0,20,238.58,467.9,1926,888,474,242,77,4.1,0.30518018,0.712572081,1.98,1,173340,710694,105667.4167,0.148682016,8294,0.04784816,0.909102257
9,2022,Spring Grove Village,30,10,0,20,238.58,467.9,2220,922,515,362,65,4.1,0.245119306,0.782147981,2.4,1,199800,819180,88121.16667,0.10757241,11102,0.055565566,0.945285957
9,2022,Villages at Roll Hill,30,10,0,20,238.58,467.9,2503,864,1444,819,77,4.1,0.706018519,0.369700104,2.9,1,225270,923607,237849.1667,0.257522049,23296,0.103413681,0.730635834
9,2022,Walnut Hills,30,10,0,20,238.58,467.9,6431,3677,860,364,186,4.1,0.342398695,0.782790116,1.751691269,0.69,578790,2373039,490905.0833,0.206867685,9867,0.017047634,1.006705434
9,2022,West End,30,10,0,20,238.58,467.9,7764.737972,3603.064397,2293.027387,1263.564767,234,4.1,0.464949237,0.690893072,2.177132188,1,698826.4175,2865188.312,653204.7932,0.227979708,38936.68394,0.055717247,0.974590026
9,2022,West Price Hill,30,10,0,20,238.58,467.9,18961.63553,7517.694487,5411.251034,3232.174391,1144.64663,4.1,0.196647414,0.81024671,2.514935943,1,1706547.198,6996843.51,576427.5245,0.082383938,113797.3465,0.066682801,0.959313449
9,2022,Westwood,30,10,0,20,238.58,467.9,32780.69256,14571.34892,8579.409571,3879.037748,1322.756353,4.1,0.218389223,0.819417792,2.263472583,1,2950262.331,12096075.56,1240802.789,0.102578955,135246.6466,0.045842244,0.967838991
9,2022,Winton Hills,30,10,0,20,238.58,467.9,6741,2746,3304,1617,595,4.1,0.494901675,0.542016339,2.45,1,606690,2487429,529896.75,0.2130299,57512,0.094796354,0.849842592
9,2023,Avondale,30,11,0,19,181.5784,350.5881,12825,5866,3070,1560,841,4.2845,0.423968633,0.688056323,2.051463803,1,1154250,4945384.125,726593.8373,0.14692364,59304.7,0.051379424,0.886359387
9,2023,Bond Hill,30,11,0,19,181.5784,350.5881,6723,3165,1495,1154,129,4.2845,0.165876777,0.861707486,2.105112908,1,605070,2592422.415,153382.2938,0.059165626,31690.1,0.052374271,0.973247382
9,2023,California,30,11,0,19,181.5784,350.5881,954.8278805,335.9772404,260.6600284,135.3627312,45.46799431,4.2845,0.026859504,0.983597254,2.83,0.13,85934.50925,368186.4049,2636.475707,0.007160709,580.6474595,0.00675686,0.997514823
9,2023,Camp Washington,30,11,0,19,181.5784,350.5881,1128,520,109,67,18,4.2845,0.309615385,0.86960362,1.61,1,101520,434962.44,47037.23675,0.108140916,2099.5,0.020680654,0.99842519
9,2023,Carthage,30,11,0,19,181.5784,350.5881,2962,1094,905,576,145,4.2845,0.174588665,0.808487356,2.7,1,266580,1142162.01,55801.93925,0.048856413,17808.7,0.066804336,0.924148105
9,2023,Clifton,30,11,0,19,181.5784,350.5881,8012,4101,1091,543,155,4.2845,0.058522312,0.895678177,1.940058466,0.4,721080,3089467.26,70117.62,0.022695699,6896.24,0.009563765,0.927937642
9,2023,College Hill,30,11,0,19,181.5784,350.5881,16324,7124,3721,2033,828,4.2845,0.20620438,0.813060802,2.238321039,1,1469160,6294616.02,429178.2657,0.068181802,70666.7,0.048100071,0.929342675
9,2023,Columbia Tusculum,30,11,0,19,181.5784,350.5881,1597.922102,755.1396884,284.111962,159.086084,25.33747029,4.2845,0.048954895,0.980076407,2.11,0.13,143812.9892,616166.7521,10800.38778,0.017528352,592.1840327,0.004117737,1.001722496
9,2023,Corryville,30,11,0,19,181.5784,350.5881,4442,1987,267,78,1,4.2845,0.023653749,0.686047929,2.159706325,1,399780,1712857.41,13731.36725,0.008016644,1951.3,0.004880935,0.698945507
9,2023,CUF,30,11,0,19,181.5784,350.5881,17903,6110,478,165,120,4.2845,0.052373159,0.77211139,2.154798515,1,1611270,6903486.315,93490.16,0.013542456,7039.5,0.004368914,0.79002276
9,2023,Downtown,30,11,0,19,181.5784,350.5881,5501.109548,3389.128053,229.8482605,28.20355292,0,4.2845,0.072973797,0.934914516,1.449603319,1,495099.8594,2121255.347,72255.48945,0.034062608,696.6277572,0.001407045,0.970384169
9,2023,East End,30,11,0,19,181.5784,350.5881,1306,681,172,111,38,4.2845,0.114537445,0.955370044,1.9,1,117540,503600.13,22788.2265,0.045250637,3680.3,0.031311043,1.031931723
9,2023,East Price Hill,30,11,0,19,181.5784,350.5881,15955,6112,5263,2574,882,4.2845,0.296138743,0.73184202,2.599238879,1,1435950,6152327.775,528803.7175,0.085951812,85363.2,0.059447195,0.877241027
9,2023,East Walnut Hills,30,11,0,19,181.5784,350.5881,3876.895887,2470.430591,361.3496144,200.8348329,39.33868895,4.2845,0.03423318,0.915068833,1.552788732,1,348920.6298,1494950.438,24707.89913,0.016527571,5932.28599,0.017001821,0.948598225
9,2023,East Westwood,30,11,0,19,181.5784,350.5881,2446.440728,1082.362735,662.7084265,423.8682901,112.1505178,4.2845,0.403008497,0.730271131,2.233280064,1,220179.6656,943359.7771,127439.1773,0.135090747,13239.66456,0.060131187,0.925493065
9,2023,English Woods,30,11,0,19,181.5784,350.5881,494.8152745,231.9093079,114.9365155,56.78949881,23.98281623,4.2845,0.24195122,0.715299412,2.1,1,44533.3747,190803.2439,16393.1314,0.085916419,1995.076181,0.044799573,0.846015404
9,2023,Evanston,30,11,0,19,181.5784,350.5881,8421.154843,3511.949534,1469.161852,755.5963693,308.2870928,4.2845,0.090933908,0.854076328,2.101616559,0.36,757903.9359,3247239.413,93301.80543,0.028732654,9460.051746,0.012481861,0.895290842
9,2023,Hartwell,30,11,0,19,181.5784,350.5881,5403,2462,852,527,174,4.2845,0.097887896,0.924583721,2.07,1,486270,2083423.815,70409.77675,0.033795225,17314.7,0.035607173,0.993986119
9,2023,Hyde Park,30,11,0,19,181.5784,350.5881,13559,6539,2522,1119,401,4.2845,0.011010858,0.940017258,2.057848168,0.65,1220310,5228418.195,21035.286,0.00402326,24403.6,0.019997869,0.964038387
9,2023,Kennedy Heights,30,11,0,19,181.5784,350.5881,4275,2222,492,333,67,4.2845,0.143564356,0.848252783,1.91,1,384750,1648461.375,93198.00325,0.056536358,9880,0.025679012,0.930468154
9,2023,Linwood,30,11,0,19,181.5784,350.5881,697.8846052,329.8035384,124.0844996,69.48006337,11.06601532,4.2845,0.048954895,0.980076407,2.11,1,62809.61447,269107.7932,4717.016151,0.017528352,1989.488144,0.031674898,1.029279658
9,2023,Lower Price Hill,30,11,0,19,181.5784,350.5881,876.9691235,298.6394422,294.0916335,80.34462151,68.21713147,4.2845,0.631979695,0.466354618,2.32,1,78927.22112,338163.6789,55139.93068,0.163056928,3669.475299,0.046491885,0.675903431
9,2023,Madisonville,30,11,0,19,181.5784,350.5881,10561.56341,5445.440516,1620.369809,794.7861953,232.8462402,4.2845,0.096409902,0.87532009,1.957708987,1,950540.7071,4072591.659,153380.6543,0.037661683,25382.52116,0.026703245,0.939685017
9,2023,Millvale,30,11,0,19,181.5784,350.5881,2408.391731,825.648213,1009.460406,614.7161878,61.01962158,4.2845,0.515510949,0.498484702,2.9,1,216755.2558,928687.8934,124350.8802,0.133899538,16690.67449,0.077002398,0.709386638
9,2023,Mt. Adams,30,11,0,19,181.5784,350.5881,1592,984,97,65,11,4.2845,0,0.934637005,1.62,0.13,143280,613883.16,0,0,244.036,0.00170321,0.936340216
9,2023,Mt. Airy,30,11,0,19,181.5784,350.5881,8855.104818,4117.800593,2459.034396,1515.051742,311.7610082,4.2845,0.246881058,0.716394854,2.140346369,1,796959.4337,3414572.693,297008.5878,0.086982652,45122.27493,0.056618032,0.859995538
9,2023,Mt. Auburn,30,11,0,19,181.5784,350.5881,5192,2640,771,558,145,4.2845,0.15719697,0.793266802,1.851103211,1,467280,2002061.16,121245.0513,0.060560114,17364.1,0.037159947,0.890986862
9,2023,Mt. Lookout,30,11,0,19,181.5784,350.5881,5018.193293,2134.056773,1254.803538,660.4338527,168.5965144,4.2845,0.016816196,0.97521814,2.359967974,0.13,451637.3964,1935040.425,10484.54682,0.005418257,2662.016509,0.005894145,0.986530543
9,2023,Mt. Washington,30,11,0,19,181.5784,350.5881,11815.2445,5463.880907,2649.821269,1560.902515,620.874501,4.2845,0.13778012,0.908509681,2.133691957,0.45,1063372.005,4556017.355,219939.7401,0.048274562,24250.45153,0.022805238,0.97958948
9,2023,North Avondale - Paddock Hills,30,11,0,19,181.5784,350.5881,4209.94927,1687.619875,609.4885337,370.5687978,55.37421821,4.2845,0.135145368,0.902230071,2.084645892,1,378895.4343,1623377.488,66633.36144,0.041046129,10520.79249,0.027767008,0.971043207
9,2023,North Fairmount,30,11,0,19,181.5784,350.5881,1692.184726,793.0906921,393.0634845,194.2105012,82.01718377,4.2845,0.24195122,0.715299412,2.1,1,152296.6253,652514.8911,56061.7426,0.085916419,6822.823819,0.044799573,0.846015404
9,2023,Northside,30,11,0,19,181.5784,350.5881,8407,4175,1198,548,192,4.2845,0.123113772,0.879595765,2.010178004,1,756630,3241781.235,150168.5695,0.046322857,18278,0.024157118,0.95007574
9,2023,Oakley,30,11,0,19,181.5784,350.5881,11405.43659,6478.559484,1361.630191,602.2138047,115.1537598,4.2845,0.016825594,0.946980836,1.739411667,1,1026489.293,4397993.376,31846.72524,0.007241194,17718.97884,0.017261728,0.971483758
9,2023,Over-the-Rhine,30,11,0,19,181.5784,350.5881,6180,3155,840,328,149,4.2845,0.203486529,0.849835918,1.818869231,0.65,556200,2383038.9,187564.6335,0.078708171,7658.235,0.013768851,0.942312941
9,2023,Pendleton,30,11,0,19,181.5784,350.5881,1163,558,238,154,36,4.2845,0.082437276,0.89748322,2.08,1,104670,448458.615,13439.2105,0.02996756,4693,0.044836152,0.972286932
9,2023,Pleasant Ridge,30,11,0,19,181.5784,350.5881,7308.599434,3688.551367,1534.065033,828.6644675,150.332705,4.2845,0.131432997,0.883372961,1.952439432,1,657773.9491,2818232.485,141636.8214,0.050257323,24181.23016,0.036762219,0.970392504
9,2023,Queensgate,30,11,0,19,181.5784,350.5881,280.0308765,95.36055777,93.90836653,25.65537849,21.78286853,4.2845,0.631979695,0.466354618,2.32,1,25202.77888,107981.3061,17607.10007,0.163056928,1171.724701,0.046491885,0.675903431
9,2023,Riverside,30,11,0,19,181.5784,350.5881,2088.550898,829.5508982,512.3952096,212.3473054,86.07784431,4.2845,0.216450716,0.830840211,2.513273138,1,187969.5808,805355.6691,52458.75632,0.065137378,7371.101198,0.03921433,0.935191919
9,2023,Roselawn,30,11,0,19,181.5784,350.5881,7449,3583,1509,1121,162,4.2845,0.234161317,0.728904,2.031551069,1,670410,2872371.645,245119.5133,0.085336977,31690.1,0.04726973,0.861510708
9,2023,Sayler Park,30,11,0,19,181.5784,350.5881,2745,1184,682,423,106,4.2845,0.199324324,0.857092042,2.314898367,1,247050,1058485.725,68948.993,0.065139275,13066.3,0.052889294,0.97512061
9,2023,Sedamsville,30,11,0,19,181.5784,350.5881,590.4491018,200.4491018,187.6047904,48.65269461,38.92215569,4.2845,0.316504854,0.750546837,2.81,1,53140.41916,227680.1259,18535.33393,0.081409538,2163.098802,0.040705339,0.872661715
9,2023,South Cumminsville,30,11,0,19,181.5784,350.5881,788.6082691,270.351787,330.5395936,201.2838122,19.98037842,4.2845,0.515510949,0.498484702,2.9,1,70974.74422,304091.2916,40717.68356,0.133899538,5465.225508,0.077002398,0.709386638
9,2023,South Fairmount,30,11,0,19,181.5784,350.5881,1960,852,478,231,108,4.2845,0.253521127,0.718636272,2.13,1,176400,755785.8,63105.858,0.083497015,8373.3,0.047467687,0.849600973
9,2023,Spring Grove Village,30,11,0,19,181.5784,350.5881,2163,927,549,327,132,4.2845,0.252427184,0.77983631,2.32,1,194670,834063.615,68364.6795,0.081965786,11337.3,0.058238558,0.920040653
9,2023,Villages at Roll Hill,30,11,0,19,181.5784,350.5881,2262,901,1261,630,135,4.2845,0.612652608,0.359694036,2.51,1,203580,872238.51,161270.526,0.184892692,18895.5,0.092816092,0.63740282
9,2023,Walnut Hills,30,11,0,19,181.5784,350.5881,6259,3678,829,359,193,4.2845,0.347471452,0.790895394,1.714202261,0.69,563310,2413501.695,373376.3265,0.154703155,9407.736,0.016700815,0.962299364
9,2023,West End,30,11,0,19,181.5784,350.5881,7764.890452,3592.871947,2249.151739,1322.796447,198,4.2845,0.433269674,0.699608129,2.182286781,1,698840.1406,2994180.583,454795.2875,0.151893072,37563.67224,0.053751452,0.905252654
9,2023,West Price Hill,30,11,0,19,181.5784,350.5881,18811.14342,7650.011933,5370.627021,3261.091031,1051.858812,4.2845,0.201424858,0.815275332,2.450516273,1,1693002.908,7253670.958,450185.0866,0.06206307,106529.8611,0.062923614,0.940262016
9,2023,Westwood,30,11,0,19,181.5784,350.5881,34059.55927,15074.63727,9471.291574,4788.13171,1273.849482,4.2845,0.213391444,0.823986694,2.266125449,1,3065360.334,13133536.35,939809.4305,0.071557988,149730.9354,0.048846112,0.944390794
9,2023,Winton Hills,30,11,0,19,181.5784,350.5881,5401,2699,2102,1050,281,4.2845,0.519081141,0.64571331,2,1,486090,2082652.605,409311.6068,0.196533789,32875.7,0.067632949,0.909880047
9,2024,Avondale,30,11,0,19,192.92,374.22,12501,5950,3040,1641,623,4.395897,0.398991597,0.690806134,1.963373111,1,1125090,4945779.756,740331.9,0.149689622,55920.8,0.049703402,0.890199157
9,2024,Bond Hill,30,11,0,19,192.92,374.22,6399,3191,1417,905,151,4.395897,0.162331558,0.850134085,1.980091999,1,575910,2531641.041,161538.3,0.063807743,26083.2,0.04529041,0.959232238
9,2024,California,30,11,0,19,192.92,374.22,928.7965861,340.1422475,242.2645804,132.5860597,50.6742532,4.395897,0.02755102,0.976559214,2.72,0.13,83591.69275,367460.4714,2922.429303,0.007953044,588.4488649,0.007039562,0.99155182
9,2024,Camp Washington,30,11,0,19,192.92,374.22,1143,548,90,45,12,4.395897,0.313868613,0.876434088,1.55,1,102870,452205.9244,53638.2,0.118614545,1407.9,0.013686206,1.008734839
9,2024,Carthage,30,11,0,19,192.92,374.22,3183,979,1107,542,137,4.395897,0.269662921,0.733606197,3.25,1,286470,1259292.614,82328.4,0.065376704,16771.3,0.058544699,0.857527599
9,2024,Clifton,30,11,0,19,192.92,374.22,8028,4079,1068,501,166,4.395897,0.076244177,0.885250904,1.945491113,0.4,722520,3176123.5,96985.35,0.030535762,6589.96,0.009120799,0.924907465
9,2024,College Hill,30,11,0,19,192.92,374.22,15930,7147,3555,1788,776,4.395897,0.226108857,0.804704983,2.172954947,1,1433700,6302397.529,503949.6,0.07996157,63330.8,0.044172979,0.928839532
9,2024,Columbia Tusculum,30,11,0,19,192.92,374.22,1621.18273,765.9392659,265.8357539,148.7018748,29.49115395,4.395897,0.043383948,0.95904074,2.11,0.13,145906.4457,641389.7071,10362.60998,0.016156496,572.1778154,0.003921539,0.979118775
9,2024,Corryville,30,11,0,19,192.92,374.22,4277,1968,256,101,1,4.395897,0.018800813,0.67161011,2.086822289,1,384930,1692112.632,11538.45,0.006818961,2519.4,0.006545086,0.684974157
9,2024,CUF,30,11,0,19,192.92,374.22,18282,6192,456,180,92,4.395897,0.066860465,0.782651708,2.153319783,1,1645380,7232921.006,129105.9,0.017849759,6718.4,0.004083191,0.804584658
9,2024,Downtown,30,11,0,19,192.92,374.22,6070.715026,3633.99852,282.6447076,85.00592154,0,4.395897,0.063479574,0.918821977,1.484669432,1,546364.3523,2401761.417,71939.01684,0.029952607,2099.646262,0.003842942,0.952617526
9,2024,East End,30,11,0,19,192.92,374.22,1323,707,71,36,24,4.395897,0.099009901,0.948525224,1.86,1,119070,523419.4558,21829.5,0.041705557,1482,0.01244646,1.002677241
9,2024,East Price Hill,30,11,0,19,192.92,374.22,16286,6321,5352,2708,815,4.395897,0.332384116,0.71801936,2.593354997,1,1465740,6443242.069,655196.85,0.101687449,87018.1,0.059368033,0.879074842
9,2024,East Walnut Hills,30,11,0,19,192.92,374.22,3934.501285,2474.03856,308.3309769,169.5122108,25.28534704,4.395897,0.021840688,0.93192842,1.586430218,1,354105.1157,1556609.616,16850.72256,0.010825272,4811.499679,0.013587772,0.956341464
9,2024,East Westwood,30,11,0,19,192.92,374.22,2601.088353,1064.265709,734.3991673,467.6568839,122.2488875,4.395897,0.419072549,0.699829171,2.409468638,1,234097.9518,1029070.484,139086.5168,0.135157425,14570.67255,0.062241777,0.897228374
9,2024,English Woods,30,11,0,19,192.92,374.22,496.1727924,239.8281623,148.874463,74.66348449,22.85155131,4.395897,0.324528302,0.687230934,2.04,1,44655.55131,196301.204,24271.60554,0.12364471,2408.621384,0.053937782,0.864813426
9,2024,Evanston,30,11,0,19,192.92,374.22,8404.596004,3388.064636,1664.030385,884.24248,395.266425,4.395897,0.120803737,0.830442821,2.18067287,0.36,756413.6404,3325116.453,127637.3575,0.038385831,11377.39318,0.015041232,0.883869884
9,2024,Hartwell,30,11,0,19,192.92,374.22,5439,2426,1243,558,243,4.395897,0.23577906,0.843932863,2.1,1,489510,2151835.54,178378.2,0.082895833,19784.7,0.040417356,0.967246053
9,2024,Hyde Park,30,11,0,19,192.92,374.22,13303,6483,2448,1036,436,4.395897,0.016813204,0.938358409,2.031959221,0.65,1197270,5263075.601,33991.65,0.006458514,23632.96,0.01973904,0.964555964
9,2024,Kennedy Heights,30,11,0,19,192.92,374.22,4649,2401,684,380,165,4.395897,0.101624323,0.871139734,1.93,1,418410,1839287.264,76091.4,0.041370047,13461.5,0.032172988,0.944682768
9,2024,Linwood,30,11,0,19,192.92,374.22,708.0435701,334.5202007,116.1024558,64.9448112,12.88011619,4.395897,0.043383948,0.95904074,2.11,1,63723.92131,280123.7945,4525.818854,0.016156496,1922.275706,0.030165685,1.00536292
9,2024,Lower Price Hill,30,11,0,19,192.92,374.22,943.6703187,306.2191235,283.4800797,132.6444223,68.21713147,4.395897,0.571782178,0.509650105,2.42,1,84930.32869,373344.9771,54602.01529,0.146250837,4961.280378,0.058415886,0.714316828
9,2024,Madisonville,30,11,0,19,192.92,374.22,10748.04938,5684.800786,1490.818182,744.3058361,233.9118967,4.395897,0.106730738,0.887988151,1.899867134,1,967324.4444,4252258.623,189212.8,0.044497011,24161.978,0.024978153,0.957463315
9,2024,Millvale,30,11,0,19,192.92,374.22,2757.182901,987.6138753,1198.5459,1093.079888,0,4.395897,0.745995423,0.335307065,2.78,1,248146.4611,1090826.284,229757.1811,0.210626737,26999.07323,0.108802975,0.654736777
9,2024,Mt. Adams,30,11,0,19,192.92,374.22,1631,1016,90,58,15,4.395897,0,0.950534229,1.61,0.13,146790,645273.7206,0,0,234.403,0.001596859,0.952131089
9,2024,Mt. Airy,30,11,0,19,192.92,374.22,9099.048036,4234.088213,2055.363973,1319.365456,150.7451446,4.395897,0.287523462,0.802446372,2.132741899,1,818914.3232,3599863.017,379646.0975,0.105461262,36311.73183,0.044341308,0.952248941
9,2024,Mt. Auburn,30,11,0,19,192.92,374.22,5046,2650,705,474,109,4.395897,0.103018868,0.81967643,1.783449688,1,454140,1996352.664,85135.05,0.042645296,14400.1,0.031708504,0.89403023
9,2024,Mt. Lookout,30,11,0,19,192.92,374.22,5096.773699,2144.540533,1239.06179,682.353314,134.6287299,4.395897,0.015041788,0.965245402,2.387742194,0.13,458709.633,2016440.299,10059.57116,0.004988777,2623.329343,0.005718932,0.975953111
9,2024,Mt. Washington,30,11,0,19,192.92,374.22,11879.67519,5553.087735,2598.366801,1379.398705,642.950248,4.395897,0.115661466,0.905976425,2.117269253,0.45,1069170.768,4699964.569,200294.4773,0.042616167,22478.40861,0.021024152,0.969616744
9,2024,North Avondale - Paddock Hills,30,11,0,19,192.92,374.22,4878.90271,1839.896803,824.6386379,457.2453092,82.44822794,4.395897,0.066674624,0.919005919,2.27,1,439101.2439,1930243.841,38256.01996,0.019819268,13330.43037,0.030358444,0.96918363
9,2024,North Fairmount,30,11,0,19,192.92,374.22,1696.827208,820.1718377,509.125537,255.3365155,78.14844869,4.395897,0.324528302,0.687230934,2.04,1,152714.4487,671316.9868,83004.79446,0.12364471,8237.078616,0.053937782,0.864813426
9,2024,Northside,30,11,0,19,192.92,374.22,8550,4378,1275,664,146,4.395897,0.100502513,0.876720911,1.942498411,1,769500,3382642.742,137214,0.040564142,20007,0.026,0.943285053
9,2024,Oakley,30,11,0,19,192.92,374.22,11411.95062,6598.199214,1267.181818,540.6941639,72.08810325,4.395897,0.015043046,0.952669194,1.708519196,1,1027075.556,4514918.353,30953.3,0.006855783,15135.722,0.014736717,0.974261694
9,2024,Over-the-Rhine,30,11,0,19,192.92,374.22,6291,3343,715,315,73,4.395897,0.169608136,0.868197339,1.784465385,0.65,566190,2488912.922,176818.95,0.071042642,6229.34,0.011002208,0.950242189
9,2024,Pendleton,30,11,0,19,192.92,374.22,1146,596,210,132,31,4.395897,0.08557047,0.943748038,1.92,1,103140,453392.8166,15904.35,0.035078522,4026.1,0.039035292,1.017861852
9,2024,Pleasant Ridge,30,11,0,19,192.92,374.22,7268.072573,3683.009425,1571.93968,901.1055608,227.2544769,4.395897,0.117650837,0.895783889,1.953138402,1,654126.5316,2875472.858,135127.456,0.046993125,27870.49293,0.042607189,0.985384204
9,2024,Queensgate,30,11,0,19,192.92,374.22,301.3296813,97.78087649,90.51992032,42.35557769,21.78286853,4.395897,0.571782178,0.509650105,2.42,1,27119.67131,119215.2818,17435.33471,0.146250837,1584.219622,0.058415886,0.714316828
9,2024,Riverside,30,11,0,19,192.92,374.22,2268.610778,840.8323353,659.8922156,318.1556886,109.9520958,4.395897,0.34436223,0.807189532,2.771670429,1,204174.9701,897532.1384,90296.4476,0.100605253,10574.26228,0.051790199,0.959584983
9,2024,Roselawn,30,11,0,19,192.92,374.22,7375,3604,1483,1030,148,4.395897,0.249167592,0.716173201,1.98616494,1,663750,2917776.634,280041.3,0.095977635,29096.6,0.043836685,0.855987521
9,2024,Sayler Park,30,11,0,19,192.92,374.22,2713,1183,739,439,160,4.395897,0.22569738,0.862711366,2.297347551,1,244170,1073346.17,83263.95,0.077574181,14795.3,0.060594258,1.000879805
9,2024,Sedamsville,30,11,0,19,192.92,374.22,715.3892216,196.1676647,256.1077844,77.84431138,56.04790419,4.395897,0.359126984,0.733303852,3.5,1,64385.02994,283029.96,21969.5524,0.07762271,3307.137725,0.05136501,0.862291572
9,2024,South Cumminsville,30,11,0,19,192.92,374.22,902.8170988,323.3861247,392.4540995,357.9201121,0,4.395897,0.745995423,0.335307065,2.78,1,81253.53889,357182.1879,75232.11885,0.210626737,8840.626769,0.108802975,0.654736777
9,2024,South Fairmount,30,11,0,19,192.92,374.22,2319,960,667,259,102,4.395897,0.2375,0.706564387,2.27,1,208710,917467.6629,71101.8,0.077497881,8916.7,0.042722917,0.826785185
9,2024,Spring Grove Village,30,11,0,19,192.92,374.22,1996,881,469,296,133,4.395897,0.238365494,0.769126803,2.25,1,179640,789678.9371,65488.5,0.082930539,10596.3,0.058986306,0.911043648
9,2024,Villages at Roll Hill,30,11,0,19,192.92,374.22,2196,895,1128,574,206,4.395897,0.612290503,0.413092065,2.45,1,197640,868805.0831,170893.8,0.196699816,19266,0.097480267,0.707272148
9,2024,Walnut Hills,30,11,0,19,192.92,374.22,6176,3528,737,354,201,4.395897,0.306405896,0.805375246,1.741359925,0.69,555840,2443415.388,337109.85,0.137966656,9458.865,0.017017244,0.960359146
9,2024,West End,30,11,0,19,192.92,374.22,6929.284974,3429.00148,2061.355292,1159.994078,178,4.395897,0.452993482,0.706312849,2.046430172,1,623635.6477,2741438.073,484401.3832,0.176696088,33048.45374,0.052993208,0.936002146
9,2024,West Price Hill,30,11,0,19,192.92,374.22,18669.39287,7441.500965,5187.970243,3128.862443,1039.131704,4.395897,0.184977762,0.814924436,2.495004634,1,1680245.358,7386185.53,429265.3279,0.058117323,102949.4554,0.061270489,0.934312248
9,2024,Westwood,30,11,0,19,192.92,374.22,34095.91165,15214.73429,9589.600833,5082.343116,1146.751113,4.395897,0.210256413,0.824646515,2.250008974,1,3068632.048,13489390.41,997606.7332,0.073954916,153858.6274,0.050139158,0.948740589
9,2024,Winton Hills,30,11,0,19,192.92,374.22,4681,2540,1351,691,121,4.395897,0.546850394,0.679619002,1.84,1,421290,1851947.447,433159.65,0.233894137,20056.4,0.047607111,0.961120251
9,2025,Avondale,30,10,0,20,181.8916,355.6017,12501,5950,3040,1641,623,4.510190322,0.398991597,0.683326044,1.963373111,1,1125090,5074370.029,703498.6965,0.138637642,58864,0.05231937,0.874283056
9,2025,Bond Hill,30,10,0,20,181.8916,355.6017,6399,3191,1417,905,151,4.510190322,0.162331558,0.845204216,1.980091999,1,575910,2597463.708,153501.4005,0.059096649,27456,0.047674116,0.95197498
9,2025,California,30,10,0,20,181.8916,355.6017,928.7965861,340.1422475,242.2645804,132.5860597,50.6742532,4.510190322,0.02755102,0.975963749,2.72,0.13,83591.69275,377014.4436,2777.031768,0.00736585,619.4198578,0.007410065,0.990739663
9,2025,Camp Washington,30,10,0,20,181.8916,355.6017,1143,548,90,45,12,4.510190322,0.313868613,0.872120275,1.55,1,102870,463963.2784,50969.577,0.109856921,1482,0.014406533,0.996383728
9,2025,Carthage,30,10,0,20,181.8916,355.6017,3183,979,1107,542,137,4.510190322,0.269662921,0.728993529,3.25,1,286470,1292034.222,78232.374,0.060549769,17654,0.061625999,0.851169298
9,2025,Clifton,30,10,0,20,181.8916,355.6017,8028,4079,1068,501,166,4.510190322,0.076244177,0.88110128,1.945491113,0.4,722520,3258702.711,92160.10725,0.028281226,6936.8,0.009600841,0.918983347
9,2025,College Hill,30,10,0,20,181.8916,355.6017,15930,7147,3555,1788,776,4.510190322,0.226108857,0.800750723,2.172954947,1,1433700,6466259.865,478876.956,0.074057796,66664,0.046497873,0.921306391
9,2025,Columbia Tusculum,30,10,0,20,181.8916,355.6017,1621.18273,765.9392659,265.8357539,148.7018748,29.49115395,4.510190322,0.043383948,0.957522593,2.11,0.13,145906.4457,658065.8395,9847.046459,0.014963619,602.2924373,0.004127936,0.976614148
9,2025,Corryville,30,10,0,20,181.8916,355.6017,4277,1968,256,101,1,4.510190322,0.018800813,0.664814763,2.086822289,1,384930,1736107.561,10964.38575,0.006315499,2652,0.006889564,0.678019827
9,2025,CUF,30,10,0,20,181.8916,355.6017,18282,6192,456,180,92,4.510190322,0.066860465,0.776454838,2.153319783,1,1645380,7420976.952,122682.5865,0.016531865,7072,0.004298095,0.797284798
9,2025,Downtown,30,10,0,20,181.8916,355.6017,6070.715026,3633.99852,282.6447076,85.00592154,0,4.510190322,0.063479574,0.916223742,1.484669432,1,546364.3523,2464207.214,68359.88639,0.027741127,2210.15396,0.004045202,0.948010072
9,2025,East End,30,10,0,20,181.8916,355.6017,1323,707,71,36,24,4.510190322,0.099009901,0.947099586,1.86,1,119070,537028.3616,20743.4325,0.038626326,1560,0.013101537,0.998827449
9,2025,East Price Hill,30,10,0,20,181.8916,355.6017,16286,6321,5352,2708,815,4.510190322,0.332384116,0.712789168,2.593354997,1,1465740,6610766.363,622599.3097,0.094179597,91598,0.062492666,0.86946143
9,2025,East Walnut Hills,30,10,0,20,181.8916,355.6017,3934.501285,2474.03856,308.3309769,169.5122108,25.28534704,4.510190322,0.021840688,0.930047984,1.586430218,1,354105.1157,1597081.466,16012.36061,0.010026014,5064.736504,0.014302918,0.954376916
9,2025,East Westwood,30,10,0,20,181.8916,355.6017,2601.088353,1064.265709,734.3991673,467.6568839,122.2488875,4.510190322,0.419072549,0.693822931,2.409468638,1,234097.9518,1055826.317,132166.6448,0.125178396,15337.55006,0.06551766,0.884518987
9,2025,English Woods,30,10,0,20,181.8916,355.6017,496.1727924,239.8281623,148.874463,74.66348449,22.85155131,4.510190322,0.324528302,0.680023897,2.04,1,44655.55131,201405.0354,23064.03771,0.114515696,2535.390931,0.056776612,0.851316205
9,2025,Evanston,30,10,0,20,181.8916,355.6017,8404.596004,3388.064636,1664.030385,884.24248,395.266425,4.510190322,0.120803737,0.8273407,2.18067287,0.36,756413.6404,3411569.48,121287.1073,0.035551704,11976.20335,0.015832876,0.878725279
9,2025,Hartwell,30,10,0,20,181.8916,355.6017,5439,2426,1243,558,243,4.510190322,0.23577906,0.836564704,2.1,1,489510,2207783.265,169503.477,0.076775415,20826,0.042544585,0.955884705
9,2025,Hyde Park,30,10,0,20,181.8916,355.6017,13303,6483,2448,1036,436,4.510190322,0.016813204,0.936164064,2.031959221,0.65,1197270,5399915.567,32300.48775,0.005981665,24876.8,0.020777936,0.962923666
9,2025,Kennedy Heights,30,10,0,20,181.8916,355.6017,4649,2401,684,380,165,4.510190322,0.101624323,0.867217647,1.93,1,418410,1887108.733,72305.679,0.038315587,14170,0.033866303,0.939399538
9,2025,Linwood,30,10,0,20,181.8916,355.6017,708.0435701,334.5202007,116.1024558,64.9448112,12.88011619,4.510190322,0.043383948,0.957522593,2.11,1,63723.92131,287407.0132,4300.649026,0.014963619,2023.448112,0.031753352,1.004239564
9,2025,Lower Price Hill,30,10,0,20,181.8916,355.6017,943.6703187,306.2191235,283.4800797,132.6444223,68.21713147,4.510190322,0.571782178,0.501564864,2.42,1,84930.32869,383051.9465,51885.44028,0.135452752,5222.400398,0.061490406,0.698508022
9,2025,Madisonville,30,10,0,20,181.8916,355.6017,10748.04938,5684.800786,1490.818182,744.3058361,233.9118967,4.510190322,0.106730738,0.884097488,1.899867134,1,967324.4444,4362817.348,179799.0309,0.04121168,25433.66105,0.026292793,0.951601961
9,2025,Millvale,30,10,0,20,181.8916,355.6017,2757.182901,987.6138753,1198.5459,1093.079888,0,4.510190322,0.745995423,0.330463302,2.78,1,248146.4611,1119187.767,218326.2364,0.19507561,28420.07708,0.114529447,0.64006836
9,2025,Mt. Adams,30,10,0,20,181.8916,355.6017,1631,1016,90,58,15,4.510190322,0,0.949892152,1.61,0.13,146790,662050.8374,0,0,246.74,0.001680905,0.951573056
9,2025,Mt. Airy,30,10,0,20,181.8916,355.6017,9099.048036,4234.088213,2055.363973,1319.365456,150.7451446,4.510190322,0.287523462,0.797999977,2.132741899,1,818914.3232,3693459.455,360757.8368,0.097674779,38222.87561,0.046675061,0.942349817
9,2025,Mt. Auburn,30,10,0,20,181.8916,355.6017,5046,2650,705,474,109,4.510190322,0.103018868,0.81645244,1.783449688,1,454140,2048257.833,80899.38675,0.039496681,15158,0.033377373,0.889326494
9,2025,Mt. Lookout,30,10,0,20,181.8916,355.6017,5096.773699,2144.540533,1239.06179,682.353314,134.6287299,4.510190322,0.015041788,0.964436361,2.387742194,0.13,458709.633,2068867.747,9559.084515,0.004620443,2761.399308,0.006019929,0.975076733
9,2025,Mt. Washington,30,10,0,20,181.8916,355.6017,11879.67519,5553.087735,2598.366801,1379.398705,642.950248,4.510190322,0.115661466,0.902949553,2.117269253,0.45,1069170.768,4822163.648,190329.3694,0.039469703,23661.48275,0.022130686,0.964549943
9,2025,North Avondale - Paddock Hills,30,10,0,20,181.8916,355.6017,4878.90271,1839.896803,824.6386379,457.2453092,82.44822794,4.510190322,0.066674624,0.916421748,2.27,1,439101.2439,1980430.181,36352.69556,0.018355959,14032.03197,0.031956256,0.966733963
9,2025,North Fairmount,30,10,0,20,181.8916,355.6017,1696.827208,820.1718377,509.125537,255.3365155,78.14844869,4.510190322,0.324528302,0.680023897,2.04,1,152714.4487,688771.2285,78875.11629,0.114515696,8670.609069,0.056776612,0.851316205
9,2025,Northside,30,10,0,20,181.8916,355.6017,8550,4378,1275,664,146,4.510190322,0.100502513,0.873118951,1.942498411,1,769500,3470591.453,130387.29,0.037569184,21060,0.027368421,0.938056556
9,2025,Oakley,30,10,0,20,181.8916,355.6017,11411.95062,6598.199214,1267.181818,540.6941639,72.08810325,4.510190322,0.015043046,0.951589023,1.708519196,1,1027075.556,4632306.231,29413.3026,0.006349602,15932.33895,0.015512334,0.973450959
9,2025,Over-the-Rhine,30,10,0,20,181.8916,355.6017,6291,3343,715,315,73,4.510190322,0.169608136,0.865806618,1.784465385,0.65,566190,2553624.658,168021.8033,0.065797377,6557.2,0.011581271,0.943185266
9,2025,Pendleton,30,10,0,20,181.8916,355.6017,1146,596,210,132,31,4.510190322,0.08557047,0.941729513,1.92,1,103140,465181.0298,15113.07225,0.032488582,4238,0.041089781,1.015307876
9,2025,Pleasant Ridge,30,10,0,20,181.8916,355.6017,7268.072573,3683.009425,1571.93968,901.1055608,227.2544769,4.510190322,0.117650837,0.892514094,1.953138402,1,654126.5316,2950235.152,128404.5564,0.043523499,29337.36098,0.044849673,0.980887266
9,2025,Queensgate,30,10,0,20,181.8916,355.6017,301.3296813,97.78087649,90.51992032,42.35557769,21.78286853,4.510190322,0.571782178,0.501564864,2.42,1,27119.67131,122314.8791,16567.88697,0.135452752,1667.599602,0.061490406,0.698508022
9,2025,Riverside,30,10,0,20,181.8916,355.6017,2268.610778,840.8323353,659.8922156,318.1556886,109.9520958,4.510190322,0.34436223,0.804213119,2.771670429,1,204174.9701,920867.974,85803.99303,0.093177302,11130.8024,0.054515999,0.95190642
9,2025,Roselawn,30,10,0,20,181.8916,355.6017,7375,3604,1483,1030,148,4.510190322,0.249167592,0.709520885,1.98616494,1,663750,2993638.826,266108.6055,0.088891353,30628,0.046143879,0.844556117
9,2025,Sayler Park,30,10,0,20,181.8916,355.6017,2713,1183,739,439,160,4.510190322,0.22569738,0.859207145,2.297347551,1,244170,1101253.171,79121.37825,0.071846675,15574,0.06378343,0.994837249
9,2025,Sedamsville,30,10,0,20,181.8916,355.6017,715.3892216,196.1676647,256.1077844,77.84431138,56.04790419,4.510190322,0.359126984,0.73035819,3.5,1,64385.02994,290388.7389,20876.51697,0.07189162,3481.197605,0.054068432,0.856318242
9,2025,South Cumminsville,30,10,0,20,181.8916,355.6017,902.8170988,323.3861247,392.4540995,357.9201121,0,4.510190322,0.745995423,0.330463302,2.78,1,81253.53889,366468.9247,71489.14905,0.19507561,9305.922915,0.114529447,0.64006836
9,2025,South Fairmount,30,10,0,20,181.8916,355.6017,2319,960,667,259,102,4.510190322,0.2375,0.700960253,2.27,1,208710,941321.8221,67564.323,0.071776008,9386,0.044971492,0.817707753
9,2025,Spring Grove Village,30,10,0,20,181.8916,355.6017,1996,881,469,296,133,4.510190322,0.238365494,0.766607052,2.25,1,179640,810210.5894,62230.2975,0.076807559,11154,0.062090848,0.905505459
9,2025,Villages at Roll Hill,30,10,0,20,181.8916,355.6017,2196,895,1128,574,206,4.510190322,0.612290503,0.404011237,2.45,1,197640,891394.0152,162391.443,0.18217695,20280,0.102610808,0.688798994
9,2025,Walnut Hills,30,10,0,20,181.8916,355.6017,6176,3528,737,354,201,4.510190322,0.306405896,0.802111614,1.741359925,0.69,555840,2506944.189,320337.8648,0.127780214,9956.7,0.017912889,0.947804716
9,2025,West End,30,10,0,20,181.8916,355.6017,6929.284974,3429.00148,2061.355292,1159.994078,178,4.510190322,0.452993482,0.699636422,2.046430172,1,623635.6477,2812715.463,460301.3076,0.16365015,34787.84604,0.055782324,0.919068897
9,2025,West Price Hill,30,10,0,20,181.8916,355.6017,18669.39287,7441.500965,5187.970243,3128.862443,1039.131704,4.510190322,0.184977762,0.81171887,2.495004634,1,1680245.358,7578226.353,407908.3971,0.053826368,108367.8478,0.064495252,0.93004049
9,2025,Westwood,30,10,0,20,181.8916,355.6017,34095.91165,15214.73429,9589.600833,5082.343116,1146.751113,4.510190322,0.210256413,0.819990704,2.250008974,1,3068632.048,13840114.57,947973.519,0.068494629,161956.4499,0.052778061,0.941263395
9,2025,Winton Hills,30,10,0,20,181.8916,355.6017,4681,2540,1351,691,121,4.510190322,0.546850394,0.672854039,1.84,1,421290,1900098.081,411608.9678,0.216625116,21112,0.050112749,0.939591904
10,2019,Avondale,31,8,0,23,122.97,247.68,12570,5516,3724,1951,395,3.17,0.385605511,0.661131539,2.148326173,1,1169010,3705761.7,439012.8,0.118467628,70145.4,0.060004106,0.839603273
10,2019,Bond Hill,31,8,0,23,122.97,247.68,7174,3182,1642,974,210,3.17,0.166561911,0.861170719,2.209983273,1,667182,2114966.94,109392,0.051722794,35401.6,0.053061384,0.965954897
10,2019,California,31,8,0,23,122.97,247.68,976,373,197,71,77,3.17,0,0.995655354,2.62,0.13,90768,287734.56,0,0,575.276,0.006337872,1.001993227
10,2019,Camp Washington,31,8,0,23,122.97,247.68,1396,446,230,90,47,3.17,0.311659193,0.850194744,2.36,1,129828,411554.76,28689.6,0.069710286,4096.3,0.031551745,0.951456776
10,2019,Carthage,31,8,0,23,122.97,247.68,2940,1039,1017,569,245,3.17,0.26852743,0.798250225,2.82,1,273420,866741.4,57585.6,0.066439194,24338.6,0.089015434,0.953704853
10,2019,Clifton,31,8,0,23,122.97,247.68,8552,4156,1437,824,202,3.17,0.063282002,0.867285366,2.05898971,0.4,795336,2521215.12,54283.2,0.021530571,12270.96,0.015428649,0.904244586
10,2019,College Hill,31,8,0,23,122.97,247.68,16403,7201,3858,2424,568,3.17,0.147896126,0.848234995,2.259642139,1,1525479,4835768.43,219816,0.045456271,89460.8,0.0586444,0.952335665
10,2019,Columbia Tusculum,31,8,0,23,122.97,247.68,1573,741.3396774,288.7216129,145.6293548,42.11580645,3.17,0,0.985060788,2.12,0.13,146289,463736.13,0,0,729.7654419,0.004988519,0.990049307
10,2019,Corryville,31,8,0,23,122.97,247.68,3984,1863,206,56,28,3.17,0.088030059,0.707081154,2.07188253,1,370512,1174523.04,33849.6,0.028819869,2511.6,0.006778728,0.742679751
10,2019,CUF,31,8,0,23,122.97,247.68,16974,5547,607,271,122,3.17,0.07066883,0.757190222,2.238798162,1,1578582,5004104.94,80908.8,0.016168486,11750.7,0.007443833,0.780802541
10,2019,Downtown,31,8,0,23,122.97,247.68,3857,2785.980015,161.0910437,42.35603257,9.401184308,3.17,0.105997329,0.894340912,1.355066114,1,358701,1137082.17,60951.24915,0.053603205,1547.540785,0.004314292,0.95225841
10,2019,East End,31,8,0,23,122.97,247.68,1601,747,314,157,70,3.17,0.096385542,0.906127111,2.13,1,148893,471990.81,14860.8,0.031485359,6787.3,0.045585085,0.983197554
10,2019,East Price Hill,31,8,0,23,122.97,247.68,13848,5640,3857,2225,513,3.17,0.322695035,0.787443661,2.411106297,1,1287864,4082528.88,375648,0.092013556,81866.2,0.063567426,0.943024643
10,2019,East Walnut Hills,31,8,0,23,122.97,247.68,3905,2374.665167,354.968509,161.9228792,64.96015424,3.17,0.054825481,0.939804694,1.627011524,1,363165,1151233.05,26871.6617,0.023341635,6783.802699,0.018679671,0.981826
10,2019,East Westwood,31,8,0,23,122.97,247.68,2503,1090.543121,808.9919768,456.4381182,169.6380157,3.17,0.33312742,0.744960522,2.271434279,1,232779,737909.43,74983.01804,0.101615476,18719.6764,0.080418235,0.926994234
10,2019,English Woods,31,8,0,23,122.97,247.68,474,204.5326969,158.8295943,87.10739857,25.11408115,3.17,0.369469027,0.633179512,2.26,1,44082,139739.94,15597.33766,0.111616891,3355.422243,0.076117741,0.820914144
10,2019,Evanston,31,8,0,23,122.97,247.68,8382,3597.707265,1822.861401,1000.732867,406.494777,3.17,0.188057913,0.833913829,2.158989501,0.36,779526,2471097.42,139645.5587,0.056511555,15147.39836,0.01943155,0.909856935
10,2019,Hartwell,31,8,0,23,122.97,247.68,5397,2651,829,241,190,3.17,0.105620521,0.916339072,1.98,1,501921,1591089.57,57792,0.036322279,12886.9,0.025675156,0.978336507
10,2019,Hyde Park,31,8,0,23,122.97,247.68,13291,6703,2567,1591,218,3.17,0.016261376,0.954528694,1.971784666,0.65,1236063,3918319.71,22497.6,0.005741645,35157.915,0.028443465,0.988713804
10,2019,Kennedy Heights,31,8,0,23,122.97,247.68,5057,2619,865,427,34,3.17,0.107674685,0.909102727,1.92,1,470301,1490854.17,58204.8,0.039041243,13783.9,0.029308677,0.977452647
10,2019,Linwood,31,8,0,23,122.97,247.68,687,268,202,127,39,3.17,0.28358209,0.750871946,2.56,1,63891,202534.47,15686.4,0.07745052,4963.4,0.077685433,0.906007899
10,2019,Lower Price Hill,31,8,0,23,122.97,247.68,761,249.3715139,284.9960159,83.37649402,51.54183267,3.17,0.531914894,0.52970774,2.29,1,70773,224350.41,27377.80876,0.122031463,4034.057968,0.056999957,0.70873916
10,2019,Madisonville,31,8,0,23,122.97,247.68,10838,5173,2288,1160,273,3.17,0.108061086,0.874742712,2.131092452,1,1007934,3195150.78,115377.6,0.036110221,42846.7,0.04250943,0.953362363
10,2019,Millvale,31,8,0,23,122.97,247.68,2150,863.3146461,890.4344779,502.4702172,66.29292221,3.17,0.530541012,0.571131307,2.48,1,199950,633841.5,94536.11773,0.149147883,17006.01787,0.085051352,0.805330542
10,2019,Mt. Adams,31,8,0,23,122.97,247.68,1629,1030,92,46,26,3.17,0,0.971985466,1.58,0.13,151497,480245.49,0,0,279.864,0.001847324,0.97383279
10,2019,Mt. Airy,31,8,0,23,122.97,247.68,8950,3913.515048,2508.398814,1501.777465,430.7405486,3.17,0.277678133,0.769444247,2.274527374,1,832350,2638549.5,224294.3751,0.085006696,57782.2886,0.069420663,0.923871606
10,2019,Mt. Auburn,31,8,0,23,122.97,247.68,4641,2132,961,570,133,3.17,0.166041276,0.844227446,2.01,1,431613,1368213.21,73065.6,0.053402203,21019.7,0.04870034,0.94632999
10,2019,Mt. Lookout,31,8,0,23,122.97,247.68,4996,2118.660323,1233.278387,701.3706452,159.8841935,3.17,0,0.972236101,2.369967974,0.13,464628,1472870.76,0,0,3347.697558,0.007205114,0.979441214
10,2019,Mt. Washington,31,8,0,23,122.97,247.68,12297,5492.241856,3154.57833,1700.554633,391.2559107,3.17,0.160947887,0.892556094,2.225589981,0.45,1143621,3625278.57,182450.3189,0.050327255,28145.31086,0.024610698,0.967494047
10,2019,North Avondale - Paddock Hills,31,8,0,23,122.97,247.68,4236,1513.627567,606.17009,288.3442539,103.5450687,3.17,0.20760095,0.852837131,2,1,393948,1248815.16,64857.17956,0.051934971,11717.49075,0.02974375,0.934515852
10,2019,North Fairmount,31,8,0,23,122.97,247.68,1621,699.4673031,543.1704057,297.8926014,85.88591885,3.17,0.369469027,0.633179512,2.26,1,150753,477887.01,53340.26234,0.111616891,11474.97776,0.076117741,0.820914144
10,2019,Northside,31,8,0,23,122.97,247.68,7865,3918,1410,678,239,3.17,0.164369576,0.88677349,2.006624285,1,731445,2318680.65,132921.6,0.057326394,27418.3,0.037485115,0.981584999
10,2019,Oakley,31,8,0,23,122.97,247.68,12034,6473,1256,478,247,3.17,0.052216901,0.941124033,1.834845438,1,1119162,3547743.54,69763.2,0.019664105,21677.5,0.019369403,0.980157541
10,2019,Over-the-Rhine,31,8,0,23,122.97,247.68,5200,2498,1076,598,132,3.17,0.325060048,0.812888983,1.860265385,0.65,483600,1533012,167596.8,0.109325172,14187.55,0.029337366,0.951551521
10,2019,Pendleton,31,8,0,23,122.97,247.68,1083,571,238,111,49,3.17,0.218914186,0.824800105,1.9,1,100719,319279.23,25800,0.08080701,4784,0.047498486,0.953105601
10,2019,Pleasant Ridge,31,8,0,23,122.97,247.68,7182,3534.503299,1409.428841,690.7728558,255.6503299,3.17,0.085550603,0.945230719,2.006922863,1,667926,2117325.42,62411.00245,0.029476339,28298.05325,0.042367049,1.017074107
10,2019,Queensgate,31,8,0,23,122.97,247.68,243,79.62848606,91.00398406,26.62350598,16.45816733,3.17,0.531914894,0.52970774,2.29,1,22599,71638.83,8742.191235,0.122031463,1288.142032,0.056999957,0.70873916
10,2019,Riverside,31,8,0,23,122.97,247.68,1772,929.6467066,299.6766467,135.7784431,49.7005988,3.17,0.179142163,0.85078079,1.920112867,1,164796,522403.32,34373.63353,0.065799033,5545.823353,0.033652658,0.950232481
10,2019,Roselawn,31,8,0,23,122.97,247.68,7627,3442,2060,1154,384,3.17,0.29110982,0.733542471,2.123861282,1,709311,2248515.87,206812.8,0.09197747,45986.2,0.06483221,0.890352151
10,2019,Sayler Park,31,8,0,23,122.97,247.68,3001,1169,690,395,136,3.17,0.127459367,0.870307156,2.56,1,279093,884724.81,30753.6,0.034760639,15876.9,0.056887489,0.961955285
10,2019,Sedamsville,31,8,0,23,122.97,247.68,520,218.3532934,118.3233533,64.22155689,25.2994012,3.17,0.386809269,0.783156815,2.26,1,48360,153301.2,17432.76647,0.113715786,2676.676647,0.055348979,0.952221581
10,2019,South Cumminsville,31,8,0,23,122.97,247.68,704,282.6853539,291.5655221,164.5297828,21.70707779,3.17,0.530541012,0.571131307,2.48,1,65472,207546.24,30955.08227,0.149147883,5568.48213,0.085051352,0.805330542
10,2019,South Fairmount,31,8,0,23,122.97,247.68,1981,855,453,211,131,3.17,0.392982456,0.704799795,2.09,1,184233,584018.61,69350.4,0.118746901,10225.8,0.055504714,0.87905141
10,2019,Spring Grove Village,31,8,0,23,122.97,247.68,2171,862,599,373,70,3.17,0.212296984,0.889740215,2.51,1,201903,640032.51,37771.2,0.059014502,13245.7,0.065604275,1.014358993
10,2019,Villages at Roll Hill,31,8,0,23,122.97,247.68,2348,847,1244,487,48,3.17,0.710743802,0.410982508,2.77,1,218364,692213.88,124252.8,0.17950059,15996.5,0.073256123,0.663739221
10,2019,Walnut Hills,31,8,0,23,122.97,247.68,6368,3492,1070,513,163,3.17,0.452176403,0.7327332,1.799605842,0.69,592224,1877350.08,325905.6,0.173598736,13946.556,0.023549461,0.929881396
10,2019,West End,31,8,0,23,122.97,247.68,6695,3532.019985,1595.908956,1087.643967,210.5988157,3.17,0.363444591,0.744639173,1.909876027,1,622635,1973752.95,264954.3509,0.134238862,38817.45922,0.062343844,0.941221879
10,2019,West Price Hill,31,8,0,23,122.97,247.68,18343,7664.524854,5121.964782,2655.326325,847.0986757,3.17,0.237111692,0.852876947,2.387708663,1,1705899,5407699.83,375100.7214,0.069364191,104722.5075,0.061388457,0.983629595
10,2019,Westwood,31,8,0,23,122.97,247.68,32316,14259.45688,8629.008023,4229.561882,1379.361984,3.17,0.223270087,0.84579064,2.254729236,1,3005388,9527079.96,657117.782,0.068973682,167706.8236,0.055802054,0.970566376
10,2019,Winton Hills,31,8,0,23,122.97,247.68,6008,2268,3018,1748,402,3.17,0.547619048,0.548176713,2.65,1,558744,1771218.48,256348.8,0.144730197,64285,0.11505269,0.8079596
10,2020,Avondale,31,9,0,22,185.94,369.43,12719,5968,3390,1896,515,3.33,0.358746649,0.698973421,1.999154336,1,1182867,3938947.11,659124.6917,0.167335248,68954.6,0.058294466,0.924603135
10,2020,Bond Hill,31,9,0,22,185.94,369.43,7276,3243,1799,1169,149,3.33,0.134443417,0.864866589,2.200033454,1,676668,2253304.44,134226.2333,0.059568619,37694.8,0.055706491,0.9801417
10,2020,California,31,9,0,22,185.94,369.43,930.8790896,329.3826458,241.5704125,113.1493599,52.40967283,3.33,0,0.971241403,2.8,0.13,86571.75533,288283.9453,0,0,615.5484836,0.007110269,0.978351672
10,2020,Camp Washington,31,9,0,22,185.94,369.43,1128,412,112,33,24,3.33,0.191747573,0.893005193,1.9,1,104904,349330.32,24320.80833,0.069621235,1630.2,0.015539922,0.97816635
10,2020,Carthage,31,9,0,22,185.94,369.43,3021,1040,911,537,286,3.33,0.225961538,0.806840928,2.9,1,280953,935573.49,72346.70833,0.077328728,23537.8,0.083778426,0.967948082
10,2020,Clifton,31,9,0,22,185.94,369.43,8476,4118,1379,751,212,3.33,0.050995629,0.875841693,2.075568288,0.4,788268,2624932.44,64650.25,0.024629301,11016.72,0.013975856,0.91444685
10,2020,College Hill,31,9,0,22,185.94,369.43,16199,7263,3660,2115,618,3.33,0.144292992,0.842489456,2.210749863,1,1506507,5016668.31,322635.5333,0.06431271,78163.8,0.051884127,0.958686292
10,2020,Columbia Tusculum,31,9,0,22,185.94,369.43,1533.955374,712.7721151,250.8824927,120.0414576,40.70609982,3.33,0.027389277,0.962334613,2.15,0.13,142657.8497,475050.6397,6010.106797,0.012651508,597.6594185,0.00418946,0.979175581
10,2020,Corryville,31,9,0,22,185.94,369.43,4310,1868,192,75,9,3.33,0.051391863,0.705229009,2.254939759,1,400830,1334763.9,29554.4,0.022142043,2402.4,0.005993563,0.733364615
10,2020,CUF,31,9,0,22,185.94,369.43,16792,5439,516,180,190,3.33,0.05846663,0.775875336,2.201993048,1,1561656,5200314.48,97898.95,0.018825583,10582,0.00677614,0.801477059
10,2020,Downtown,31,9,0,22,185.94,369.43,3914.909697,2723.126573,201.8201332,37.58771281,0,3.33,0.115489662,0.908709516,1.400396681,1,364086.6018,1212408.384,96819.28103,0.079856987,1075.008586,0.002952618,0.991519121
10,2020,East End,31,9,0,22,185.94,369.43,1462,703,201,94,47,3.33,0.086770982,0.935705267,2.06,1,135966,452766.78,18779.35833,0.041476891,4032.6,0.029658885,1.006841044
10,2020,East Price Hill,31,9,0,22,185.94,369.43,14788,6063,4110,2240,563,3.33,0.309252845,0.802082883,2.421629116,1,1375284,4579695.72,577234.375,0.12604208,80165.8,0.05829036,0.986415323
10,2020,East Walnut Hills,31,9,0,22,185.94,369.43,3730.882391,2345.219794,238.0109254,95.55205656,27.90938303,3.33,0.042030472,0.949114357,1.57315749,1,346972.0623,1155416.968,30345.8096,0.026263947,3530.997172,0.010176604,0.985554907
10,2020,East Westwood,31,9,0,22,185.94,369.43,2594.407483,1110.703775,825.609913,480.56864,143.2812563,3.33,0.331502393,0.719523199,2.316640032,1,241279.8959,803462.0533,113353.7335,0.141081627,17842.10704,0.073947757,0.934552583
10,2020,English Woods,31,9,0,22,185.94,369.43,452.0534606,217.202864,136.4305489,76.47350835,21.49403341,3.33,0.252083333,0.721772965,2.03,1,42040.97184,139996.4362,16856.23566,0.120404748,2801.871695,0.066646216,0.90882393
10,2020,Evanston,31,9,0,22,185.94,369.43,8305.282307,3343.437259,1505.62945,782.1793541,288.1667115,3.33,0.14225908,0.880456912,2.1611644,0.36,772391.2545,2572062.878,146427.9858,0.056930173,11020.28309,0.014267747,0.951654833
10,2020,Hartwell,31,9,0,22,185.94,369.43,5213,2384,1046,412,203,3.33,0.117449664,0.913793044,2.12,1,484809,1614413.97,86200.33333,0.053394194,17589,0.036280267,1.003467505
10,2020,Hyde Park,31,9,0,22,185.94,369.43,13423,6632,2497,1401,325,3.33,0.012665862,0.953415044,2.009787826,0.65,1248339,4156968.87,25860.1,0.006220903,32086.34,0.025703226,0.985339173
10,2020,Kennedy Heights,31,9,0,22,185.94,369.43,5020,2564,821,456,28,3.33,0.097113885,0.910703138,1.95,1,466860,1554643.8,76656.725,0.049308224,13842.4,0.029650002,0.989661364
10,2020,Linwood,31,9,0,22,185.94,369.43,669.9474518,311.2997095,109.5716926,52.42751518,17.77818854,3.33,0.027389277,0.962334613,2.15,1,62305.11302,207476.0264,2624.884533,0.012651508,2007.883126,0.032226619,1.00721274
10,2020,Lower Price Hill,31,9,0,22,185.94,369.43,858.0199203,279.690239,281.9641434,89.44023904,42.44621514,3.33,0.482384824,0.59529547,2.3,1,79795.85259,265720.1891,41535.73119,0.156313795,3771.95259,0.047270033,0.798879298
10,2020,Madisonville,31,9,0,22,185.94,369.43,10708.11111,5353.468575,1880.752525,960.5347924,350.6116723,3.33,0.083063405,0.887632225,2.036783539,1,995854.3333,3316194.93,136897.6213,0.041281536,37498.78889,0.037654894,0.966568655
10,2020,Millvale,31,9,0,22,185.94,369.43,2172.59986,849.0014015,897.9677645,539.3833217,57.25297828,3.33,0.573203194,0.545278332,2.55,1,202051.787,672832.4506,149819.355,0.222669633,17063.79818,0.084452597,0.852400562
10,2020,Mt. Adams,31,9,0,22,185.94,369.43,1617,975,115,69,28,3.33,0,0.968495181,1.66,0.13,150381,500768.73,0,0,360.646,0.002398215,0.970893396
10,2020,Mt. Airy,31,9,0,22,185.94,369.43,8806.992291,3766.476649,2421.760119,1321.154633,452.6658265,3.33,0.231938543,0.771281074,2.33455419,1,819050.283,2727437.442,268942.3015,0.098606222,50731.26514,0.061939134,0.931826429
10,2020,Mt. Auburn,31,9,0,22,185.94,369.43,4632,2374,708,325,162,3.33,0.136478517,0.876137822,1.804115492,1,430776,1434484.08,99746.1,0.069534477,13928.2,0.032332813,0.978005112
10,2020,Mt. Lookout,31,9,0,22,185.94,369.43,4936.097175,2131.928175,1133.545815,635.5310272,151.5157116,3.33,0.00888933,0.969493974,2.316645316,0.13,459057.0372,1528659.934,5834.350337,0.003816644,2926.239775,0.006374458,0.979685075
10,2020,Mt. Washington,31,9,0,22,185.94,369.43,12196.83526,5429.929707,3033.712291,1576.369099,438.2196687,3.33,0.151879582,0.908039547,2.222381882,0.45,1134305.679,3777237.912,253889.3677,0.067215615,25927.75744,0.022857822,0.998112984
10,2020,North Avondale - Paddock Hills,31,9,0,22,185.94,369.43,4209.835302,1701.342946,614.3596247,356.2685893,47.92390549,3.33,0.193256155,0.872082623,2.078163362,1,391514.6831,1303743.895,101222.2796,0.077639696,11559.90535,0.029526109,0.979248428
10,2020,North Fairmount,31,9,0,22,185.94,369.43,1545.946539,742.797136,466.5694511,261.5264916,73.50596659,3.33,0.252083333,0.721772965,2.03,1,143773.0282,478764.1838,57645.48101,0.120404748,9581.928305,0.066646216,0.90882393
10,2020,Northside,31,9,0,22,185.94,369.43,7789,3910,1374,665,222,3.33,0.135805627,0.900782894,1.987628735,1,724377,2412175.41,163472.775,0.067769854,25368.2,0.035020714,1.003573462
10,2020,Oakley,31,9,0,22,185.94,369.43,11666.88889,6491.531425,1354.247475,449.4652076,337.3883277,3.33,0.035326436,0.95188309,1.773530829,1,1085020.667,3613118.82,70598.89534,0.0195396,22504.01111,0.020740629,0.992163319
10,2020,Over-the-Rhine,31,9,0,22,185.94,369.43,5407,2800,872,458,96,3.33,0.251071429,0.865757332,1.735303846,0.65,502851,1674493.83,216424.4083,0.129247659,10298.86,0.020480938,1.01548593
10,2020,Pendleton,31,9,0,22,185.94,369.43,980,476,218,92,44,3.33,0.149159664,0.880294889,2.06,1,91140,303496.2,21857.94167,0.072020479,3889.6,0.0426772,0.994992568
10,2020,Pleasant Ridge,31,9,0,22,185.94,369.43,7044.73327,3555.784166,1513.62394,880.9359095,225.2940622,3.33,0.11101451,0.916917317,1.939781398,1,655160.1942,2181683.447,121525.1185,0.055702452,31638.17719,0.04829075,1.020910519
10,2020,Queensgate,31,9,0,22,185.94,369.43,273.9800797,89.30976096,90.03585657,28.55976096,13.55378486,3.33,0.482384824,0.59529547,2.3,1,25480.14741,84848.89088,13263.05214,0.156313795,1204.44741,0.047270033,0.798879298
10,2020,Riverside,31,9,0,22,185.94,369.43,1794.736527,917.6646707,227.8023952,131.2814371,36.76047904,3.33,0.14330832,0.87063014,1.913544018,1,166910.497,555811.955,40486.13603,0.072841427,4805.998802,0.028793868,0.972265435
10,2020,Roselawn,31,9,0,22,185.94,369.43,8119,3692,1820,1000,359,3.33,0.263001083,0.731864272,2.113471876,1,755067,2514373.11,298930.4417,0.118888657,38867.4,0.051475432,0.90222836
10,2020,Sayler Park,31,9,0,22,185.94,369.43,2993,1193,668,393,164,3.33,0.158424141,0.874458463,2.510073309,1,278349,926902.17,58185.225,0.062773858,15930.2,0.05723103,0.994463351
10,2020,Sedamsville,31,9,0,22,185.94,369.43,568.2634731,262.3353293,101.1976048,60.71856287,20.23952096,3.33,0.207715134,0.865068649,2.07,1,52848.50299,175985.515,16775.51397,0.095323266,2315.401198,0.043812049,1.004203963
10,2020,South Cumminsville,31,9,0,22,185.94,369.43,711.4001402,277.9985985,294.0322355,176.6166783,18.74702172,3.33,0.573203194,0.545278332,2.55,1,66160.21303,220313.5094,49057.12833,0.222669633,5587.401822,0.084452597,0.852400562
10,2020,South Fairmount,31,9,0,22,185.94,369.43,1843,853,423,199,54,3.33,0.296600234,0.745799126,1.94,1,171399,570758.67,77888.15833,0.136464258,7235.8,0.042216116,0.924479499
10,2020,Spring Grove Village,31,9,0,22,185.94,369.43,2239,889,645,434,64,3.33,0.282339708,0.824591244,2.51,1,208227,693395.91,77272.44167,0.111440579,14242.8,0.068400352,1.004432174
10,2020,Villages at Roll Hill,31,9,0,22,185.94,369.43,2382,844,1266,581,40,3.33,0.699052133,0.414767959,2.82,1,221526,737681.58,181636.4167,0.246226043,17760.6,0.080173885,0.741167887
10,2020,Walnut Hills,31,9,0,22,185.94,369.43,6382,3777,808,386,125,3.33,0.36457506,0.800911924,1.688450063,0.69,593526,1976441.58,423920.925,0.214486949,10084.074,0.016990113,1.032388986
10,2020,West End,31,9,0,22,185.94,369.43,7714.090303,3427.873427,2694.179867,1503.412287,292,3.33,0.479453827,0.679860872,2.280349515,1,717410.3982,2388976.626,505967.3356,0.211792501,51348.79141,0.071575198,0.963228572
10,2020,West Price Hill,31,9,0,22,185.94,369.43,17977.5585,7434.568795,5158.830696,2798.855275,984.6436493,3.33,0.241029518,0.843703751,2.41101074,1,1671912.941,5567470.093,551666.9043,0.099087538,108208.0692,0.064721115,1.007512403
10,2020,Westwood,31,9,0,22,185.94,369.43,32214.59252,14285.29622,8935.390087,4066.43136,1436.718744,3.33,0.197181703,0.852091822,2.25775622,1,2995957.104,9976537.157,867175.0581,0.086921448,157390.093,0.052534161,0.991547432
10,2020,Winton Hills,31,9,0,22,185.94,369.43,6204,2646,2954,1360,331,3.33,0.555933485,0.611866919,2.34,1,576972,1921316.76,452859.6083,0.235702731,48362.6,0.083821399,0.931391049
10,2021,Avondale,31,10,0,21,247.66,488.36,13427,5961,3578,1817,782,3.67,0.336017447,0.678530718,2.129065235,1,1248711,4582769.37,815154.2333,0.177873719,70952.7,0.056820754,0.913225191
10,2021,Bond Hill,31,10,0,21,247.66,488.36,7640,3312,1924,1160,158,3.67,0.125,0.873251239,2.280066908,1,710520,2607608.4,168484.2,0.064612539,35981.4,0.050640939,0.988504718
10,2021,California,31,10,0,21,247.66,488.36,930.8790896,333.8947368,238.0995733,113.4964438,53.10384068,3.67,0,0.974532007,2.77,0.13,86571.75533,317718.3421,0,0,591.2644097,0.006829761,0.981361769
10,2021,Camp Washington,31,10,0,21,247.66,488.36,1190,461,124,39,34,3.67,0.21691974,0.894907014,1.87,1,110670,406158.9,40696.66667,0.100198879,1992.9,0.01800759,1.013113483
10,2021,Carthage,31,10,0,21,247.66,488.36,2889,1107,899,566,206,3.67,0.274616079,0.817363415,2.6,1,268677,986044.59,123717.8667,0.125468836,21075.6,0.078442144,1.021274395
10,2021,Clifton,31,10,0,21,247.66,488.36,8544,4182,1386,828,171,3.67,0.055475849,0.869871483,2.043306829,0.4,794592,2916152.64,94416.26667,0.032376997,10909.08,0.013729159,0.915977639
10,2021,College Hill,31,10,0,21,247.66,488.36,17085,7353,3947,2269,700,3.67,0.15871073,0.812452927,2.296748156,1,1588905,5831281.35,474930.1,0.081445238,81053.7,0.051012301,0.944910467
10,2021,Columbia Tusculum,31,10,0,21,247.66,488.36,1546.001056,742.6786374,243.4058622,126.2719831,30.32189068,3.67,0.035234899,0.96879115,2.08,0.13,143778.0982,527665.6205,10649.58799,0.020182456,555.751658,0.003865343,0.992838949
10,2021,Corryville,31,10,0,21,247.66,488.36,4438,1936,161,85,5,3.67,0.048553719,0.710637046,2.253644578,1,412734,1514733.78,38254.86667,0.025255175,2457,0.005952987,0.741845208
10,2021,CUF,31,10,0,21,247.66,488.36,17351,5533,603,326,155,3.67,0.053677932,0.777781785,2.291218334,1,1613643,5922069.81,120869.1,0.020409942,13131.3,0.008137674,0.8063294
10,2021,Downtown,31,10,0,21,247.66,488.36,4608.323464,3019.737232,182.9837158,34.24870466,0,3.67,0.108420912,0.920791648,1.445595022,1,428574.0822,1572866.882,133241.9711,0.084712809,934.9896373,0.002181629,1.007686085
10,2021,East End,31,10,0,21,247.66,488.36,1497,707,222,117,41,3.67,0.111739745,0.96313056,2.09,1,139221,510941.07,32150.36667,0.062923825,4313.4,0.030982395,1.05703678
10,2021,East Price Hill,31,10,0,21,247.66,488.36,15139,6027,4271,2175,643,3.67,0.296996848,0.752217016,2.480657857,1,1407927,5167092.09,728470.3333,0.14098265,76931.4,0.054641611,0.947841277
10,2021,East Walnut Hills,31,10,0,21,247.66,488.36,3830.861183,2460.753213,256.2429306,125.5520566,25.67737789,3.67,0.026929441,0.946580765,1.542606914,1,356270.09,1307511.23,26968.34188,0.020625706,4128.56356,0.011588297,0.978794768
10,2021,East Westwood,31,10,0,21,247.66,488.36,2454.68656,1098.389607,811.9877463,519.3576096,102.613651,3.67,0.373575999,0.726996982,2.224302837,1,228285.8501,837809.0698,166991.4442,0.199319213,16979.81542,0.074379623,1.000695818
10,2021,English Woods,31,10,0,21,247.66,488.36,488.2539379,230.778043,135.073031,67.19713604,23.30405728,3.67,0.221568627,0.728074357,2.07,1,45407.61623,166645.9516,20809.49747,0.124872505,2470.682578,0.054411193,0.907358056
10,2021,Evanston,31,10,0,21,247.66,488.36,8672.297261,3470.777016,1628.718848,822.756491,335.9758535,3.67,0.14073521,0.866051248,2.181702458,0.36,806523.6453,2959941.778,198787.1544,0.067159143,11388.02148,0.014119885,0.947330276
10,2021,Hartwell,31,10,0,21,247.66,488.36,5084,2421,960,407,270,3.67,0.090458488,0.922572537,2.03,1,472812,1735220.04,89125.7,0.051362765,18482.1,0.039089744,1.013025046
10,2021,Hyde Park,31,10,0,21,247.66,488.36,14090,6696,2678,1434,361,3.67,0.009109916,0.950683326,2.093173576,0.65,1310370,4809057.9,24824.96667,0.005162127,31852.275,0.024307848,0.980153301
10,2021,Kennedy Heights,31,10,0,21,247.66,488.36,5042,2478,890,418,40,3.67,0.086763519,0.863439283,2.02,1,468906,1720885.02,87497.83333,0.050844671,12503.4,0.026665046,0.940949
10,2021,Linwood,31,10,0,21,247.66,488.36,675.2083443,324.3612358,106.3063111,55.14866649,13.24293636,3.67,0.035234899,0.96879115,2.08,1,62794.37602,230455.36,4651.155083,0.020182456,1867.090758,0.029733407,1.018707013
10,2021,Lower Price Hill,31,10,0,21,247.66,488.36,857.2619522,274.3844622,282.7221116,110.6633466,18.94920319,3.67,0.497237569,0.566005899,2.41,1,79725.36155,292592.0769,55524.19721,0.189766578,3538.42261,0.044382647,0.800155125
10,2021,Madisonville,31,10,0,21,247.66,488.36,10328.1431,5116.823232,1645.746914,776.157688,339.3602694,3.67,0.089933637,0.863930384,2.048913084,1,960517.3081,3525098.521,187275.6917,0.053126371,30453.64024,0.031705457,0.948762212
10,2021,Millvale,31,10,0,21,247.66,488.36,2390.311843,890.4344779,964.2606868,522.8100911,59.51296426,3.67,0.611675127,0.483970406,2.67,1,222299.0014,815837.3351,221657.09,0.271692751,15897.41941,0.071513679,0.827176836
10,2021,Mt. Adams,31,10,0,21,247.66,488.36,1611,940,134,89,31,3.67,0,0.947803977,1.71,0.13,149823,549850.41,0,0,425.88,0.002842554,0.950646531
10,2021,Mt. Airy,31,10,0,21,247.66,488.36,8782.733284,3929.412157,2344.556412,1316.05278,373.766642,3.67,0.226574217,0.744310778,2.229856983,1,816794.1954,2997634.697,362323.8412,0.120869912,46132.07021,0.05647943,0.921660119
10,2021,Mt. Auburn,31,10,0,21,247.66,488.36,4811,2573,712,390,151,3.67,0.158958414,0.860787614,1.750066796,1,447423,1642042.41,166449.3667,0.101367276,14769.3,0.033009702,0.995164592
10,2021,Mt. Lookout,31,10,0,21,247.66,488.36,5051.790599,2169.960127,1191.287827,626.5793504,164.435173,3.67,0.011706647,0.969539695,2.336911529,0.13,469816.5257,1724226.649,10338.15693,0.005995822,2807.310543,0.005975334,0.981510851
10,2021,Mt. Washington,31,10,0,21,247.66,488.36,12483.0966,5465.23091,3053.730015,1620.465724,681.9047985,3.67,0.130170228,0.909940127,2.261685777,0.45,1160927.984,4260605.702,289520.3001,0.06795285,28284.62186,0.024363804,1.002256781
10,2021,North Avondale - Paddock Hills,31,10,0,21,247.66,488.36,4352.841557,1743.469771,617.038221,334.6914524,117.3467686,3.67,0.155593612,0.880778935,2.099291785,1,404814.2648,1485668.352,110398.9704,0.074309297,12340.64343,0.030484705,0.985572936
10,2021,North Fairmount,31,10,0,21,247.66,488.36,1669.746062,789.221957,461.926969,229.802864,79.69594272,3.67,0.221568627,0.728074357,2.07,1,155286.3838,569901.0284,71164.9692,0.124872505,8449.317422,0.054411193,0.907358056
10,2021,Northside,31,10,0,21,247.66,488.36,7965,4049,1390,654,270,3.67,0.097061003,0.896129559,1.963954228,1,740745,2718534.15,159937.9,0.058832404,25225.2,0.034053824,0.989015787
10,2021,Oakley,31,10,0,21,247.66,488.36,11310.8569,6355.176768,1271.253086,532.842312,163.6397306,3.67,0.033488522,0.946221026,1.75428702,1,1051909.692,3860508.569,86612.87495,0.022435613,19013.95976,0.018075658,0.986732296
10,2021,Over-the-Rhine,31,10,0,21,247.66,488.36,5712,2976,893,456,143,3.67,0.228158602,0.865310959,1.766196154,0.65,531216,1949562.72,276330.3667,0.141739665,10629.255,0.02000929,1.027059913
10,2021,Pendleton,31,10,0,21,247.66,488.36,1018,509,223,116,30,3.67,0.106090373,0.892919279,2,1,94674,347453.58,21976.2,0.063249312,3985.8,0.04210026,0.998268851
10,2021,Pleasant Ridge,31,10,0,21,247.66,488.36,7326.252592,3596.025448,1421.01131,749.3854854,189.8831291,3.67,0.111246761,0.906729328,2.000969089,1,681341.491,2500523.272,162805.4615,0.065108557,25642.03318,0.037634627,1.009472513
10,2021,Queensgate,31,10,0,21,247.66,488.36,273.7380478,87.61553785,90.27788845,35.33665339,6.050796813,3.67,0.497237569,0.566005899,2.41,1,25457.63845,93429.5331,17729.80279,0.189766578,1129.87739,0.044382647,0.800155125
10,2021,Riverside,31,10,0,21,247.66,488.36,1612.790419,737.7125749,260.4850299,139.6047904,32.31736527,3.67,0.210060228,0.823390031,2.149051919,1,149989.509,550461.498,63065.21178,0.114567889,4693.47485,0.031292021,0.969249941
10,2021,Roselawn,31,10,0,21,247.66,488.36,7056,3035,1647,887,249,3.67,0.228336079,0.749102912,2.200778812,1,656208,2408283.36,282027.9,0.11710744,31012.8,0.047260625,0.913470977
10,2021,Sayler Park,31,10,0,21,247.66,488.36,3122,1287,721,462,133,3.67,0.172494172,0.836237043,2.427624125,1,290346,1065569.82,90346.6,0.084787124,16243.5,0.05594532,0.976969487
10,2021,Sedamsville,31,10,0,21,247.66,488.36,570.2095808,206.2874251,147.5149701,72.39520958,18.68263473,3.67,0.203773585,0.785877964,2.64,1,53029.49102,194618.232,17107.22156,0.087901433,2486.42515,0.046887592,0.92066699
10,2021,South Cumminsville,31,10,0,21,247.66,488.36,782.688157,291.5655221,315.7393132,171.1899089,19.48703574,3.67,0.611675127,0.483970406,2.67,1,72789.9986,267139.2949,72579.80995,0.271692751,5205.480589,0.071513679,0.827176836
10,2021,South Fairmount,31,10,0,21,247.66,488.36,1948,879,467,238,64,3.67,0.360637088,0.72152678,2.02,1,181164,664871.88,129008.4333,0.194035027,8244.6,0.045509042,0.961070848
10,2021,Spring Grove Village,31,10,0,21,247.66,488.36,2167,885,569,353,63,3.67,0.246327684,0.829347783,2.44,1,201531,739618.77,88718.73333,0.119951977,11356.8,0.056352621,1.00565238
10,2021,Villages at Roll Hill,31,10,0,21,247.66,488.36,2556,861,1464,770,35,3.67,0.766550523,0.394923892,2.97,1,237708,872388.36,268598,0.307888106,21976.5,0.092451663,0.795263661
10,2021,Walnut Hills,31,10,0,21,247.66,488.36,6121,3661,769,356,74,3.67,0.356186834,0.781163163,1.662482726,0.69,569253,2089158.51,530684.5333,0.254018319,8099.91,0.014229016,1.049410498
10,2021,West End,31,10,0,21,247.66,488.36,8108.676536,3560.262768,2883.016284,1662.751295,282,3.67,0.4933898,0.676673033,2.308115011,1,754106.9178,2767572.388,714876.5622,0.258304558,53091.71036,0.070403426,1.005381016
10,2021,West Price Hill,31,10,0,21,247.66,488.36,19033.09943,7620.713062,5323.327424,2962.558573,1141.668963,3.67,0.227960123,0.832467257,2.488727035,1,1770078.247,6496187.167,706990.0996,0.108831547,112045.4117,0.063299694,1.004598498
10,2021,Westwood,31,10,0,21,247.66,488.36,33395.31344,14676.61039,9045.012254,4450.64239,1192.386349,3.67,0.209562557,0.822624938,2.291599517,1,3105764.15,11398154.43,1251694.356,0.109815529,154054.6846,0.049602828,0.982043295
10,2021,Winton Hills,31,10,0,21,247.66,488.36,6294,2662,3029,1366,361,3.67,0.51014275,0.569889451,2.36,1,585342,2148205.14,552660.7333,0.257266275,47147.1,0.080546245,0.907701971
10,2022,Avondale,31,10,0,21,267.54,523.82,12792,5700,3094,1540,797,4.1,0.34877193,0.690980596,2.096732697,1,1189656,4877589.6,867795.1333,0.17791475,63800.1,0.053629032,0.922524378
10,2022,Bond Hill,31,10,0,21,267.54,523.82,7287,3139,1780,1167,192,4.1,0.153552087,0.86942799,2.290075272,1,677691,2778533.1,210401.0333,0.075723781,37100.7,0.054745747,0.999897518
10,2022,California,31,10,0,21,267.54,523.82,929.4907539,341.8776671,256.1479374,125.2972973,57.61593172,4.1,0.023350254,0.969585022,2.71,0.13,86442.64011,354414.8245,3484.682124,0.009832213,649.1590498,0.007509709,0.986926944
10,2022,Camp Washington,31,10,0,21,267.54,523.82,1151,479,106,59,17,4.1,0.219206681,0.888968813,1.78,1,107043,438876.3,45834.25,0.104435464,2074.8,0.019382865,1.012787142
10,2022,Carthage,31,10,0,21,267.54,523.82,2759,1055,821,527,173,4.1,0.232227488,0.783555874,2.61,1,256587,1052006.7,106946.5833,0.101659603,19110,0.074477663,0.95969314
10,2022,Clifton,31,10,0,21,267.54,523.82,8311,4192,1066,556,124,4.1,0.070849237,0.872889824,1.977352666,0.4,772923,3168984.3,129645.45,0.040910727,7425.6,0.009607167,0.923407717
10,2022,College Hill,31,10,0,21,267.54,523.82,16578,7214,3674,1973,744,4.1,0.174383144,0.81169804,2.262897641,1,1541754,6321191.4,549137.9667,0.086872542,74174.1,0.048110204,0.946680787
10,2022,Columbia Tusculum,31,10,0,21,267.54,523.82,1527.30948,742.2632691,232.6062847,103.0113546,34.47557433,4.1,0.040850588,0.969597306,2.05,0.13,142039.7816,582363.1046,13236.01065,0.022728106,487.9411109,0.003435243,0.995760655
10,2022,Corryville,31,10,0,21,267.54,523.82,4593,1944,313,99,2,4.1,0.036522634,0.654416473,2.308411145,1,427149,1751310.9,30992.68333,0.017696848,2757.3,0.006455125,0.678568446
10,2022,CUF,31,10,0,21,267.54,523.82,17703,5839,590,332,135,4.1,0.047097106,0.778482266,2.260336397,1,1646379,6750153.9,120042.0833,0.017783607,12749.1,0.007743721,0.804009594
10,2022,Downtown,31,10,0,21,267.54,523.82,5257.262028,3281.935603,263.9726129,50.43523316,0,4.1,0.057514217,0.93358807,1.474933886,1,488925.3686,2004594.011,82395.99423,0.041103582,1376.881865,0.002816139,0.977507791
10,2022,East End,31,10,0,21,267.54,523.82,1430,707,161,88,24,4.1,0.101838755,0.944726758,2,1,132990,545259,31429.2,0.057640864,3057.6,0.022991202,1.025358824
10,2022,East Price Hill,31,10,0,21,267.54,523.82,15908,6082,5021,2667,762,4.1,0.29118711,0.723129086,2.611281774,1,1479444,6065720.4,773071.0167,0.127449168,93611.7,0.063274919,0.913853173
10,2022,East Walnut Hills,31,10,0,21,267.54,523.82,4012.088046,2493.270566,399.2056555,215.1201799,60.33868895,4.1,0.035380584,0.913265016,1.603667093,1,373124.1883,1529809.172,38506.60518,0.025170855,7520.027121,0.02015422,0.958590092
10,2022,East Westwood,31,10,0,21,267.54,523.82,2434.307438,1059.651077,735.5904287,462.9622519,116.2436471,4.1,0.373495044,0.696477431,2.276188574,1,226390.5917,928201.426,172762.1328,0.186125692,15812.32104,0.06984531,0.952448433
10,2022,English Woods,31,10,0,21,267.54,523.82,489.8377088,235.3031026,125.1178998,51.58568019,21.94653938,4.1,0.273076923,0.710655115,2.05,1,45554.90692,186775.1184,28048.74826,0.150173902,2007.429594,0.044066155,0.904895172
10,2022,Evanston,31,10,0,21,267.54,523.82,8354.011328,3434.786071,1417.954873,731.6112308,313.4879268,4.1,0.112565559,0.869583815,2.133520639,0.36,776923.0535,3185384.519,168774.1985,0.052983933,10271.23452,0.013220401,0.935788149
10,2022,Hartwell,31,10,0,21,267.54,523.82,5237,2448,965,379,237,4.1,0.100081699,0.917389358,2.04,1,487041,1996868.1,106946.5833,0.05355716,16816.8,0.03452851,1.005475027
10,2022,Hyde Park,31,10,0,21,267.54,523.82,13530,6580,2465,1297,355,4.1,0.013981763,0.94137498,2.039088857,0.65,1258290,5158989,40159.53333,0.00778438,29314.74,0.023297284,0.972456645
10,2022,Kennedy Heights,31,10,0,21,267.54,523.82,4714,2372,795,352,69,4.1,0.1306914,0.828223603,1.98,1,438402,1797448.2,135320.1667,0.075284599,11493.3,0.026216349,0.929724551
10,2022,Linwood,31,10,0,21,267.54,523.82,667.0448904,324.1798257,101.5896488,44.98970161,15.05703723,4.1,0.040850588,0.969597306,2.05,1,62035.17481,254344.2167,5780.762437,0.022728106,1639.27597,0.026424943,1.018750355
10,2022,Lower Price Hill,31,10,0,21,267.54,523.82,877.7270916,288.0278884,288.0278884,91.71414343,47.75199203,4.1,0.621052632,0.517487295,2.37,1,81628.61952,334677.34,78084.31003,0.233312211,3807.425498,0.046643267,0.797442773
10,2022,Madisonville,31,10,0,21,267.54,523.82,10685.46577,5292.751964,1716.369809,732.0976431,342.6060606,4.1,0.099709447,0.845874785,2.041209633,1,993748.3165,4074368.098,230366.1593,0.05654034,29339.41111,0.029523986,0.931939111
10,2022,Millvale,31,10,0,21,267.54,523.82,2341.34548,890.4344779,1023.773651,662.1758935,74.57953749,4.1,0.602368866,0.476951667,2.62,1,217745.1296,892755.0315,234134.4476,0.262260575,20113.42327,0.092371404,0.831583645
10,2022,Mt. Adams,31,10,0,21,267.54,523.82,1643,977,114,80,16,4.1,0,0.941869806,1.68,0.13,152799,626475.9,0,0,340.704,0.002229753,0.944099558
10,2022,Mt. Airy,31,10,0,21,267.54,523.82,8913.806968,3893.991994,2475.059451,1374.247739,386.149444,4.1,0.250267048,0.711869148,2.277665922,1,828984.048,3398834.597,425402.0269,0.125161144,48058.8431,0.057973182,0.895003474
10,2022,Mt. Auburn,31,10,0,21,267.54,523.82,4705,2583,603,416,113,4.1,0.14324429,0.838284446,1.705475113,1,437565,1794016.5,161511.1667,0.090027693,14441.7,0.033004696,0.961316835
10,2022,Mt. Lookout,31,10,0,21,267.54,523.82,5009.64563,2186.556905,1170.804067,611.9989438,164.4673884,4.1,0.013461883,0.972702418,2.299967974,0.13,465897.0436,1910177.879,12848.94358,0.006726569,2755.679013,0.005914781,0.985343768
10,2022,Mt. Washington,31,10,0,21,267.54,523.82,12436.34362,5527.69696,3001.501673,1566.027132,764.2803732,4.1,0.114884969,0.901115514,2.223608197,0.45,1156579.957,4741977.823,277209.6012,0.058458646,28627.82771,0.024752139,0.984326298
10,2022,North Avondale - Paddock Hills,31,10,0,21,267.54,523.82,4240.900625,1687.943363,666.8394719,393.2685893,104.1733843,4.1,0.179003648,0.874775752,2.117322946,1,394403.7582,1617055.408,131892.6463,0.081563468,13580.16588,0.034432141,0.990771361
10,2022,North Fairmount,31,10,0,21,267.54,523.82,1675.162291,804.6968974,427.8821002,176.4143198,75.05346062,4.1,0.273076923,0.710655115,2.05,1,155790.0931,638739.3816,95921.98508,0.150173902,6865.070406,0.044066155,0.904895172
10,2022,Northside,31,10,0,21,267.54,523.82,8200,4053,1354,559,240,4.1,0.098198865,0.899673792,2.025715194,1,762600,3126660,173733.6333,0.055565246,21812.7,0.028603068,0.983842107
10,2022,Oakley,31,10,0,21,267.54,523.82,11265.53423,6513.248036,1219.630191,484.9023569,118.3939394,4.1,0.019999642,0.943024935,1.708637195,1,1047694.684,4295548.202,56861.80741,0.013237381,16469.98889,0.015720218,0.971982534
10,2022,Over-the-Rhine,31,10,0,21,267.54,523.82,5657,3047,795,406,143,4.1,0.208729898,0.875445421,1.708942308,0.65,526101,2157014.1,277624.6,0.128707828,9742.005,0.018517366,1.022670616
10,2022,Pendleton,31,10,0,21,267.54,523.82,1134,550,251,145,40,4.1,0.125454545,0.900215501,2.06,1,105462,432394.2,30119.65,0.069657849,5050.5,0.047889287,1.017762638
10,2022,Pleasant Ridge,31,10,0,21,267.54,523.82,7184.554194,3642.132893,1438.686145,853.2770971,149.8831291,4.1,0.135636621,0.887994463,1.938428014,1,668163.5401,2739470.514,215642.1133,0.078716713,27386.27418,0.040987382,1.007698557
10,2022,Queensgate,31,10,0,21,267.54,523.82,280.2729084,91.97211155,91.97211155,29.28585657,15.24800797,4.1,0.621052632,0.517487295,2.37,1,26065.38048,106868.06,24933.62331,0.233312211,1215.774502,0.046643267,0.797442773
10,2022,Riverside,31,10,0,21,267.54,523.82,2008.023952,826.0538922,418.1976048,213.6107784,33.59281437,4.1,0.19557669,0.824574948,2.420248307,1,186746.2275,765659.5329,70522.27345,0.09210657,6748.658084,0.036138123,0.952819641
10,2022,Roselawn,31,10,0,21,267.54,523.82,7692,3558,1970,1287,248,4.1,0.24480045,0.708884333,2.11616494,1,715356,2932959.6,380206.0167,0.129632204,41905.5,0.058579924,0.897096461
10,2022,Sayler Park,31,10,0,21,267.54,523.82,2902,1186,710,402,133,4.1,0.15851602,0.861450757,2.442799067,1,269886,1106532.6,82065.13333,0.074164226,14605.5,0.054117294,0.989732276
10,2022,Sedamsville,31,10,0,21,267.54,523.82,556.9760479,196.9461078,158.8023952,65.38922156,21.40718563,4.1,0.322134387,0.747090832,2.69,1,51798.77246,212374.9671,27693.97655,0.130401322,2369.541916,0.045745136,0.923237291
10,2022,South Cumminsville,31,10,0,21,267.54,523.82,766.65452,291.5655221,335.226349,216.8241065,24.42046251,4.1,0.602368866,0.476951667,2.62,1,71298.87036,292325.3685,76665.41911,0.262260575,6585.976734,0.092371404,0.831583645
10,2022,South Fairmount,31,10,0,21,267.54,523.82,1926,888,474,242,77,4.1,0.30518018,0.712572081,1.98,1,179118,734383.8,118296.0167,0.161082007,8708.7,0.048619904,0.922273993
10,2022,Spring Grove Village,31,10,0,21,267.54,523.82,2220,922,515,362,65,4.1,0.245119306,0.782147981,2.4,1,206460,846486,98652.76667,0.116543885,11657.1,0.056461784,0.95515365
10,2022,Villages at Roll Hill,31,10,0,21,267.54,523.82,2503,864,1444,819,77,4.1,0.706018519,0.369700104,2.9,1,232779,954393.9,266275.1667,0.278999234,24460.8,0.105081644,0.753780982
10,2022,Walnut Hills,31,10,0,21,267.54,523.82,6431,3677,860,364,186,4.1,0.342398695,0.782790116,1.751691269,0.69,598083,2452140.3,549574.4833,0.224120326,10360.35,0.017322596,1.024233038
10,2022,West End,31,10,0,21,267.54,523.82,7764.737972,3603.064397,2293.027387,1263.564767,234,4.1,0.464949237,0.690893072,2.177132188,1,722120.6314,2960694.589,731271.0724,0.246993079,40883.51813,0.056615912,0.994502063
10,2022,West Price Hill,31,10,0,21,267.54,523.82,18961.63553,7517.694487,5411.251034,3232.174391,1144.64663,4.1,0.196647414,0.81024671,2.514935943,1,1763432.104,7230071.627,645317.9437,0.08925471,119487.2139,0.06775833,0.967259749
10,2022,Westwood,31,10,0,21,267.54,523.82,32780.69256,14571.34892,8579.409571,3879.037748,1322.756353,4.1,0.218389223,0.819417792,2.263472583,1,3048604.408,12499278.07,1389094.501,0.111133978,142008.979,0.046581635,0.977133406
10,2022,Winton Hills,31,10,0,21,267.54,523.82,6741,2746,3304,1617,595,4.1,0.494901675,0.542016339,2.45,1,626913,2570343.3,593226.15,0.230796466,60387.6,0.096325327,0.869138132
10,2023,Avondale,31,9,0,22,192.76,371.83,12825,5866,3070,1560,841,4.2845,0.423968633,0.688056323,2.051463803,1,1192725,5110230.263,770617.675,0.150799012,68668.6,0.057572869,0.896428203
10,2023,Bond Hill,31,9,0,22,192.76,371.83,6723,3165,1495,1154,129,4.2845,0.165876777,0.861707486,2.105112908,1,625239,2678836.496,162675.625,0.060726224,36693.8,0.058687638,0.981121347
10,2023,California,31,9,0,22,192.76,371.83,954.8278805,335.9772404,260.6600284,135.3627312,45.46799431,4.2845,0.026859504,0.983597254,2.83,0.13,88798.99289,380459.285,2796.218018,0.007349585,672.3286373,0.007571354,0.998518194
10,2023,Camp Washington,31,9,0,22,192.76,371.83,1128,520,109,67,18,4.2845,0.309615385,0.86960362,1.61,1,104904,449461.188,49887.19167,0.110993325,2431,0.023173568,1.003770513
10,2023,Carthage,31,9,0,22,192.76,371.83,2962,1094,905,576,145,4.2845,0.174588665,0.808487356,2.7,1,275466,1180234.077,59182.94167,0.050145088,20620.6,0.074857151,0.933489595
10,2023,Clifton,31,9,0,22,192.76,371.83,8012,4101,1091,543,155,4.2845,0.058522312,0.895678177,1.940058466,0.4,745116,3192449.502,74366,0.023294339,7985.12,0.010716613,0.929689129
10,2023,College Hill,31,9,0,22,192.76,371.83,16324,7124,3721,2033,828,4.2845,0.20620438,0.813060802,2.238321039,1,1518132,6504436.554,455181.8917,0.069980219,81824.6,0.053898212,0.936939232
10,2023,Columbia Tusculum,31,9,0,22,192.76,371.83,1597.922102,755.1396884,284.111962,159.086084,25.33747029,4.2845,0.048954895,0.980076407,2.11,0.13,148606.7555,636705.6439,11454.7761,0.017990694,685.6867748,0.004614102,1.002681203
10,2023,Corryville,31,9,0,22,192.76,371.83,4442,1987,267,78,1,4.2845,0.023653749,0.686047929,2.159706325,1,413106,1769952.657,14563.34167,0.008228097,2259.4,0.005469298,0.699745324
10,2023,CUF,31,9,0,22,192.76,371.83,17903,6110,478,165,120,4.2845,0.052373159,0.77211139,2.154798515,1,1664979,7133602.526,99154.66667,0.013899662,8151,0.004895557,0.79090661
10,2023,Downtown,31,9,0,22,192.76,371.83,5501.109548,3389.128053,229.8482605,28.20355292,0,4.2845,0.072973797,0.934914516,1.449603319,1,511603.188,2191963.859,76633.40154,0.03496107,806.6216136,0.001576655,0.97145224
10,2023,East End,31,9,0,22,192.76,371.83,1306,681,172,111,38,4.2845,0.114537445,0.955370044,1.9,1,121458,520386.801,24168.95,0.046444203,4261.4,0.035085379,1.036899626
10,2023,East Price Hill,31,9,0,22,192.76,371.83,15955,6112,5263,2574,882,4.2845,0.296138743,0.73184202,2.599238879,1,1483815,6357405.368,560843.5833,0.088218943,98841.6,0.066613156,0.886674119
10,2023,East Walnut Hills,31,9,0,22,192.76,371.83,3876.895887,2470.430591,361.3496144,200.8348329,39.33868895,4.2845,0.03423318,0.915068833,1.552788732,1,360551.3175,1544782.12,26204.93432,0.016963515,6868.962725,0.019051276,0.951083624
10,2023,East Westwood,31,9,0,22,192.76,371.83,2446.440728,1082.362735,662.7084265,423.8682901,112.1505178,4.2845,0.403008497,0.730271131,2.233280064,1,227518.9877,974805.103,135160.6323,0.138654006,15330.13791,0.067379598,0.936304734
10,2023,English Woods,31,9,0,22,192.76,371.83,494.8152745,231.9093079,114.9365155,56.78949881,23.98281623,4.2845,0.24195122,0.715299412,2.1,1,46017.82053,197163.352,17386.38033,0.088182617,2310.08821,0.050199861,0.85368189
10,2023,Evanston,31,9,0,22,192.76,371.83,8421.154843,3511.949534,1469.161852,755.5963693,308.2870928,4.2845,0.090933908,0.854076328,2.101616559,0.36,783167.4004,3355480.727,98954.89982,0.029490528,10953.74413,0.013986466,0.897553322
10,2023,Hartwell,31,9,0,22,192.76,371.83,5403,2462,852,527,174,4.2845,0.097887896,0.924583721,2.07,1,502479,2152871.276,74675.85833,0.034686634,20048.6,0.039899379,0.999169734
10,2023,Hyde Park,31,9,0,22,192.76,371.83,13559,6539,2522,1119,401,4.2845,0.011010858,0.940017258,2.057848168,0.65,1260987,5402698.802,22309.8,0.004129381,28256.8,0.022408478,0.966555117
10,2023,Kennedy Heights,31,9,0,22,192.76,371.83,4275,2222,492,333,67,4.2845,0.143564356,0.848252783,1.91,1,397575,1703410.088,98844.80833,0.058027605,11440,0.028774445,0.935054834
10,2023,Linwood,31,9,0,22,192.76,371.83,697.8846052,329.8035384,124.0844996,69.48006337,11.06601532,4.2845,0.048954895,0.980076407,2.11,1,64903.26829,278078.053,5002.817025,0.017990694,2303.617851,0.035493095,1.033560196
10,2023,Lower Price Hill,31,9,0,22,192.76,371.83,876.9691235,298.6394422,294.0916335,80.34462151,68.21713147,4.2845,0.631979695,0.466354618,2.32,1,81558.12849,349435.8015,58480.82244,0.167357844,4248.866135,0.05209617,0.685808633
10,2023,Madisonville,31,9,0,22,192.76,371.83,10561.56341,5445.440516,1620.369809,794.7861953,232.8462402,4.2845,0.096409902,0.87532009,1.957708987,1,982225.3973,4208344.715,162673.8862,0.038655076,29390.28765,0.029922142,0.943897308
10,2023,Millvale,31,9,0,22,192.76,371.83,2408.391731,825.648213,1009.460406,614.7161878,61.01962158,4.2845,0.515510949,0.498484702,2.9,1,223980.431,959644.1565,131885.2174,0.137431377,19326.04415,0.086284521,0.722200599
10,2023,Mt. Adams,31,9,0,22,192.76,371.83,1592,984,97,65,11,4.2845,0,0.934637005,1.62,0.13,148056,634345.932,0,0,282.568,0.001908521,0.936545526
10,2023,Mt. Airy,31,9,0,22,192.76,371.83,8855.104818,4117.800593,2459.034396,1515.051742,311.7610082,4.2845,0.246881058,0.716394854,2.140346369,1,823524.7481,3528391.783,315004.1408,0.089276974,52246.84466,0.063442956,0.869114784
10,2023,Mt. Auburn,31,9,0,22,192.76,371.83,5192,2640,771,558,145,4.2845,0.15719697,0.793266802,1.851103211,1,482856,2068796.532,128591.2083,0.062157494,20105.8,0.041639329,0.897063625
10,2023,Mt. Lookout,31,9,0,22,192.76,371.83,5018.193293,2134.056773,1254.803538,660.4338527,168.5965144,4.2845,0.016816196,0.97521814,2.359967974,0.13,466691.9762,1999541.772,11119.79854,0.005561173,3082.334905,0.006604645,0.987383959
10,2023,Mt. Washington,31,9,0,22,192.76,371.83,11815.2445,5463.880907,2649.821269,1560.902515,620.874501,4.2845,0.13778012,0.908509681,2.133691957,0.45,1098817.738,4707884.6,233265.7428,0.049547889,28079.4702,0.025554256,0.983611826
10,2023,North Avondale - Paddock Hills,31,9,0,22,192.76,371.83,4209.94927,1687.619875,609.4885337,370.5687978,55.37421821,4.2845,0.135145368,0.902230071,2.084645892,1,391525.2821,1677490.071,70670.63253,0.042128793,12181.97026,0.031114134,0.975472999
10,2023,North Fairmount,31,9,0,22,192.76,371.83,1692.184726,793.0906921,393.0634845,194.2105012,82.01718377,4.2845,0.24195122,0.715299412,2.1,1,157373.1795,674265.3875,59458.48633,0.088182617,7900.11179,0.050199861,0.85368189
10,2023,Northside,31,9,0,22,192.76,371.83,8407,4175,1198,548,192,4.2845,0.123113772,0.879595765,2.010178004,1,781851,3349840.61,159267.1833,0.047544705,21164,0.027069096,0.954209566
10,2023,Oakley,31,9,0,22,192.76,371.83,11405.43659,6478.559484,1361.630191,602.2138047,115.1537598,4.2845,0.016825594,0.946980836,1.739411667,1,1060705.603,4544593.155,33776.29716,0.007432194,20516.71235,0.019342513,0.973755543
10,2023,Over-the-Rhine,31,9,0,22,192.76,371.83,6180,3155,840,328,149,4.2845,0.203486529,0.849835918,1.818869231,0.65,574740,2462473.53,198929.05,0.080784239,8867.43,0.015428594,0.946048751
10,2023,Pendleton,31,9,0,22,192.76,371.83,1163,558,238,154,36,4.2845,0.082437276,0.89748322,2.08,1,108159,463407.2355,14253.48333,0.030758008,5434,0.050240849,0.978482077
10,2023,Pleasant Ridge,31,9,0,22,192.76,371.83,7308.599434,3688.551367,1534.065033,828.6644675,150.332705,4.2845,0.131432997,0.883372961,1.952439432,1,679699.7474,2912173.568,150218.5023,0.05158295,27999.31913,0.041193658,0.976149569
10,2023,Queensgate,31,9,0,22,192.76,371.83,280.0308765,95.36055777,93.90836653,25.65537849,21.78286853,4.2845,0.631979695,0.466354618,2.32,1,26042.87151,111580.683,18673.90256,0.167357844,1356.733865,0.05209617,0.685808633
10,2023,Riverside,31,9,0,22,192.76,371.83,2088.550898,829.5508982,512.3952096,212.3473054,86.07784431,4.2845,0.216450716,0.830840211,2.513273138,1,194235.2335,832200.8581,55637.1975,0.066855492,8534.959281,0.043941355,0.941637057
10,2023,Roselawn,31,9,0,22,192.76,371.83,7449,3583,1509,1121,162,4.2845,0.234161317,0.728904,2.031551069,1,692757,2968117.367,259971.1417,0.087587891,36693.8,0.052967779,0.869459671
10,2023,Sayler Park,31,9,0,22,192.76,371.83,2745,1184,682,423,106,4.2845,0.199324324,0.857092042,2.314898367,1,255285,1093768.583,73126.56667,0.066857439,15129.4,0.059264743,0.983214224
10,2023,Sedamsville,31,9,0,22,192.76,371.83,590.4491018,200.4491018,187.6047904,48.65269461,38.92215569,4.2845,0.316504854,0.750546837,2.81,1,54911.76647,235269.4634,19658.3775,0.083556859,2504.640719,0.045612095,0.879715792
10,2023,South Cumminsville,31,9,0,22,192.76,371.83,788.6082691,270.351787,330.5395936,201.2838122,19.98037842,4.2845,0.515510949,0.498484702,2.9,1,73340.56903,314227.668,43184.74095,0.137431377,6328.155851,0.086284521,0.722200599
10,2023,South Fairmount,31,9,0,22,192.76,371.83,1960,852,478,231,108,4.2845,0.253521127,0.718636272,2.13,1,182280,780978.66,66929.4,0.085699397,9695.4,0.053189598,0.857525267
10,2023,Spring Grove Village,31,9,0,22,192.76,371.83,2163,927,549,327,132,4.2845,0.252427184,0.77983631,2.32,1,201159,861865.7355,72506.85,0.084127779,13127.4,0.065258825,0.929222914
10,2023,Villages at Roll Hill,31,9,0,22,192.76,371.83,2262,901,1261,630,135,4.2845,0.612652608,0.359694036,2.51,1,210366,901313.127,171041.8,0.189769565,21879,0.104004449,0.65346805
10,2023,Walnut Hills,31,9,0,22,192.76,371.83,6259,3678,829,359,193,4.2845,0.347471452,0.790895394,1.714202261,0.69,582087,2493951.752,395998.95,0.158783725,10893.168,0.018713986,0.968393106
10,2023,West End,31,9,0,22,192.76,371.83,7764.890452,3592.871947,2249.151739,1322.796447,198,4.2845,0.433269674,0.699608129,2.182286781,1,722134.812,3093986.602,482351.0318,0.155899522,43494.77839,0.060230829,0.91573848
10,2023,West Price Hill,31,9,0,22,192.76,371.83,18811.14342,7650.011933,5370.627021,3261.091031,1051.858812,4.2845,0.201424858,0.815275332,2.450516273,1,1749436.338,7495459.99,477461.5019,0.063700093,123350.3655,0.070508633,0.949484059
10,2023,Westwood,31,9,0,22,192.76,371.83,34059.55927,15074.63727,9471.291574,4788.13171,1273.849482,4.2845,0.213391444,0.823986694,2.266125449,1,3167539.012,13571320.9,996751.8594,0.073445457,173372.6621,0.054734184,0.952166334
10,2023,Winton Hills,31,9,0,22,192.76,371.83,5401,2699,2102,1050,281,4.2845,0.519081141,0.64571331,2,1,502293,2152074.359,434111.525,0.201717716,38066.6,0.075785647,0.923216673
10,2024,Avondale,31,9,0,22,195.9618,381.134,12501,5950,3040,1641,623,4.395897,0.398991597,0.690806134,1.963373111,1,1162593,5110639.081,754010.0967,0.14753734,64750.4,0.055694813,0.894038288
10,2024,Bond Hill,31,9,0,22,195.9618,381.134,6399,3191,1417,905,151,4.395897,0.162331558,0.850134085,1.980091999,1,595107,2616029.076,164522.8433,0.062890296,30201.6,0.050749865,0.963774246
10,2024,California,31,9,0,22,195.9618,381.134,928.7965861,340.1422475,242.2645804,132.5860597,50.6742532,4.395897,0.02755102,0.976559214,2.72,0.13,86378.0825,379709.1537,2976.423414,0.007838693,681.3618435,0.007888133,0.99228604
10,2024,Camp Washington,31,9,0,22,195.9618,381.134,1143,548,90,45,12,4.395897,0.313868613,0.876434088,1.55,1,106299,467279.4552,54629.20667,0.11690907,1630.2,0.015335986,1.008679145
10,2024,Carthage,31,9,0,22,195.9618,381.134,3183,979,1107,542,137,4.395897,0.269662921,0.733606197,3.25,1,296019,1301269.034,83849.48,0.064436698,19419.4,0.06560187,0.863644765
10,2024,Clifton,31,9,0,22,195.9618,381.134,8028,4079,1068,501,166,4.395897,0.076244177,0.885250904,1.945491113,0.4,746604,3281994.284,98777.22833,0.030096709,7630.48,0.010220251,0.925567864
10,2024,College Hill,31,9,0,22,195.9618,381.134,15930,7147,3555,1788,776,4.395897,0.226108857,0.804704983,2.172954947,1,1481490,6512477.447,513260.4533,0.078811859,73330.4,0.049497735,0.933014577
10,2024,Columbia Tusculum,31,9,0,22,195.9618,381.134,1621.18273,765.9392659,265.8357539,148.7018748,29.49115395,4.395897,0.043383948,0.95904074,2.11,0.13,150769.9939,662769.364,10554.06711,0.015924193,662.521681,0.004394254,0.979359187
10,2024,Corryville,31,9,0,22,195.9618,381.134,4277,1968,256,101,1,4.395897,0.018800813,0.67161011,2.086822289,1,397761,1748516.387,11751.63167,0.006720916,2917.2,0.007334052,0.685665078
10,2024,CUF,31,9,0,22,195.9618,381.134,18282,6192,456,180,92,4.395897,0.066860465,0.782651708,2.153319783,1,1700226,7474018.373,131491.23,0.01759311,7779.2,0.004575392,0.80482021
10,2024,Downtown,31,9,0,22,195.9618,381.134,6070.715026,3633.99852,282.6447076,85.00592154,0,4.395897,0.063479574,0.918821977,1.484669432,1,564576.4974,2481820.131,73268.14506,0.02952194,2431.169356,0.004306182,0.952650099
10,2024,East End,31,9,0,22,195.9618,381.134,1323,707,71,36,24,4.395897,0.099009901,0.948525224,1.86,1,123039,540866.771,22232.81667,0.041105902,1716,0.013946797,1.003577924
10,2024,East Price Hill,31,9,0,22,195.9618,381.134,16286,6321,5352,2708,815,4.395897,0.332384116,0.71801936,2.593354997,1,1514598,6658016.804,667302.1117,0.100225357,100757.8,0.066524451,0.884769168
10,2024,East Walnut Hills,31,9,0,22,195.9618,381.134,3934.501285,2474.03856,308.3309769,169.5122108,25.28534704,4.395897,0.021840688,0.93192842,1.586430218,1,365908.6195,1608496.603,17162.05251,0.010669623,5571.210154,0.015225687,0.95782373
10,2024,East Westwood,31,9,0,22,195.9618,381.134,2601.088353,1064.265709,734.3991673,467.6568839,122.2488875,4.395897,0.419072549,0.699829171,2.409468638,1,241901.2169,1063372.833,141656.2463,0.133214092,16871.30506,0.069744606,0.902787869
10,2024,English Woods,31,9,0,22,195.9618,381.134,496.1727924,239.8281623,148.874463,74.66348449,22.85155131,4.395897,0.324528302,0.687230934,2.04,1,46144.06969,202844.5775,24720.04197,0.12186691,2788.930024,0.06043962,0.869537464
10,2024,Evanston,31,9,0,22,195.9618,381.134,8404.596004,3388.064636,1664.030385,884.24248,395.266425,4.395897,0.120803737,0.830442821,2.18067287,0.36,781627.4284,3435953.668,129995.555,0.037833908,13173.82369,0.016854352,0.885131081
10,2024,Hartwell,31,9,0,22,195.9618,381.134,5439,2426,1243,558,243,4.395897,0.23577906,0.843932863,2.1,1,505827,2223563.392,181673.8733,0.081703933,22908.6,0.045289397,0.970926193
10,2024,Hyde Park,31,9,0,22,195.9618,381.134,13303,6483,2448,1036,436,4.395897,0.016813204,0.938358409,2.031959221,0.65,1237179,5438511.455,34619.67167,0.006365652,27364.48,0.022118449,0.96684251
10,2024,Kennedy Heights,31,9,0,22,195.9618,381.134,4649,2401,684,380,165,4.395897,0.101624323,0.871139734,1.93,1,432357,1900596.839,77497.24667,0.040775216,15587,0.036051226,0.947966176
10,2024,Linwood,31,9,0,22,195.9618,381.134,708.0435701,334.5202007,116.1024558,64.9448112,12.88011619,4.395897,0.043383948,0.95904074,2.11,1,65848.05202,289461.2543,4609.43681,0.015924193,2225.792923,0.033801955,1.008766888
10,2024,Lower Price Hill,31,9,0,22,195.9618,381.134,943.6703187,306.2191235,283.4800797,132.6444223,68.21713147,4.395897,0.571782178,0.509650105,2.42,1,87761.33964,385789.8096,55610.82918,0.144147999,5744.640438,0.065457529,0.719255633
10,2024,Madisonville,31,9,0,22,195.9618,381.134,10748.04938,5684.800786,1490.818182,744.3058361,233.9118967,4.395897,0.106730738,0.887988151,1.899867134,1,999568.5926,4394000.577,192708.6508,0.04385722,27977.02716,0.027989102,0.959834473
10,2024,Millvale,31,9,0,22,195.9618,381.134,2757.182901,987.6138753,1198.5459,1093.079888,0,4.395897,0.745995423,0.335307065,2.78,1,256418.0098,1127187.16,234002.1204,0.207598284,31262.08479,0.121918444,0.664823793
10,2024,Mt. Adams,31,9,0,22,195.9618,381.134,1631,1016,90,58,15,4.395897,0,0.950534229,1.61,0.13,151683,666782.8447,0,0,271.414,0.00178935,0.95232358
10,2024,Mt. Airy,31,9,0,22,195.9618,381.134,9099.048036,4234.088213,2055.363973,1319.365456,150.7451446,4.395897,0.287523462,0.802446372,2.132741899,1,846211.4673,3719858.451,386660.3488,0.103944909,42045.16317,0.049686355,0.956077635
10,2024,Mt. Auburn,31,9,0,22,195.9618,381.134,5046,2650,705,474,109,4.395897,0.103018868,0.81967643,1.783449688,1,469278,2062897.752,86707.985,0.042032129,16673.8,0.035530751,0.89723931
10,2024,Mt. Lookout,31,9,0,22,195.9618,381.134,5096.773699,2144.540533,1239.06179,682.353314,134.6287299,4.395897,0.015041788,0.965245402,2.387742194,0.13,473999.9541,2083654.976,10245.42942,0.004917047,3037.539239,0.006408311,0.97657076
10,2024,Mt. Washington,31,9,0,22,195.9618,381.134,11879.67519,5553.087735,2598.366801,1379.398705,642.950248,4.395897,0.115661466,0.905976425,2.117269253,0.45,1104809.793,4856630.055,203995.0706,0.04200342,26027.63103,0.023558472,0.971538317
10,2024,North Avondale - Paddock Hills,31,9,0,22,195.9618,381.134,4878.90271,1839.896803,824.6386379,457.2453092,82.44822794,4.395897,0.066674624,0.919005919,2.27,1,453737.9521,1994585.302,38962.82912,0.019534301,15435.23516,0.03401795,0.97255817
10,2024,North Fairmount,31,9,0,22,195.9618,381.134,1696.827208,820.1718377,509.125537,255.3365155,78.14844869,4.395897,0.324528302,0.687230934,2.04,1,157804.9303,693694.2197,84538.37137,0.12186691,9537.669976,0.06043962,0.869537464
10,2024,Northside,31,9,0,22,195.9618,381.134,8550,4378,1275,664,146,4.395897,0.100502513,0.876720911,1.942498411,1,795150,3495397.5,139749.1333,0.039980899,23166,0.029134126,0.945835936
10,2024,Oakley,31,9,0,22,195.9618,381.134,11411.95062,6598.199214,1267.181818,540.6941639,72.08810325,4.395897,0.015043046,0.952669194,1.708519196,1,1061311.407,4665415.632,31525.18583,0.006757208,17525.57284,0.01651313,0.975939532
10,2024,Over-the-Rhine,31,9,0,22,195.9618,381.134,6291,3343,715,315,73,4.395897,0.169608136,0.868197339,1.784465385,0.65,585063,2571876.687,180085.815,0.07002117,7212.92,0.01232845,0.950546959
10,2024,Pendleton,31,9,0,22,195.9618,381.134,1146,596,210,132,31,4.395897,0.08557047,0.943748038,1.92,1,106578,468505.9105,16198.195,0.034574153,4661.8,0.043740734,1.022062925
10,2024,Pleasant Ridge,31,9,0,22,195.9618,381.134,7268.072573,3683.009425,1571.93968,901.1055608,227.2544769,4.395897,0.117650837,0.895783889,1.953138402,1,675930.7493,2971321.953,137624.0389,0.046317444,32271.09708,0.0477432,0.989844534
10,2024,Queensgate,31,9,0,22,195.9618,381.134,301.3296813,97.78087649,90.51992032,42.35557769,21.78286853,4.395897,0.571782178,0.509650105,2.42,1,28023.66036,123189.1245,17757.46582,0.144147999,1834.359562,0.065457529,0.719255633
10,2024,Riverside,31,9,0,22,195.9618,381.134,2268.610778,840.8323353,659.8922156,318.1556886,109.9520958,4.395897,0.34436223,0.807189532,2.771670429,1,210980.8024,927449.8763,91964.74336,0.099158721,12243.88263,0.05803316,0.964381412
10,2024,Roselawn,31,9,0,22,195.9618,381.134,7375,3604,1483,1030,148,4.395897,0.249167592,0.716173201,1.98616494,1,685875,3015035.855,285215.2767,0.09459764,33690.8,0.049120904,0.859891745
10,2024,Sayler Park,31,9,0,22,195.9618,381.134,2713,1183,739,439,160,4.395897,0.22569738,0.862711366,2.297347551,1,252309,1109124.376,84802.315,0.076458797,17131.4,0.06789849,1.007068652
10,2024,Sedamsville,31,9,0,22,195.9618,381.134,715.3892216,196.1676647,256.1077844,77.84431138,56.04790419,4.395897,0.359126984,0.733303852,3.5,1,66531.1976,292464.292,22375.45664,0.076506627,3829.317365,0.057556718,0.867367197
10,2024,South Cumminsville,31,9,0,22,195.9618,381.134,902.8170988,323.3861247,392.4540995,357.9201121,0,4.395897,0.745995423,0.335307065,2.78,1,83961.99019,369088.2608,76622.08964,0.207598284,10236.51521,0.121918444,0.664823793
10,2024,South Fairmount,31,9,0,22,195.9618,381.134,2319,960,667,259,102,4.395897,0.2375,0.706564387,2.27,1,215667,948049.9183,72415.46,0.076383594,10324.6,0.047872878,0.830820859
10,2024,Spring Grove Village,31,9,0,22,195.9618,381.134,1996,881,469,296,133,4.395897,0.238365494,0.769126803,2.25,1,185628,816001.5683,66698.45,0.081738139,12269.4,0.06609671,0.916961652
10,2024,Villages at Roll Hill,31,9,0,22,195.9618,381.134,2196,895,1128,574,206,4.395897,0.612290503,0.413092065,2.45,1,204228,897765.2525,174051.1933,0.193871608,22308,0.10923086,0.716194533
10,2024,Walnut Hills,31,9,0,22,195.9618,381.134,6176,3528,737,354,201,4.395897,0.306405896,0.805375246,1.741359925,0.69,574368,2524862.568,343338.2117,0.135982931,10952.37,0.019068559,0.960426735
10,2024,West End,31,9,0,22,195.9618,381.134,6929.284974,3429.00148,2061.355292,1159.994078,178,4.395897,0.452993482,0.706312849,2.046430172,1,644423.5026,2832819.342,493351.0683,0.1741555,38266.63064,0.059381184,0.939849533
10,2024,West Price Hill,31,9,0,22,195.9618,381.134,18669.39287,7441.500965,5187.970243,3128.862443,1039.131704,4.395897,0.184977762,0.814924436,2.495004634,1,1736253.537,7632391.714,437196.3323,0.057281695,119204.6326,0.068656236,0.940862367
10,2024,Westwood,31,9,0,22,195.9618,381.134,34095.91165,15214.73429,9589.600833,5082.343116,1146.751113,4.395897,0.210256413,0.824646515,2.250008974,1,3170919.783,13939036.76,1016038.279,0.07289157,178152.0949,0.056183097,0.953721183
10,2024,Winton Hills,31,9,0,22,195.9618,381.134,4681,2540,1351,691,121,4.395897,0.546850394,0.679619002,1.84,1,435333,1913679.029,441162.605,0.230531138,23223.2,0.05334583,0.96349597
10,2025,Avondale,31,9,0,22,182.6321,356.2263,12501,5950,3040,1641,623,4.510190322,0.398991597,0.683326044,1.963373111,1,1162593,5243515.697,704734.3635,0.134401116,64750.4,0.055694813,0.873421973
10,2025,Bond Hill,31,9,0,22,182.6321,356.2263,6399,3191,1417,905,151,4.510190322,0.162331558,0.845204216,1.980091999,1,595107,2684045.832,153771.0195,0.057290758,30201.6,0.050749865,0.953244839
10,2025,California,31,9,0,22,182.6321,356.2263,928.7965861,340.1422475,242.2645804,132.5860597,50.6742532,4.510190322,0.02755102,0.975963749,2.72,0.13,86378.0825,389581.5917,2781.909512,0.007140762,681.3618435,0.007888133,0.990992644
10,2025,Camp Washington,31,9,0,22,182.6321,356.2263,1143,548,90,45,12,4.510190322,0.313868613,0.872120275,1.55,1,106299,479428.721,51059.103,0.106499884,1630.2,0.015335986,0.993956145
10,2025,Carthage,31,9,0,22,182.6321,356.2263,3183,979,1107,542,137,4.510190322,0.269662921,0.728993529,3.25,1,296019,1335102.029,78369.786,0.058699473,19419.4,0.06560187,0.853294873
10,2025,Clifton,31,9,0,22,182.6321,356.2263,8028,4079,1068,501,166,4.510190322,0.076244177,0.88110128,1.945491113,0.4,746604,3367326.135,92321.98275,0.027417001,7630.48,0.010220251,0.918738531
10,2025,College Hill,31,9,0,22,182.6321,356.2263,15930,7147,3555,1788,776,4.510190322,0.226108857,0.800750723,2.172954947,1,1481490,6681801.86,479718.084,0.071794719,73330.4,0.049497735,0.922043176
10,2025,Columbia Tusculum,31,9,0,22,182.6321,356.2263,1621.18273,765.9392659,265.8357539,148.7018748,29.49115395,4.510190322,0.043383948,0.957522593,2.11,0.13,150769.9939,680001.3675,9864.342398,0.014506357,662.521681,0.004394254,0.976423204
10,2025,Corryville,31,9,0,22,182.6321,356.2263,4277,1968,256,101,1,4.510190322,0.018800813,0.664814763,2.086822289,1,397761,1793977.813,10983.64425,0.006122508,2917.2,0.007334052,0.678271324
10,2025,CUF,31,9,0,22,182.6321,356.2263,18282,6192,456,180,92,4.510190322,0.066860465,0.776454838,2.153319783,1,1700226,7668342.85,122898.0735,0.01602668,7779.2,0.004575392,0.79705691
10,2025,Downtown,31,9,0,22,182.6321,356.2263,6070.715026,3633.99852,282.6447076,85.00592154,0,4.510190322,0.063479574,0.916223742,1.484669432,1,564576.4974,2546347.455,68479.95776,0.026893407,2431.169356,0.004306182,0.947423332
10,2025,East End,31,9,0,22,182.6321,356.2263,1323,707,71,36,24,4.510190322,0.099009901,0.947099586,1.86,1,123039,554929.307,20779.8675,0.037445972,1716,0.013946797,0.998492356
10,2025,East Price Hill,31,9,0,22,182.6321,356.2263,16286,6321,5352,2708,815,4.510190322,0.332384116,0.712789168,2.593354997,1,1514598,6831125.241,623692.8802,0.091301632,100757.8,0.066524451,0.87061525
10,2025,East Walnut Hills,31,9,0,22,182.6321,356.2263,3934.501285,2474.03856,308.3309769,169.5122108,25.28534704,4.510190322,0.021840688,0.930047984,1.586430218,1,365908.6195,1650317.515,16040.48567,0.009719636,5571.210154,0.015225687,0.954993308
10,2025,East Westwood,31,9,0,22,182.6321,356.2263,2601.088353,1064.265709,734.3991673,467.6568839,122.2488875,4.510190322,0.419072549,0.693822931,2.409468638,1,241901.2169,1091020.527,132398.7902,0.121353161,16871.30506,0.069744606,0.884920698
10,2025,English Woods,31,9,0,22,182.6321,356.2263,496.1727924,239.8281623,148.874463,74.66348449,22.85155131,4.510190322,0.324528302,0.680023897,2.04,1,46144.06969,208118.5365,23104.54876,0.111016295,2788.930024,0.06043962,0.851479812
10,2025,Evanston,31,9,0,22,182.6321,356.2263,8404.596004,3388.064636,1664.030385,884.24248,395.266425,4.510190322,0.120803737,0.8273407,2.18067287,0.36,781627.4284,3525288.463,121500.1432,0.034465305,13173.82369,0.016854352,0.878660357
10,2025,Hartwell,31,9,0,22,182.6321,356.2263,5439,2426,1243,558,243,4.510190322,0.23577906,0.836564704,2.1,1,505827,2281376.04,169801.203,0.074429292,22908.6,0.045289397,0.956283393
10,2025,Hyde Park,31,9,0,22,182.6321,356.2263,13303,6483,2448,1036,436,4.510190322,0.016813204,0.936164064,2.031959221,0.65,1237179,5579912.752,32357.22225,0.005798876,27364.48,0.022118449,0.964081388
10,2025,Kennedy Heights,31,9,0,22,182.6321,356.2263,4649,2401,684,380,165,4.510190322,0.101624323,0.867217647,1.93,1,432357,1950012.357,72432.681,0.037144729,15587,0.036051226,0.940413603
10,2025,Linwood,31,9,0,22,182.6321,356.2263,708.0435701,334.5202007,116.1024558,64.9448112,12.88011619,4.510190322,0.043383948,0.957522593,2.11,1,65848.05202,296987.2469,4308.202942,0.014506357,2225.792923,0.033801955,1.005830905
10,2025,Lower Price Hill,31,9,0,22,182.6321,356.2263,943.6703187,306.2191235,283.4800797,132.6444223,68.21713147,4.510190322,0.571782178,0.501564864,2.42,1,87761.33964,395820.3447,51976.57495,0.131313551,5744.640438,0.065457529,0.698335944
10,2025,Madisonville,31,9,0,22,182.6321,356.2263,10748.04938,5684.800786,1490.818182,744.3058361,233.9118967,4.510190322,0.106730738,0.884097488,1.899867134,1,999568.5926,4508244.592,180114.8406,0.039952322,27977.02716,0.027989102,0.952038912
10,2025,Millvale,31,9,0,22,182.6321,356.2263,2757.182901,987.6138753,1198.5459,1093.079888,0,4.510190322,0.745995423,0.330463302,2.78,1,256418.0098,1156494.026,218709.7177,0.189114438,31262.08479,0.121918444,0.641496184
10,2025,Mt. Adams,31,9,0,22,182.6321,356.2263,1631,1016,90,58,15,4.510190322,0,0.949892152,1.61,0.13,151683,684119.1986,0,0,271.414,0.00178935,0.951681502
10,2025,Mt. Airy,31,9,0,22,182.6321,356.2263,9099.048036,4234.088213,2055.363973,1319.365456,150.7451446,4.510190322,0.287523462,0.797999977,2.132741899,1,846211.4673,3816574.77,361391.4933,0.094690007,42045.16317,0.049686355,0.942376339
10,2025,Mt. Auburn,31,9,0,22,182.6321,356.2263,5046,2650,705,474,109,4.510190322,0.103018868,0.81645244,1.783449688,1,469278,2116533.094,81041.48325,0.038289731,16673.8,0.035530751,0.890272923
10,2025,Mt. Lookout,31,9,0,22,182.6321,356.2263,5096.773699,2144.540533,1239.06179,682.353314,134.6287299,4.510190322,0.015041788,0.964436361,2.387742194,0.13,473999.9541,2137830.005,9575.874661,0.00447925,3037.539239,0.006408311,0.975323922
10,2025,Mt. Washington,31,9,0,22,182.6321,356.2263,11879.67519,5553.087735,2598.366801,1379.398705,642.950248,4.510190322,0.115661466,0.902949553,2.117269253,0.45,1104809.793,4982902.436,190663.6753,0.038263578,26027.63103,0.023558472,0.964771603
10,2025,North Avondale - Paddock Hills,31,9,0,22,182.6321,356.2263,4878.90271,1839.896803,824.6386379,457.2453092,82.44822794,4.510190322,0.066674624,0.916421748,2.27,1,453737.9521,2046444.52,36416.5476,0.017795033,15435.23516,0.03401795,0.968234731
10,2025,North Fairmount,31,9,0,22,182.6321,356.2263,1696.827208,820.1718377,509.125537,255.3365155,78.14844869,4.510190322,0.324528302,0.680023897,2.04,1,157804.9303,711730.2694,79013.65724,0.111016295,9537.669976,0.06043962,0.851479812
10,2025,Northside,31,9,0,22,182.6321,356.2263,8550,4378,1275,664,146,4.510190322,0.100502513,0.873118951,1.942498411,1,795150,3586277.835,130616.31,0.036421135,23166,0.029134126,0.938674212
10,2025,Oakley,31,9,0,22,182.6321,356.2263,11411.95062,6598.199214,1267.181818,540.6941639,72.08810325,4.510190322,0.015043046,0.951589023,1.708519196,1,1061311.407,4786716.438,29464.96588,0.00615557,17525.57284,0.01651313,0.974257722
10,2025,Over-the-Rhine,31,9,0,22,182.6321,356.2263,6291,3343,715,315,73,4.510190322,0.169608136,0.865806618,1.784465385,0.65,585063,2638745.48,168316.9267,0.063786723,7212.92,0.01232845,0.941921791
10,2025,Pendleton,31,9,0,22,182.6321,356.2263,1146,596,210,132,31,4.510190322,0.08557047,0.941729513,1.92,1,106578,480687.0641,15139.61775,0.031495788,4661.8,0.043740734,1.016966035
10,2025,Pleasant Ridge,31,9,0,22,182.6321,356.2263,7268.072573,3683.009425,1571.93968,901.1055608,227.2544769,4.510190322,0.117650837,0.892514094,1.953138402,1,675930.7493,3048576.324,128630.0938,0.042193496,32271.09708,0.0477432,0.982450791
10,2025,Queensgate,31,9,0,22,182.6321,356.2263,301.3296813,97.78087649,90.51992032,42.35557769,21.78286853,4.510190322,0.571782178,0.501564864,2.42,1,28023.66036,126392.0417,16596.9878,0.131313551,1834.359562,0.065457529,0.698335944
10,2025,Riverside,31,9,0,22,182.6321,356.2263,2268.610778,840.8323353,659.8922156,318.1556886,109.9520958,4.510190322,0.34436223,0.804213119,2.771670429,1,210980.8024,951563.5731,85954.70427,0.090329965,12243.88263,0.05803316,0.952576244
10,2025,Roselawn,31,9,0,22,182.6321,356.2263,7375,3604,1483,1030,148,4.510190322,0.249167592,0.709520885,1.98616494,1,685875,3093426.787,266576.0145,0.086174987,33690.8,0.049120904,0.844816776
10,2025,Sayler Park,31,9,0,22,182.6321,356.2263,2713,1183,739,439,160,4.510190322,0.22569738,0.859207145,2.297347551,1,252309,1137961.61,79260.35175,0.069651165,17131.4,0.06789849,0.9967568
10,2025,Sedamsville,31,9,0,22,182.6321,356.2263,715.3892216,196.1676647,256.1077844,77.84431138,56.04790419,4.510190322,0.359126984,0.73035819,3.5,1,66531.1976,300068.3635,20913.18573,0.069694737,3829.317365,0.057556718,0.857609644
10,2025,South Cumminsville,31,9,0,22,182.6321,356.2263,902.8170988,323.3861247,392.4540995,357.9201121,0,4.510190322,0.745995423,0.330463302,2.78,1,83961.99019,378684.5556,71614.71685,0.189114438,10236.51521,0.121918444,0.641496184
10,2025,South Fairmount,31,9,0,22,182.6321,356.2263,2319,960,667,259,102,4.510190322,0.2375,0.700960253,2.27,1,215667,972699.2162,67682.997,0.069582658,10324.6,0.047872878,0.81841579
10,2025,Spring Grove Village,31,9,0,22,182.6321,356.2263,1996,881,469,296,133,4.510190322,0.238365494,0.766607052,2.25,1,185628,837217.6091,62339.6025,0.074460453,12269.4,0.06609671,0.907164214
10,2025,Villages at Roll Hill,31,9,0,22,182.6321,356.2263,2196,895,1128,574,206,4.510190322,0.612290503,0.404011237,2.45,1,204228,921107.1491,162676.677,0.176609939,22308,0.10923086,0.689852035
10,2025,Walnut Hills,31,9,0,22,182.6321,356.2263,6176,3528,737,354,201,4.510190322,0.306405896,0.802111614,1.741359925,0.69,574368,2590508.995,320900.5252,0.123875472,10952.37,0.019068559,0.945055645
10,2025,West End,31,9,0,22,182.6321,356.2263,6929.284974,3429.00148,2061.355292,1159.994078,178,4.510190322,0.452993482,0.699636422,2.046430172,1,644423.5026,2906472.645,461109.8082,0.158649285,38266.63064,0.059381184,0.917666892
10,2025,West Price Hill,31,9,0,22,182.6321,356.2263,18669.39287,7441.500965,5187.970243,3128.862443,1039.131704,4.510190322,0.184977762,0.81171887,2.495004634,1,1736253.537,7830833.898,408624.8717,0.052181527,119204.6326,0.068656236,0.932556634
10,2025,Westwood,31,9,0,22,182.6321,356.2263,34095.91165,15214.73429,9589.600833,5082.343116,1146.751113,4.510190322,0.210256413,0.819990704,2.250008974,1,3170919.783,14301451.72,949638.5961,0.066401552,178152.0949,0.056183097,0.942575354
10,2025,Winton Hills,31,9,0,22,182.6321,356.2263,4681,2540,1351,691,121,4.510190322,0.546850394,0.672854039,1.84,1,435333,1963434.683,412331.9422,0.210005429,23223.2,0.05334583,0.936205297
11,2019,Avondale,30,14,0,16,122.83,247.38,12570,5516,3724,1951,395,3.17,0.385605511,0.661131539,2.148326173,1,1131300,3586221,438481.05,0.122268273,48796.8,0.043133386,0.826533199
11,2019,Bond Hill,30,14,0,16,122.83,247.38,7174,3182,1642,974,210,3.17,0.166561911,0.861170719,2.209983273,1,645660,2046742.2,109259.5,0.05338215,24627.2,0.038142676,0.952695545
11,2019,California,30,14,0,16,122.83,247.38,976,373,197,71,77,3.17,0,0.995655354,2.62,0.13,87840,278452.8,0,0,400.192,0.00455592,1.000211274
11,2019,Camp Washington,30,14,0,16,122.83,247.38,1396,446,230,90,47,3.17,0.311659193,0.850194744,2.36,1,125640,398278.8,28654.85,0.071946712,2849.6,0.022680675,0.944822131
11,2019,Carthage,30,14,0,16,122.83,247.38,2940,1039,1017,569,245,3.17,0.26852743,0.798250225,2.82,1,264600,838782,57515.85,0.068570677,16931.2,0.063987906,0.930808809
11,2019,Clifton,30,14,0,16,122.83,247.38,8552,4156,1437,824,202,3.17,0.063282002,0.867285366,2.05898971,0.4,769680,2439885.6,54217.45,0.022221308,8536.32,0.011090739,0.900597414
11,2019,College Hill,30,14,0,16,122.83,247.38,16403,7201,3858,2424,568,3.17,0.147896126,0.848234995,2.259642139,1,1476270,4679775.9,219549.75,0.046914586,62233.6,0.042155974,0.937305555
11,2019,Columbia Tusculum,30,14,0,16,122.83,247.38,1573,741.3396774,288.7216129,145.6293548,42.11580645,3.17,0,0.985060788,2.12,0.13,141570,448776.9,0,0,507.6629161,0.00358595,0.988646738
11,2019,Corryville,30,14,0,16,122.83,247.38,3984,1863,206,56,28,3.17,0.088030059,0.707081154,2.07188253,1,358560,1136635.2,33808.6,0.02974446,1747.2,0.004872825,0.741698439
11,2019,CUF,30,14,0,16,122.83,247.38,16974,5547,607,271,122,3.17,0.07066883,0.757190222,2.238798162,1,1527660,4842682.2,80810.8,0.016687199,8174.4,0.005350929,0.77922835
11,2019,Downtown,30,14,0,16,122.83,247.38,3857,2785.980015,161.0910437,42.35603257,9.401184308,3.17,0.105997329,0.894340912,1.355066114,1,347130,1100402.1,60877.42254,0.055322888,1076.550111,0.003101288,0.952765089
11,2019,East End,30,14,0,16,122.83,247.38,1601,747,314,157,70,3.17,0.096385542,0.906127111,2.13,1,144090,456765.3,14842.8,0.032495463,4721.6,0.032768409,0.971390983
11,2019,East Price Hill,30,14,0,16,122.83,247.38,13848,5640,3857,2225,513,3.17,0.322695035,0.787443661,2.411106297,1,1246320,3950834.4,375193,0.094965509,56950.4,0.045694846,0.928104016
11,2019,East Walnut Hills,30,14,0,16,122.83,247.38,3905,2374.665167,354.968509,161.9228792,64.96015424,3.17,0.054825481,0.939804694,1.627011524,1,351450,1114096.5,26839.11366,0.024090475,4719.167095,0.013427705,0.977322875
11,2019,East Westwood,30,14,0,16,122.83,247.38,2503,1090.543121,808.9919768,456.4381182,169.6380157,3.17,0.33312742,0.744960522,2.271434279,1,225270,714105.9,74892.19559,0.104875475,13022.38359,0.057807891,0.907643889
11,2019,English Woods,30,14,0,16,122.83,247.38,474,204.5326969,158.8295943,87.10739857,25.11408115,3.17,0.369469027,0.633179512,2.26,1,42660,135232.2,15578.44554,0.115197753,2334.206778,0.054716521,0.803093786
11,2019,Evanston,30,14,0,16,122.83,247.38,8382,3597.707265,1822.861401,1000.732867,406.494777,3.17,0.188057913,0.833913829,2.158989501,0.36,754380,2391384.6,139476.4144,0.058324543,10537.3206,0.013968187,0.906206559
11,2019,Hartwell,30,14,0,16,122.83,247.38,5397,2651,829,241,190,3.17,0.105620521,0.916339072,1.98,1,485730,1539764.1,57722,0.037487561,8964.8,0.018456344,0.972282976
11,2019,Hyde Park,30,14,0,16,122.83,247.38,13291,6703,2567,1591,218,3.17,0.016261376,0.954528694,1.971784666,0.65,1196190,3791922.3,22470.35,0.005925847,24457.68,0.020446317,0.980900858
11,2019,Kennedy Heights,30,14,0,16,122.83,247.38,5057,2619,865,427,34,3.17,0.107674685,0.909102727,1.92,1,455130,1442762.1,58134.3,0.040293753,9588.8,0.021068266,0.970464746
11,2019,Linwood,30,14,0,16,122.83,247.38,687,268,202,127,39,3.17,0.28358209,0.750871946,2.56,1,61830,196001.1,15667.4,0.079935266,3452.8,0.055843442,0.886650653
11,2019,Lower Price Hill,30,14,0,16,122.83,247.38,761,249.3715139,284.9960159,83.37649402,51.54183267,3.17,0.531914894,0.52970774,2.29,1,68490,217113.3,27344.64766,0.125946442,2806.301195,0.040973882,0.696628065
11,2019,Madisonville,30,14,0,16,122.83,247.38,10838,5173,2288,1160,273,3.17,0.108061086,0.874742712,2.131092452,1,975420,3092081.4,115237.85,0.037268699,29806.4,0.030557503,0.942568914
11,2019,Millvale,30,14,0,16,122.83,247.38,2150,863.3146461,890.4344779,502.4702172,66.29292221,3.17,0.530541012,0.571131307,2.48,1,193500,613395,94421.61177,0.153932803,11830.2733,0.061138363,0.786202473
11,2019,Mt. Adams,30,14,0,16,122.83,247.38,1629,1030,92,46,26,3.17,0,0.971985466,1.58,0.13,146610,464753.7,0,0,194.688,0.001327931,0.973313397
11,2019,Mt. Airy,30,14,0,16,122.83,247.38,8950,3913.515048,2508.398814,1501.777465,430.7405486,3.17,0.277678133,0.769444247,2.274527374,1,805500,2553435,224022.7007,0.087733857,40196.37468,0.049902389,0.907080494
11,2019,Mt. Auburn,30,14,0,16,122.83,247.38,4641,2132,961,570,133,3.17,0.166041276,0.844227446,2.01,1,417690,1324077.3,72977.1,0.055115438,14622.4,0.035007781,0.934350665
11,2019,Mt. Lookout,30,14,0,16,122.83,247.38,4996,2118.660323,1233.278387,701.3706452,159.8841935,3.17,0,0.972236101,2.369967974,0.13,449640,1425358.8,0,0,2328.833084,0.005179328,0.977415429
11,2019,Mt. Washington,30,14,0,16,122.83,247.38,12297,5492.241856,3154.57833,1700.554633,391.2559107,3.17,0.160947887,0.892556094,2.225589981,0.45,1106730,3508334.1,182229.3278,0.05194184,19579.34669,0.017691168,0.962189102
11,2019,North Avondale - Paddock Hills,30,14,0,16,122.83,247.38,4236,1513.627567,606.17009,288.3442539,103.5450687,3.17,0.20760095,0.852837131,2,1,381240,1208530.8,64778.62193,0.053601134,8151.297912,0.021381014,0.927819279
11,2019,North Fairmount,30,14,0,16,122.83,247.38,1621,699.4673031,543.1704057,297.8926014,85.88591885,3.17,0.369469027,0.633179512,2.26,1,145890,462471.3,53275.65446,0.115197753,7982.593222,0.054716521,0.803093786
11,2019,Northside,30,14,0,16,122.83,247.38,7865,3918,1410,678,239,3.17,0.164369576,0.88677349,2.006624285,1,707850,2243884.5,132760.6,0.059165523,19073.6,0.026945822,0.972884835
11,2019,Oakley,30,14,0,16,122.83,247.38,12034,6473,1256,478,247,3.17,0.052216901,0.941124033,1.834845438,1,1083060,3433300.2,69678.7,0.020294963,15080,0.013923513,0.975342509
11,2019,Over-the-Rhine,30,14,0,16,122.83,247.38,5200,2498,1076,598,132,3.17,0.325060048,0.812888983,1.860265385,0.65,468000,1483560,167393.8,0.112832511,9869.6,0.021088889,0.946810383
11,2019,Pendleton,30,14,0,16,122.83,247.38,1083,571,238,111,49,3.17,0.218914186,0.824800105,1.9,1,97470,308979.9,25768.75,0.083399438,3328,0.034143839,0.942343382
11,2019,Pleasant Ridge,30,14,0,16,122.83,247.38,7182,3534.503299,1409.428841,690.7728558,255.6503299,3.17,0.085550603,0.945230719,2.006922863,1,646380,2049024.6,62335.40773,0.030421991,19685.60226,0.030455154,1.006107863
11,2019,Queensgate,30,14,0,16,122.83,247.38,243,79.62848606,91.00398406,26.62350598,16.45816733,3.17,0.531914894,0.52970774,2.29,1,21870,69327.9,8731.602341,0.125946442,896.0988048,0.040973882,0.696628065
11,2019,Riverside,30,14,0,16,122.83,247.38,1772,929.6467066,299.6766467,135.7784431,49.7005988,3.17,0.179142163,0.85078079,1.920112867,1,159480,505551.6,34331.9988,0.06790998,3857.964072,0.024190896,0.942881665
11,2019,Roselawn,30,14,0,16,122.83,247.38,7627,3442,2060,1154,384,3.17,0.29110982,0.733542471,2.123861282,1,686430,2175983.1,206562.3,0.094928265,31990.4,0.046604024,0.87507476
11,2019,Sayler Park,30,14,0,16,122.83,247.38,3001,1169,690,395,136,3.17,0.127459367,0.870307156,2.56,1,270090,856185.3,30716.35,0.03587582,11044.8,0.040893036,0.947076012
11,2019,Sedamsville,30,14,0,16,122.83,247.38,520,218.3532934,118.3233533,64.22155689,25.2994012,3.17,0.386809269,0.783156815,2.26,1,46800,148356,17411.6512,0.117363984,1862.035928,0.039787092,0.940307892
11,2019,South Cumminsville,30,14,0,16,122.83,247.38,704,282.6853539,291.5655221,164.5297828,21.70707779,3.17,0.530541012,0.571131307,2.48,1,63360,200851.2,30917.58823,0.153932803,3873.726699,0.061138363,0.786202473
11,2019,South Fairmount,30,14,0,16,122.83,247.38,1981,855,453,211,131,3.17,0.392982456,0.704799795,2.09,1,178290,565179.3,69266.4,0.122556506,7113.6,0.039899041,0.867255341
11,2019,Spring Grove Village,30,14,0,16,122.83,247.38,2171,862,599,373,70,3.17,0.212296984,0.889740215,2.51,1,195390,619386.3,37725.45,0.060907789,9214.4,0.047159015,0.997807019
11,2019,Villages at Roll Hill,30,14,0,16,122.83,247.38,2348,847,1244,487,48,3.17,0.710743802,0.410982508,2.77,1,211320,669884.4,124102.3,0.185259278,11128,0.052659474,0.64890126
11,2019,Walnut Hills,30,14,0,16,122.83,247.38,6368,3492,1070,513,163,3.17,0.452176403,0.7327332,1.799605842,0.69,573120,1816790.4,325510.85,0.179168081,9701.952,0.016928308,0.928829589
11,2019,West End,30,14,0,16,122.83,247.38,6695,3532.019985,1595.908956,1087.643967,210.5988157,3.17,0.363444591,0.744639173,1.909876027,1,602550,1910083.5,264633.4275,0.138545476,27003.44989,0.044815285,0.927999933
11,2019,West Price Hill,30,14,0,16,122.83,247.38,18343,7664.524854,5121.964782,2655.326325,847.0986757,3.17,0.237111692,0.852876947,2.387708663,1,1650870,5233257.9,374646.3843,0.071589513,72850.44002,0.044128514,0.968594974
11,2019,Westwood,30,14,0,16,122.83,247.38,32316,14259.45688,8629.008023,4229.561882,1379.361984,3.17,0.223270087,0.84579064,2.254729236,1,2908440,9219754.8,656321.8544,0.071186476,116665.6164,0.040112781,0.957089897
11,2019,Winton Hills,30,14,0,16,122.83,247.38,6008,2268,3018,1748,402,3.17,0.547619048,0.548176713,2.65,1,540720,1714082.4,256038.3,0.149373391,44720,0.082704542,0.780254646
11,2020,Avondale,30,14,0,16,184.48,367.01,12719,5968,3390,1896,515,3.33,0.358746649,0.698973421,1.999154336,1,1144710,3811884.3,654807.0083,0.1717804,50148.8,0.043809174,0.914562995
11,2020,Bond Hill,30,14,0,16,184.48,367.01,7276,3243,1799,1169,149,3.33,0.134443417,0.864866589,2.200033454,1,654840,2180617.2,133346.9667,0.06115102,27414.4,0.041864272,0.967881882
11,2020,California,30,14,0,16,184.48,367.01,930.8790896,329.3826458,241.5704125,113.1493599,52.40967283,3.33,0,0.971241403,2.8,0.13,83779.11807,278984.4632,0,0,447.6716245,0.005343475,0.976584878
11,2020,Camp Washington,30,14,0,16,184.48,367.01,1128,412,112,33,24,3.33,0.191747573,0.893005193,1.9,1,101520,338061.6,24161.49167,0.071470678,1185.6,0.011678487,0.976154358
11,2020,Carthage,30,14,0,16,184.48,367.01,3021,1040,911,537,286,3.33,0.225961538,0.806840928,2.9,1,271890,905393.7,71872.79167,0.079382916,17118.4,0.062960756,0.9491846
11,2020,Clifton,30,14,0,16,184.48,367.01,8476,4118,1379,751,212,3.33,0.050995629,0.875841693,2.075568288,0.4,762840,2540257.2,64226.75,0.025283562,8012.16,0.010503067,0.911628323
11,2020,College Hill,30,14,0,16,184.48,367.01,16199,7263,3660,2115,618,3.33,0.144292992,0.842489456,2.210749863,1,1457910,4854840.3,320522.0667,0.066021135,56846.4,0.038991707,0.947502298
11,2020,Columbia Tusculum,30,14,0,16,184.48,367.01,1533.955374,712.7721151,250.8824927,120.0414576,40.70609982,3.33,0.027389277,0.962334613,2.15,0.13,138055.9836,459726.4255,5970.736799,0.012987587,434.6613953,0.003148443,0.978470643
11,2020,Corryville,30,14,0,16,184.48,367.01,4310,1868,192,75,9,3.33,0.051391863,0.705229009,2.254939759,1,387900,1291707,29360.8,0.022730232,1747.2,0.004504254,0.732463495
11,2020,CUF,30,14,0,16,184.48,367.01,16792,5439,516,180,190,3.33,0.05846663,0.775875336,2.201993048,1,1511280,5032562.4,97257.65,0.019325672,7696,0.005092372,0.80029338
11,2020,Downtown,30,14,0,16,184.48,367.01,3914.909697,2723.126573,201.8201332,37.58771281,0,3.33,0.115489662,0.908709516,1.400396681,1,352341.8727,1173298.436,96185.05354,0.081978336,781.8244264,0.002218937,0.992906789
11,2020,East End,30,14,0,16,184.48,367.01,1462,703,201,94,47,3.33,0.086770982,0.935705267,2.06,1,131580,438161.4,18656.34167,0.042578697,2932.8,0.022289102,1.000573066
11,2020,East Price Hill,30,14,0,16,184.48,367.01,14788,6063,4110,2240,563,3.33,0.309252845,0.802082883,2.421629116,1,1330920,4431963.6,573453.125,0.129390306,58302.4,0.043806089,0.975279277
11,2020,East Walnut Hills,30,14,0,16,184.48,367.01,3730.882391,2345.219794,238.0109254,95.55205656,27.90938303,3.33,0.042030472,0.949114357,1.57315749,1,335779.4152,1118145.453,30147.02536,0.026961631,2567.997943,0.007647872,0.98372386
11,2020,East Westwood,30,14,0,16,184.48,367.01,2594.407483,1110.703775,825.609913,480.56864,143.2812563,3.33,0.331502393,0.719523199,2.316640032,1,233496.6734,777543.9225,112611.1949,0.144829368,12976.07784,0.05557286,0.919925427
11,2020,English Woods,30,14,0,16,184.48,367.01,452.0534606,217.202864,136.4305489,76.47350835,21.49403341,3.33,0.252083333,0.721772965,2.03,1,40684.81146,135480.4221,16745.81666,0.123603222,2037.724869,0.050085641,0.895461828
11,2020,Evanston,30,14,0,16,184.48,367.01,8305.282307,3343.437259,1505.62945,782.1793541,288.1667115,3.33,0.14225908,0.880456912,2.1611644,0.36,747475.4076,2489093.107,145468.7899,0.058442486,8014.751339,0.010722428,0.949621826
11,2020,Hartwell,30,14,0,16,184.48,367.01,5213,2384,1046,412,203,3.33,0.117449664,0.913793044,2.12,1,469170,1562336.1,85635.66667,0.054812576,12792,0.02726517,0.99587079
11,2020,Hyde Park,30,14,0,16,184.48,367.01,13423,6632,2497,1401,325,3.33,0.012665862,0.953415044,2.009787826,0.65,1208070,4022873.1,25690.7,0.006386157,23335.52,0.019316364,0.979117565
11,2020,Kennedy Heights,30,14,0,16,184.48,367.01,5020,2564,821,456,28,3.33,0.097113885,0.910703138,1.95,1,451800,1504494,76154.575,0.050618065,10067.2,0.022282426,0.983603629
11,2020,Linwood,30,14,0,16,184.48,367.01,669.9474518,311.2997095,109.5716926,52.42751518,17.77818854,3.33,0.027389277,0.962334613,2.15,1,60295.27066,200783.2513,2607.68988,0.012987587,1460.278637,0.024218792,0.999540992
11,2020,Lower Price Hill,30,14,0,16,184.48,367.01,858.0199203,279.690239,281.9641434,89.44023904,42.44621514,3.33,0.482384824,0.59529547,2.3,1,77221.79283,257148.5701,41263.6459,0.160466169,2743.238247,0.035524146,0.791285785
11,2020,Madisonville,30,14,0,16,184.48,367.01,10708.11111,5353.468575,1880.752525,960.5347924,350.6116723,3.33,0.083063405,0.887632225,2.036783539,1,963730,3209220.9,136000.8554,0.042378153,27271.84646,0.028298223,0.958308601
11,2020,Millvale,30,14,0,16,184.48,367.01,2172.59986,849.0014015,897.9677645,539.3833217,57.25297828,3.33,0.573203194,0.545278332,2.55,1,195533.9874,651128.178,148837.9435,0.228584707,12410.03504,0.063467406,0.837330445
11,2020,Mt. Adams,30,14,0,16,184.48,367.01,1617,975,115,69,28,3.33,0,0.968495181,1.66,0.13,145530,484614.9,0,0,262.288,0.001802295,0.970297476
11,2020,Mt. Airy,30,14,0,16,184.48,367.01,8806.992291,3766.476649,2421.760119,1321.154633,452.6658265,3.33,0.231938543,0.771281074,2.33455419,1,792629.3062,2639455.589,267180.5594,0.101225632,36895.46556,0.046548198,0.919054903
11,2020,Mt. Auburn,30,14,0,16,184.48,367.01,4632,2374,708,325,162,3.33,0.136478517,0.876137822,1.804115492,1,416880,1388210.4,99092.7,0.071381615,10129.6,0.024298599,0.971818036
11,2020,Mt. Lookout,30,14,0,16,184.48,367.01,4936.097175,2131.928175,1133.545815,635.5310272,151.5157116,3.33,0.00888933,0.969493974,2.316645316,0.13,444248.7457,1479348.323,5796.131654,0.00391803,2128.174382,0.004790502,0.978202506
11,2020,Mt. Washington,30,14,0,16,184.48,367.01,12196.83526,5429.929707,3033.712291,1576.369099,438.2196687,3.33,0.151879582,0.908039547,2.222381882,0.45,1097715.173,3655391.527,252226.2318,0.069001153,18856.55087,0.017178,0.9942187
11,2020,North Avondale - Paddock Hills,30,14,0,16,184.48,367.01,4209.835302,1701.342946,614.3596247,356.2685893,47.92390549,3.33,0.193256155,0.872082623,2.078163362,1,378885.1772,1261687.64,100559.2097,0.079702144,8407.203892,0.022189319,0.973974085
11,2020,North Fairmount,30,14,0,16,184.48,367.01,1545.946539,742.797136,466.5694511,261.5264916,73.50596659,3.33,0.252083333,0.721772965,2.03,1,139135.1885,463320.1779,57267.86667,0.123603222,6968.675131,0.050085641,0.895461828
11,2020,Northside,30,14,0,16,184.48,367.01,7789,3910,1374,665,222,3.33,0.135805627,0.900782894,1.987628735,1,701010,2334363.3,162401.925,0.069570116,18449.6,0.026318597,0.996671607
11,2020,Oakley,30,14,0,16,184.48,367.01,11666.88889,6491.531425,1354.247475,449.4652076,337.3883277,3.33,0.035326436,0.95188309,1.773530829,1,1050020,3496566.6,70136.42795,0.020058656,16366.55354,0.015586897,0.987528644
11,2020,Over-the-Rhine,30,14,0,16,184.48,367.01,5407,2800,872,458,96,3.33,0.251071429,0.865757332,1.735303846,0.65,486630,1620477.9,215006.6917,0.132681039,7490.08,0.015391735,1.013830107
11,2020,Pendleton,30,14,0,16,184.48,367.01,980,476,218,92,44,3.33,0.149159664,0.880294889,2.06,1,88200,293706,21714.75833,0.073933656,2828.8,0.032072562,0.986301107
11,2020,Pleasant Ridge,30,14,0,16,184.48,367.01,7044.73327,3555.784166,1513.62394,880.9359095,225.2940622,3.33,0.11101451,0.916917317,1.939781398,1,634025.9943,2111306.561,120729.0522,0.057182152,23009.58341,0.03629123,1.010390699
11,2020,Queensgate,30,14,0,16,184.48,367.01,273.9800797,89.30976096,90.03585657,28.55976096,13.55378486,3.33,0.482384824,0.59529547,2.3,1,24658.20717,82111.82988,13176.17077,0.160466169,875.961753,0.035524146,0.791285785
11,2020,Riverside,30,14,0,16,184.48,367.01,1794.736527,917.6646707,227.8023952,131.2814371,36.76047904,3.33,0.14330832,0.87063014,1.913544018,1,161526.2874,537882.5371,40220.92625,0.074776412,3495.271856,0.021639028,0.96704558
11,2020,Roselawn,30,14,0,16,184.48,367.01,8119,3692,1820,1000,359,3.33,0.263001083,0.731864272,2.113471876,1,730710,2433264.3,296972.2583,0.122046856,28267.2,0.038684567,0.892595695
11,2020,Sayler Park,30,14,0,16,184.48,367.01,2993,1193,668,393,164,3.33,0.158424141,0.874458463,2.510073309,1,269370,897002.1,57804.075,0.064441404,11585.6,0.043009986,0.981909853
11,2020,Sedamsville,30,14,0,16,184.48,367.01,568.2634731,262.3353293,101.1976048,60.71856287,20.23952096,3.33,0.207715134,0.865068649,2.07,1,51143.71257,170308.5629,16665.62375,0.097855466,1683.928144,0.032925419,0.995849533
11,2020,South Cumminsville,30,14,0,16,184.48,367.01,711.4001402,277.9985985,294.0322355,176.6166783,18.74702172,3.33,0.573203194,0.545278332,2.55,1,64026.01261,213206.622,48735.77314,0.228584707,4063.564961,0.063467406,0.837330445
11,2020,South Fairmount,30,14,0,16,184.48,367.01,1843,853,423,199,54,3.33,0.296600234,0.745799126,1.94,1,165870,552347.1,77377.94167,0.140089342,5262.4,0.031726051,0.917614518
11,2020,Spring Grove Village,30,14,0,16,184.48,367.01,2239,889,645,434,64,3.33,0.282339708,0.824591244,2.51,1,201510,671028.3,76766.25833,0.114400925,10358.4,0.051403901,0.99039607
11,2020,Villages at Roll Hill,30,14,0,16,184.48,367.01,2382,844,1266,581,40,3.33,0.699052133,0.414767959,2.82,1,214380,713885.4,180446.5833,0.252766877,12916.8,0.060251889,0.727786726
11,2020,Walnut Hills,30,14,0,16,184.48,367.01,6382,3777,808,386,125,3.33,0.36457506,0.800911924,1.688450063,0.69,574380,1912685.4,421143.975,0.220184655,7333.872,0.012768328,1.033864906
11,2020,West End,30,14,0,16,184.48,367.01,7714.090303,3427.873427,2694.179867,1503.412287,292,3.33,0.479453827,0.679860872,2.280349515,1,694268.1273,2311912.864,502652.9298,0.217418631,37344.57557,0.053789846,0.951069349
11,2020,West Price Hill,30,14,0,16,184.48,367.01,17977.5585,7434.568795,5158.830696,2798.855275,984.6436493,3.33,0.241029518,0.843703751,2.41101074,1,1617980.265,5387874.283,548053.1374,0.101719734,78696.77762,0.048638898,0.994062383
11,2020,Westwood,30,14,0,16,184.48,367.01,32214.59252,14285.29622,8935.390087,4066.43136,1436.718744,3.33,0.197181703,0.852091822,2.25775622,1,2899313.327,9654713.377,861494.5134,0.08923046,114465.5222,0.039480218,0.9808025
11,2020,Winton Hills,30,14,0,16,184.48,367.01,6204,2646,2954,1360,331,3.33,0.555933485,0.611866919,2.34,1,558360,1859338.8,449893.0917,0.241964021,35172.8,0.062993051,0.916823991
11,2021,Avondale,30,13,0,17,243.81,480.05,13427,5961,3578,1817,782,3.67,0.336017447,0.678530718,2.129065235,1,1208430,4434938.1,801283.4583,0.180675229,57437.9,0.047531011,0.906736958
11,2021,Bond Hill,30,13,0,17,243.81,480.05,7640,3312,1924,1160,158,3.67,0.125,0.873251239,2.280066908,1,687600,2523492,165617.25,0.065630186,29127.8,0.042361547,0.981242973
11,2021,California,30,13,0,17,243.81,480.05,930.8790896,333.8947368,238.0995733,113.4964438,53.10384068,3.67,0,0.974532007,2.77,0.13,83779.11807,307469.3633,0,0,478.6426174,0.005713149,0.980245157
11,2021,Camp Washington,30,13,0,17,243.81,480.05,1190,461,124,39,34,3.67,0.21691974,0.894907014,1.87,1,107100,393057,40004.16667,0.101777011,1613.3,0.015063492,1.011747517
11,2021,Carthage,30,13,0,17,243.81,480.05,2889,1107,899,566,206,3.67,0.274616079,0.817363415,2.6,1,260010,954236.7,121612.6667,0.127444969,17061.2,0.065617476,1.01042586
11,2021,Clifton,30,13,0,17,243.81,480.05,8544,4182,1386,828,171,3.67,0.055475849,0.869871483,2.043306829,0.4,768960,2822083.2,92809.66667,0.032886935,8831.16,0.011484551,0.914242968
11,2021,College Hill,30,13,0,17,243.81,480.05,17085,7353,3947,2269,700,3.67,0.15871073,0.812452927,2.296748156,1,1537650,5643175.5,466848.625,0.082728,65614.9,0.042672195,0.937853122
11,2021,Columbia Tusculum,30,13,0,17,243.81,480.05,1546.001056,742.6786374,243.4058622,126.2719831,30.32189068,3.67,0.035234899,0.96879115,2.08,0.13,139140.0951,510644.1489,10468.37315,0.020500329,449.8941994,0.00323339,0.99252487
11,2021,Corryville,30,13,0,17,243.81,480.05,4438,1936,161,85,5,3.67,0.048553719,0.710637046,2.253644578,1,399420,1465871.4,37603.91667,0.025652944,1989,0.004979721,0.741269711
11,2021,CUF,30,13,0,17,243.81,480.05,17351,5533,603,326,155,3.67,0.053677932,0.777781785,2.291218334,1,1561590,5731035.3,118812.375,0.020731398,10630.1,0.006807229,0.805320411
11,2021,Downtown,30,13,0,17,243.81,480.05,4608.323464,3019.737232,182.9837158,34.24870466,0,3.67,0.108420912,0.920791648,1.445595022,1,414749.1118,1522129.24,130974.7077,0.086047035,756.8963731,0.00182495,1.008663632
11,2021,East End,30,13,0,17,243.81,480.05,1497,707,222,117,41,3.67,0.111739745,0.96313056,2.09,1,134730,494459.1,31603.29167,0.063914875,3491.8,0.025917019,1.052962455
11,2021,East Price Hill,30,13,0,17,243.81,480.05,15139,6027,4271,2175,643,3.67,0.296996848,0.752217016,2.480657857,1,1362510,5000411.7,716074.5833,0.143203125,62277.8,0.045708142,0.941128283
11,2021,East Walnut Hills,30,13,0,17,243.81,480.05,3830.861183,2460.753213,256.2429306,125.5520566,25.67737789,3.67,0.026929441,0.946580765,1.542606914,1,344777.5064,1265333.449,26509.44492,0.02095056,3342.170501,0.009693702,0.977225028
11,2021,East Westwood,30,13,0,17,243.81,480.05,2454.68656,1098.389607,811.9877463,519.3576096,102.613651,3.67,0.373575999,0.726996982,2.224302837,1,220921.7904,810782.9708,164149.8952,0.202458489,13745.56486,0.062219145,0.991674616
11,2021,English Woods,30,13,0,17,243.81,480.05,488.2539379,230.778043,135.073031,67.19713604,23.30405728,3.67,0.221568627,0.728074357,2.07,1,43942.85442,161270.2757,20455.40024,0.126839246,2000.076372,0.045515395,0.900428999
11,2021,Evanston,30,13,0,17,243.81,480.05,8672.297261,3470.777016,1628.718848,822.756491,335.9758535,3.67,0.14073521,0.866051248,2.181702458,0.36,780506.7535,2864459.785,195404.5652,0.068216899,9218.874533,0.011811396,0.946079543
11,2021,Hartwell,30,13,0,17,243.81,480.05,5084,2421,960,407,270,3.67,0.090458488,0.922572537,2.03,1,457560,1679245.2,87609.125,0.052171729,14961.7,0.032698881,1.007443146
11,2021,Hyde Park,30,13,0,17,243.81,480.05,14090,6696,2678,1434,361,3.67,0.009109916,0.950683326,2.093173576,0.65,1268100,4653927,24402.54167,0.00524343,25785.175,0.020333708,0.976260464
11,2021,Kennedy Heights,30,13,0,17,243.81,480.05,5042,2478,890,418,40,3.67,0.086763519,0.863439283,2.02,1,453780,1665372.6,86008.95833,0.051645475,10121.8,0.022305522,0.93739028
11,2021,Linwood,30,13,0,17,243.81,480.05,675.2083443,324.3612358,106.3063111,55.14866649,13.24293636,3.67,0.035234899,0.96879115,2.08,1,60768.75099,223021.3161,4572.010397,0.020500329,1511.454423,0.024872231,1.014163711
11,2021,Lower Price Hill,30,13,0,17,243.81,480.05,857.2619522,274.3844622,282.7221116,110.6633466,18.94920319,3.67,0.497237569,0.566005899,2.41,1,77153.5757,283153.6228,54579.38994,0.1927554,2864.437351,0.037126437,0.795887736
11,2021,Madisonville,30,13,0,17,243.81,480.05,10328.1431,5116.823232,1645.746914,776.157688,339.3602694,3.67,0.089933637,0.863930384,2.048913084,1,929532.8788,3411385.665,184088.9831,0.053963111,24652.94686,0.026521866,0.944415361
11,2021,Millvale,30,13,0,17,243.81,480.05,2390.311843,890.4344779,964.2606868,522.8100911,59.51296426,3.67,0.611675127,0.483970406,2.67,1,215128.0659,789520.0018,217885.3429,0.27597191,12869.33952,0.05982176,0.819764076
11,2021,Mt. Adams,30,13,0,17,243.81,480.05,1611,940,134,89,31,3.67,0,0.947803977,1.71,0.13,144990,532113.3,0,0,344.76,0.002377819,0.950181796
11,2021,Mt. Airy,30,13,0,17,243.81,480.05,8782.733284,3929.412157,2344.556412,1316.05278,373.766642,3.67,0.226574217,0.744310778,2.229856983,1,790445.9956,2900936.804,356158.4896,0.122773612,37345.00922,0.047245491,0.914329881
11,2021,Mt. Auburn,30,13,0,17,243.81,480.05,4811,2573,712,390,151,3.67,0.158958414,0.860787614,1.750066796,1,432990,1589073.3,163617.0417,0.10296381,11956.1,0.027612878,0.991364302
11,2021,Mt. Lookout,30,13,0,17,243.81,480.05,5051.790599,2169.960127,1191.287827,626.5793504,164.435173,3.67,0.011706647,0.969539695,2.336911529,0.13,454661.1539,1668606.435,10162.24145,0.006090257,2272.584726,0.004998414,0.980628366
11,2021,Mt. Washington,30,13,0,17,243.81,480.05,12483.0966,5465.23091,3053.730015,1620.465724,681.9047985,3.67,0.130170228,0.909940127,2.261685777,0.45,1123478.694,4123166.808,284593.7834,0.069023107,22897.07484,0.020380515,0.999343749
11,2021,North Avondale - Paddock Hills,30,13,0,17,243.81,480.05,4352.841557,1743.469771,617.038221,334.6914524,117.3467686,3.67,0.155593612,0.880778935,2.099291785,1,391755.7401,1437743.566,108520.4066,0.075479668,9990.044684,0.025500698,0.9817593
11,2021,North Fairmount,30,13,0,17,243.81,480.05,1669.746062,789.221957,461.926969,229.802864,79.69594272,3.67,0.221568627,0.728074357,2.07,1,150277.1456,551517.1243,69954.01643,0.126839246,6839.923628,0.045515395,0.900428999
11,2021,Northside,30,13,0,17,243.81,480.05,7965,4049,1390,654,270,3.67,0.097061003,0.896129559,1.963954228,1,716850,2630839.5,157216.375,0.059759014,20420.4,0.028486294,0.984374867
11,2021,Oakley,30,13,0,17,243.81,480.05,11310.8569,6355.176768,1271.253086,532.842312,163.6397306,3.67,0.033488522,0.946221026,1.75428702,1,1017977.121,3735976.035,85139.05853,0.022788973,15392.25314,0.015120431,0.98413043
11,2021,Over-the-Rhine,30,13,0,17,243.81,480.05,5712,2976,893,456,143,3.67,0.228158602,0.865310959,1.766196154,0.65,514080,1886673.6,271628.2917,0.143972064,8604.635,0.01673793,1.026020952
11,2021,Pendleton,30,13,0,17,243.81,480.05,1018,509,223,116,30,3.67,0.106090373,0.892919279,2,1,91620,336245.4,21602.25,0.064245489,3226.6,0.035217201,0.992381969
11,2021,Pleasant Ridge,30,13,0,17,243.81,480.05,7326.252592,3596.025448,1421.01131,749.3854854,189.8831291,3.67,0.111246761,0.906729328,2.000969089,1,659362.7333,2419861.231,160035.1417,0.066134016,20757.83638,0.031481665,1.004345009
11,2021,Queensgate,30,13,0,17,243.81,480.05,273.7380478,87.61553785,90.27788845,35.33665339,6.050796813,3.67,0.497237569,0.566005899,2.41,1,24636.4243,90415.67719,17428.11006,0.1927554,914.6626494,0.037126437,0.795887736
11,2021,Riverside,30,13,0,17,243.81,480.05,1612.790419,737.7125749,260.4850299,139.6047904,32.31736527,3.67,0.210060228,0.823390031,2.149051919,1,145151.1377,532704.6754,61992.08558,0.116372332,3799.479641,0.026176024,0.965938388
11,2021,Roselawn,30,13,0,17,243.81,480.05,7056,3035,1647,887,249,3.67,0.228336079,0.749102912,2.200778812,1,635040,2330596.8,277228.875,0.118951882,25105.6,0.039533888,0.907588681
11,2021,Sayler Park,30,13,0,17,243.81,480.05,3122,1287,721,462,133,3.67,0.172494172,0.836237043,2.427624125,1,280980,1031196.6,88809.25,0.08612252,13149.5,0.046798705,0.969158268
11,2021,Sedamsville,30,13,0,17,243.81,480.05,570.2095808,206.2874251,147.5149701,72.39520958,18.68263473,3.67,0.203773585,0.785877964,2.64,1,51318.86228,188340.2246,16816.12275,0.08928588,2012.820359,0.039221843,0.914385688
11,2021,South Cumminsville,30,13,0,17,243.81,480.05,782.688157,291.5655221,315.7393132,171.1899089,19.48703574,3.67,0.611675127,0.483970406,2.67,1,70441.93413,258521.8982,71344.78206,0.27597191,4213.960477,0.05982176,0.819764076
11,2021,South Fairmount,30,13,0,17,243.81,480.05,1948,879,467,238,64,3.67,0.360637088,0.72152678,2.02,1,175320,643424.4,126813.2083,0.197091078,6674.2,0.038068674,0.956686532
11,2021,Spring Grove Village,30,13,0,17,243.81,480.05,2167,885,569,353,63,3.67,0.246327684,0.829347783,2.44,1,195030,715760.1,87209.08333,0.121841219,9193.6,0.047139414,0.998328417
11,2021,Villages at Roll Hill,30,13,0,17,243.81,480.05,2556,861,1464,770,35,3.67,0.766550523,0.394923892,2.97,1,230040,844246.8,264027.5,0.312737342,17790.5,0.07733655,0.784997784
11,2021,Walnut Hills,30,13,0,17,243.81,480.05,6121,3661,769,356,74,3.67,0.356186834,0.781163163,1.662482726,0.69,550890,2021766.3,521654.3333,0.258019106,6557.07,0.011902685,1.051084954
11,2021,West End,30,13,0,17,243.81,480.05,8108.676536,3560.262768,2883.016284,1662.751295,282,3.67,0.4933898,0.676673033,2.308115011,1,729780.8882,2678295.86,702712.1257,0.262372853,42979.00363,0.058893024,0.99793891
11,2021,West Price Hill,30,13,0,17,243.81,480.05,19033.09943,7620.713062,5323.327424,2962.558573,1141.668963,3.67,0.227960123,0.832467257,2.488727035,1,1712978.949,6286632.742,694959.8601,0.110545643,90703.42855,0.052950697,0.995963597
11,2021,Westwood,30,13,0,17,243.81,480.05,33395.31344,14676.61039,9045.012254,4450.64239,1192.386349,3.67,0.209562557,0.822624938,2.291599517,1,3005578.21,11030472.03,1230395.355,0.111545123,124710.9351,0.041493159,0.97566322
11,2021,Winton Hills,30,13,0,17,243.81,480.05,6294,2662,3029,1366,361,3.67,0.51014275,0.569889451,2.36,1,566460,2078908.2,543256.5833,0.261318217,38166.7,0.067377573,0.898585241
11,2022,Avondale,30,13,0,17,271.59,530.75,12792,5700,3094,1540,797,4.1,0.34877193,0.690980596,2.096732697,1,1151280,4720248,879275.8333,0.186277465,51647.7,0.044861111,0.922119172
11,2022,Bond Hill,30,13,0,17,271.59,530.75,7287,3139,1780,1167,192,4.1,0.153552087,0.86942799,2.290075272,1,655830,2688903,213184.5833,0.079283107,30033.9,0.045795252,0.994506348
11,2022,California,30,13,0,17,271.59,530.75,929.4907539,341.8776671,256.1479374,125.2972973,57.61593172,4.1,0.023350254,0.969585022,2.71,0.13,83654.16785,342982.0882,3530.783547,0.010294367,525.509707,0.006281931,0.98616132
11,2022,Camp Washington,30,13,0,17,271.59,530.75,1151,479,106,59,17,4.1,0.219206681,0.888968813,1.78,1,103590,424719,46440.625,0.109344355,1679.6,0.01621392,1.014527088
11,2022,Carthage,30,13,0,17,271.59,530.75,2759,1055,821,527,173,4.1,0.232227488,0.783555874,2.61,1,248310,1018071,108361.4583,0.106438017,15470,0.062301156,0.952295047
11,2022,Clifton,30,13,0,17,271.59,530.75,8311,4192,1066,556,124,4.1,0.070849237,0.872889824,1.977352666,0.4,747990,3066759,131360.625,0.042833697,6011.2,0.008036471,0.923759992
11,2022,College Hill,30,13,0,17,271.59,530.75,16578,7214,3674,1973,744,4.1,0.174383144,0.81169804,2.262897641,1,1492020,6117282,556402.9167,0.090955904,60045.7,0.040244568,0.942898512
11,2022,Columbia Tusculum,30,13,0,17,271.59,530.75,1527.30948,742.2632691,232.6062847,103.0113546,34.47557433,4.1,0.040850588,0.969597306,2.05,0.13,137457.8532,563577.198,13411.11956,0.02379642,394.9999469,0.002873608,0.996267333
11,2022,Corryville,30,13,0,17,271.59,530.75,4593,1944,313,99,2,4.1,0.036522634,0.654416473,2.308411145,1,413370,1694817,31402.70833,0.018528672,2232.1,0.005399763,0.678344908
11,2022,CUF,30,13,0,17,271.59,530.75,17703,5839,590,332,135,4.1,0.047097106,0.778482266,2.260336397,1,1593270,6532407,121630.2083,0.018619509,10320.7,0.006477684,0.803579459
11,2022,Downtown,30,13,0,17,271.59,530.75,5257.262028,3281.935603,263.9726129,50.43523316,0,4.1,0.057514217,0.93358807,1.474933886,1,473153.5825,1939929.688,83486.07143,0.043035617,1114.618653,0.002355723,0.97897941
11,2022,East End,30,13,0,17,271.59,530.75,1430,707,161,88,24,4.1,0.101838755,0.944726758,2,1,128700,527670,31845,0.060350219,2475.2,0.019232323,1.0243093
11,2022,East Price Hill,30,13,0,17,271.59,530.75,15908,6082,5021,2667,762,4.1,0.29118711,0.723129086,2.611281774,1,1431720,5870052,783298.5417,0.133439796,75780.9,0.052929972,0.909498854
11,2022,East Walnut Hills,30,13,0,17,271.59,530.75,4012.088046,2493.270566,399.2056555,215.1201799,60.33868895,4.1,0.035380584,0.913265016,1.603667093,1,361087.9242,1480460.489,39016.03738,0.026353988,6087.641003,0.016859165,0.956478169
11,2022,East Westwood,30,13,0,17,271.59,530.75,2434.307438,1059.651077,735.5904287,462.9622519,116.2436471,4.1,0.373495044,0.696477431,2.276188574,1,219087.6694,898259.4445,175047.7301,0.194874355,12800.45037,0.058426156,0.949777942
11,2022,English Woods,30,13,0,17,271.59,530.75,489.8377088,235.3031026,125.1178998,51.58568019,21.94653938,4.1,0.273076923,0.710655115,2.05,1,44085.39379,180750.1146,28419.82578,0.157232685,1625.062053,0.036861688,0.904749488
11,2022,Evanston,30,13,0,17,271.59,530.75,8354.011328,3434.786071,1417.954873,731.6112308,313.4879268,4.1,0.112565559,0.869583815,2.133520639,0.36,751861.0195,3082630.18,171007.0365,0.055474392,8314.808897,0.011058971,0.936117178
11,2022,Hartwell,30,13,0,17,271.59,530.75,5237,2448,965,379,237,4.1,0.100081699,0.917389358,2.04,1,471330,1932453,108361.4583,0.056074563,13613.6,0.028883373,1.002347294
11,2022,Hyde Park,30,13,0,17,271.59,530.75,13530,6580,2465,1297,355,4.1,0.013981763,0.94137498,2.039088857,0.65,1217700,4992570,40690.83333,0.008150278,23730.98,0.019488363,0.969013621
11,2022,Kennedy Heights,30,13,0,17,271.59,530.75,4714,2372,795,352,69,4.1,0.1306914,0.828223603,1.98,1,424260,1739466,137110.4167,0.078823281,9304.1,0.021930184,0.928977068
11,2022,Linwood,30,13,0,17,271.59,530.75,667.0448904,324.1798257,101.5896488,44.98970161,15.05703723,4.1,0.040850588,0.969597306,2.05,1,60034.04014,246139.5646,5857.240395,0.02379642,1327.032928,0.022104675,1.0154984
11,2022,Lower Price Hill,30,13,0,17,271.59,530.75,877.7270916,288.0278884,288.0278884,91.71414343,47.75199203,4.1,0.621052632,0.517487295,2.37,1,78995.43825,323881.2968,79117.34479,0.244278832,3082.201594,0.039017463,0.80078359
11,2022,Madisonville,30,13,0,17,271.59,530.75,10685.46577,5292.751964,1716.369809,732.0976431,342.6060606,4.1,0.099709447,0.845874785,2.041209633,1,961691.9192,3942936.869,233413.8426,0.059197966,23750.95185,0.024697048,0.929769799
11,2022,Millvale,30,13,0,17,271.59,530.75,2341.34548,890.4344779,1023.773651,662.1758935,74.57953749,4.1,0.602368866,0.476951667,2.62,1,210721.0932,863956.4821,237231.9843,0.274587886,16282.29502,0.077269412,0.828808966
11,2022,Mt. Adams,30,13,0,17,271.59,530.75,1643,977,114,80,16,4.1,0,0.941869806,1.68,0.13,147870,606267,0,0,275.808,0.001865206,0.943735011
11,2022,Mt. Airy,30,13,0,17,271.59,530.75,8913.806968,3893.991994,2475.059451,1374.247739,386.149444,4.1,0.250267048,0.711869148,2.277665922,1,802242.6271,3289194.771,431029.9831,0.131044226,38904.77775,0.048495027,0.891408401
11,2022,Mt. Auburn,30,13,0,17,271.59,530.75,4705,2583,603,416,113,4.1,0.14324429,0.838284446,1.705475113,1,423450,1736145,163647.9167,0.09425936,11690.9,0.027608691,0.960152496
11,2022,Mt. Lookout,30,13,0,17,271.59,530.75,5009.64563,2186.556905,1170.804067,611.9989438,164.4673884,4.1,0.013461883,0.972702418,2.299967974,0.13,450868.1067,1848559.237,13018.93171,0.007042745,2230.787772,0.004947761,0.984692924
11,2022,Mt. Washington,30,13,0,17,271.59,530.75,12436.34362,5527.69696,3001.501673,1566.027132,764.2803732,4.1,0.114884969,0.901115514,2.223608197,0.45,1119270.926,4589010.796,280877.0109,0.061206439,23174.90814,0.020705361,0.983027314
11,2022,North Avondale - Paddock Hills,30,13,0,17,271.59,530.75,4240.900625,1687.943363,666.8394719,393.2685893,104.1733843,4.1,0.179003648,0.874775752,2.117322946,1,381681.0563,1564892.331,133637.5511,0.085397282,10993.46762,0.028802759,0.988975793
11,2022,North Fairmount,30,13,0,17,271.59,530.75,1675.162291,804.6968974,427.8821002,176.4143198,75.05346062,4.1,0.273076923,0.710655115,2.05,1,150764.6062,618134.8854,97191.00756,0.157232685,5557.437947,0.036861688,0.904749488
11,2022,Northside,30,13,0,17,271.59,530.75,8200,4053,1354,559,240,4.1,0.098198865,0.899673792,2.025715194,1,738000,3025800,176032.0833,0.058177039,17657.9,0.023926694,0.981777524
11,2022,Oakley,30,13,0,17,271.59,530.75,11265.53423,6513.248036,1219.630191,484.9023569,118.3939394,4.1,0.019999642,0.943024935,1.708637195,1,1013898.081,4156982.131,57614.07407,0.013859591,13332.84815,0.013150087,0.970034614
11,2022,Over-the-Rhine,30,13,0,17,271.59,530.75,5657,3047,795,406,143,4.1,0.208729898,0.875445421,1.708942308,0.65,509130,2087433,281297.5,0.134757619,7886.385,0.015489924,1.025692964
11,2022,Pendleton,30,13,0,17,271.59,530.75,1134,550,251,145,40,4.1,0.125454545,0.900215501,2.06,1,102060,418446,30518.125,0.072932051,4088.5,0.040059769,1.013207321
11,2022,Pleasant Ridge,30,13,0,17,271.59,530.75,7184.554194,3642.132893,1438.686145,853.2770971,149.8831291,4.1,0.135636621,0.887994463,1.938428014,1,646609.8775,2651100.498,218495.0014,0.082416718,22169.841,0.03428627,1.004697451
11,2022,Queensgate,30,13,0,17,271.59,530.75,280.2729084,91.97211155,91.97211155,29.28585657,15.24800797,4.1,0.621052632,0.517487295,2.37,1,25224.56175,103420.7032,25263.48855,0.244278832,984.1984064,0.039017463,0.80078359
11,2022,Riverside,30,13,0,17,271.59,530.75,2008.023952,826.0538922,418.1976048,213.6107784,33.59281437,4.1,0.19557669,0.824574948,2.420248307,1,180722.1557,740960.8383,71455.26447,0.096435953,5463.199401,0.030229826,0.951240728
11,2022,Roselawn,30,13,0,17,271.59,530.75,7692,3558,1970,1287,248,4.1,0.24480045,0.708884333,2.11616494,1,692280,2838348,385236.0417,0.135725444,33923.5,0.049002571,0.893612348
11,2022,Sayler Park,30,13,0,17,271.59,530.75,2902,1186,710,402,133,4.1,0.15851602,0.861450757,2.442799067,1,261180,1070838,83150.83333,0.077650245,11823.5,0.045269546,0.984370548
11,2022,Sedamsville,30,13,0,17,271.59,530.75,556.9760479,196.9461078,158.8023952,65.38922156,21.40718563,4.1,0.322134387,0.747090832,2.69,1,50127.84431,205524.1617,28060.36053,0.136530714,1918.200599,0.03826617,0.921887716
11,2022,South Cumminsville,30,13,0,17,271.59,530.75,766.65452,291.5655221,335.226349,216.8241065,24.42046251,4.1,0.602368866,0.476951667,2.62,1,68998.9068,282895.5179,77679.68232,0.274587886,5331.504975,0.077269412,0.828808966
11,2022,South Fairmount,30,13,0,17,271.59,530.75,1926,888,474,242,77,4.1,0.30518018,0.712572081,1.98,1,173340,710694,119861.0417,0.168653516,7049.9,0.040670936,0.921896533
11,2022,Spring Grove Village,30,13,0,17,271.59,530.75,2220,922,515,362,65,4.1,0.245119306,0.782147981,2.4,1,199800,819180,99957.91667,0.12202192,9436.7,0.047230731,0.951400632
11,2022,Villages at Roll Hill,30,13,0,17,271.59,530.75,2503,864,1444,819,77,4.1,0.706018519,0.369700104,2.9,1,225270,923607,269797.9167,0.29211333,19801.6,0.087901629,0.749715064
11,2022,Walnut Hills,30,13,0,17,271.59,530.75,6431,3677,860,364,186,4.1,0.342398695,0.782790116,1.751691269,0.69,578790,2373039,556845.2083,0.234654891,8386.95,0.014490489,1.031935496
11,2022,West End,30,13,0,17,271.59,530.75,7764.737972,3603.064397,2293.027387,1263.564767,234,4.1,0.464949237,0.690893072,2.177132188,1,698826.4175,2865188.312,740945.5952,0.258602756,33096.18135,0.04735966,0.996855488
11,2022,West Price Hill,30,13,0,17,271.59,530.75,18961.63553,7517.694487,5411.251034,3232.174391,1144.64663,4.1,0.196647414,0.81024671,2.514935943,1,1706547.198,6996843.51,653855.3294,0.093450043,96727.74455,0.056680381,0.960377133
11,2022,Westwood,30,13,0,17,271.59,530.75,32780.69256,14571.34892,8579.409571,3879.037748,1322.756353,4.1,0.218389223,0.819417792,2.263472583,1,2950262.331,12096075.56,1407471.853,0.116357727,114959.6496,0.038965908,0.974741426
11,2022,Winton Hills,30,13,0,17,271.59,530.75,6741,2746,3304,1617,595,4.1,0.494901675,0.542016339,2.45,1,606690,2487429,601074.375,0.241644837,48885.2,0.080576901,0.864238076
11,2023,Avondale,30,13,0,17,191.39,370.3,12825,5866,3070,1560,841,4.2845,0.423968633,0.688056323,2.051463803,1,1154250,4945384.125,767446.75,0.155184457,53062.1,0.045971063,0.889211843
11,2023,Bond Hill,30,13,0,17,191.39,370.3,6723,3165,1495,1154,129,4.2845,0.165876777,0.861707486,2.105112908,1,605070,2592422.415,162006.25,0.062492227,28354.3,0.04686119,0.971060902
11,2023,California,30,13,0,17,191.39,370.3,954.8278805,335.9772404,260.6600284,135.3627312,45.46799431,4.2845,0.026859504,0.983597254,2.83,0.13,85934.50925,368186.4049,2784.712186,0.007563322,519.5266743,0.006045612,0.997206187
11,2023,Camp Washington,30,13,0,17,191.39,370.3,1128,520,109,67,18,4.2845,0.309615385,0.86960362,1.61,1,101520,434962.44,49681.91667,0.114221165,1878.5,0.018503743,1.002328528
11,2023,Carthage,30,13,0,17,191.39,370.3,2962,1094,905,576,145,4.2845,0.174588665,0.808487356,2.7,1,266580,1142162.01,58939.41667,0.051603377,15934.1,0.059772301,0.919863033
11,2023,Clifton,30,13,0,17,191.39,370.3,8012,4101,1091,543,155,4.2845,0.058522312,0.895678177,1.940058466,0.4,721080,3089467.26,74060,0.02397177,6170.32,0.008557053,0.928207001
11,2023,College Hill,30,13,0,17,191.39,370.3,16324,7124,3721,2033,828,4.2845,0.20620438,0.813060802,2.238321039,1,1469160,6294616.02,453308.9167,0.072015341,63228.1,0.043036905,0.928113048
11,2023,Columbia Tusculum,30,13,0,17,191.39,370.3,1597.922102,755.1396884,284.111962,159.086084,25.33747029,4.2845,0.048954895,0.980076407,2.11,0.13,143812.9892,616166.7521,11407.64217,0.018513888,529.8488714,0.003684291,1.002274586
11,2023,Corryville,30,13,0,17,191.39,370.3,4442,1987,267,78,1,4.2845,0.023653749,0.686047929,2.159706325,1,399780,1712857.41,14503.41667,0.008467381,1745.9,0.004367152,0.698882462
11,2023,CUF,30,13,0,17,191.39,370.3,17903,6110,478,165,120,4.2845,0.052373159,0.77211139,2.154798515,1,1611270,6903486.315,98746.66667,0.014303884,6298.5,0.003909028,0.790324303
11,2023,Downtown,30,13,0,17,191.39,370.3,5501.109548,3389.128053,229.8482605,28.20355292,0,4.2845,0.072973797,0.934914516,1.449603319,1,495099.8594,2121255.347,76318.07168,0.035977786,623.2985196,0.001258935,0.972151237
11,2023,East End,30,13,0,17,191.39,370.3,1306,681,172,111,38,4.2845,0.114537445,0.955370044,1.9,1,117540,503600.13,24069.5,0.047794865,3292.9,0.028015144,1.031180052
11,2023,East Price Hill,30,13,0,17,191.39,370.3,15955,6112,5263,2574,882,4.2845,0.296138743,0.73184202,2.599238879,1,1435950,6152327.775,558535.8333,0.090784473,76377.6,0.053189596,0.875816089
11,2023,East Walnut Hills,30,13,0,17,191.39,370.3,3876.895887,2470.430591,361.3496144,200.8348329,39.33868895,4.2845,0.03423318,0.915068833,1.552788732,1,348920.6298,1494950.438,26097.10668,0.017456837,5307.834833,0.015212155,0.947737826
11,2023,East Westwood,30,13,0,17,191.39,370.3,2446.440728,1082.362735,662.7084265,423.8682901,112.1505178,4.2845,0.403008497,0.730271131,2.233280064,1,220179.6656,943359.7771,134604.4756,0.142686257,11846.01565,0.053801588,0.926758976
11,2023,English Woods,30,13,0,17,191.39,370.3,494.8152745,231.9093079,114.9365155,56.78949881,23.98281623,4.2845,0.24195122,0.715299412,2.1,1,44533.3747,190803.2439,17314.83914,0.09074709,1785.068162,0.040083829,0.846130331
11,2023,Evanston,30,13,0,17,191.39,370.3,8421.154843,3511.949534,1469.161852,755.5963693,308.2870928,4.2845,0.090933908,0.854076328,2.101616559,0.36,757903.9359,3247239.413,98547.72181,0.030348154,8464.256825,0.011167981,0.895592463
11,2023,Hartwell,30,13,0,17,191.39,370.3,5403,2462,852,527,174,4.2845,0.097887896,0.924583721,2.07,1,486270,2083423.815,74368.58333,0.03569537,15492.1,0.031859049,0.99213814
11,2023,Hyde Park,30,13,0,17,191.39,370.3,13559,6539,2522,1119,401,4.2845,0.011010858,0.940017258,2.057848168,0.65,1220310,5228418.195,22218,0.004249469,21834.8,0.017892831,0.962159557
11,2023,Kennedy Heights,30,13,0,17,191.39,370.3,4275,2222,492,333,67,4.2845,0.143564356,0.848252783,1.91,1,384750,1648461.375,98438.08333,0.059715129,8840,0.022975958,0.930943871
11,2023,Linwood,30,13,0,17,191.39,370.3,697.8846052,329.8035384,124.0844996,69.48006337,11.06601532,4.2845,0.048954895,0.980076407,2.11,1,62809.61447,269107.7932,4982.231516,0.018513888,1780.068339,0.028340698,1.026930994
11,2023,Lower Price Hill,30,13,0,17,191.39,370.3,876.9691235,298.6394422,294.0916335,80.34462151,68.21713147,4.2845,0.631979695,0.466354618,2.32,1,78927.22112,338163.6789,58240.1865,0.172224843,3283.214741,0.041598002,0.680177464
11,2023,Madisonville,30,13,0,17,191.39,370.3,10561.56341,5445.440516,1620.369809,794.7861953,232.8462402,4.2845,0.096409902,0.87532009,1.957708987,1,950540.7071,4072591.659,162004.5183,0.03977922,22710.67682,0.023892377,0.938991687
11,2023,Millvale,30,13,0,17,191.39,370.3,2408.391731,825.648213,1009.460406,614.7161878,61.01962158,4.2845,0.515510949,0.498484702,2.9,1,216755.2558,928687.8934,131342.5383,0.141428072,14933.76139,0.068896882,0.708809656
11,2023,Mt. Adams,30,13,0,17,191.39,370.3,1592,984,97,65,11,4.2845,0,0.934637005,1.62,0.13,143280,613883.16,0,0,218.348,0.001523925,0.93616093
11,2023,Mt. Airy,30,13,0,17,191.39,370.3,8855.104818,4117.800593,2459.034396,1515.051742,311.7610082,4.2845,0.246881058,0.716394854,2.140346369,1,796959.4337,3414572.693,313707.9669,0.091873272,40372.56178,0.050658239,0.858926366
11,2023,Mt. Auburn,30,13,0,17,191.39,370.3,5192,2640,771,558,145,4.2845,0.15719697,0.793266802,1.851103211,1,467280,2002061.16,128062.0833,0.06396512,15536.3,0.033248374,0.890480296
11,2023,Mt. Lookout,30,13,0,17,191.39,370.3,5018.193293,2134.056773,1254.803538,660.4338527,168.5965144,4.2845,0.016816196,0.97521814,2.359967974,0.13,451637.3964,1935040.425,11074.04298,0.0057229,2381.804245,0.005273709,0.98621475
11,2023,Mt. Washington,30,13,0,17,191.39,370.3,11815.2445,5463.880907,2649.821269,1560.902515,620.874501,4.2845,0.13778012,0.908509681,2.133691957,0.45,1063372.005,4556017.355,232305.9047,0.05098881,21697.77243,0.020404687,0.979903178
11,2023,North Avondale - Paddock Hills,30,13,0,17,191.39,370.3,4209.94927,1687.619875,609.4885337,370.5687978,55.37421821,4.2845,0.135145368,0.902230071,2.084645892,1,378895.4343,1623377.488,70379.83817,0.043353957,9413.340653,0.024844165,0.970428193
11,2023,North Fairmount,30,13,0,17,191.39,370.3,1692.184726,793.0906921,393.0634845,194.2105012,82.01718377,4.2845,0.24195122,0.715299412,2.1,1,152296.6253,652514.8911,59213.82753,0.09074709,6104.631838,0.040083829,0.846130331
11,2023,Northside,30,13,0,17,191.39,370.3,8407,4175,1198,548,192,4.2845,0.123113772,0.879595765,2.010178004,1,756630,3241781.235,158611.8333,0.048927371,16354,0.021614263,0.9501374
11,2023,Oakley,30,13,0,17,191.39,370.3,11405.43659,6478.559484,1361.630191,602.2138047,115.1537598,4.2845,0.016825594,0.946980836,1.739411667,1,1026489.293,4397993.376,33637.315,0.007648332,15853.82318,0.015444704,0.970073872
11,2023,Over-the-Rhine,30,13,0,17,191.39,370.3,6180,3155,840,328,149,4.2845,0.203486529,0.849835918,1.818869231,0.65,556200,2383038.9,198110.5,0.083133557,6852.105,0.012319498,0.945288974
11,2023,Pendleton,30,13,0,17,191.39,370.3,1163,558,238,154,36,4.2845,0.082437276,0.89748322,2.08,1,104670,448458.615,14194.83333,0.031652493,4199,0.040116557,0.96925227
11,2023,Pleasant Ridge,30,13,0,17,191.39,370.3,7308.599434,3688.551367,1534.065033,828.6644675,150.332705,4.2845,0.131432997,0.883372961,1.952439432,1,657773.9491,2818232.485,149600.3856,0.053083053,21635.83751,0.032892512,0.969348527
11,2023,Queensgate,30,13,0,17,191.39,370.3,280.0308765,95.36055777,93.90836653,25.65537849,21.78286853,4.2845,0.631979695,0.466354618,2.32,1,25202.77888,107981.3061,18597.0635,0.172224843,1048.385259,0.041598002,0.680177464
11,2023,Riverside,30,13,0,17,191.39,370.3,2088.550898,829.5508982,512.3952096,212.3473054,86.07784431,4.2845,0.216450716,0.830840211,2.513273138,1,187969.5808,805355.6691,55408.26248,0.068799742,6595.195808,0.035086506,0.934726459
11,2023,Roselawn,30,13,0,17,191.39,370.3,7449,3583,1509,1121,162,4.2845,0.234161317,0.728904,2.031551069,1,670410,2872371.645,258901.4167,0.090135069,28354.3,0.042293969,0.861333039
11,2023,Sayler Park,30,13,0,17,191.39,370.3,2745,1184,682,423,106,4.2845,0.199324324,0.857092042,2.314898367,1,247050,1058485.725,72825.66667,0.068801747,11690.9,0.047322,0.973215788
11,2023,Sedamsville,30,13,0,17,191.39,370.3,590.4491018,200.4491018,187.6047904,48.65269461,38.92215569,4.2845,0.316504854,0.750546837,2.81,1,53140.41916,227680.1259,19577.48752,0.085986809,1935.404192,0.036420567,0.872954213
11,2023,South Cumminsville,30,13,0,17,191.39,370.3,788.6082691,270.351787,330.5395936,201.2838122,19.98037842,4.2845,0.515510949,0.498484702,2.9,1,70974.74422,304091.2916,43007.04508,0.141428072,4889.938612,0.068896882,0.708809656
11,2023,South Fairmount,30,13,0,17,191.39,370.3,1960,852,478,231,108,4.2845,0.253521127,0.718636272,2.13,1,176400,755785.8,66654,0.088191654,7491.9,0.042471088,0.849299014
11,2023,Spring Grove Village,30,13,0,17,191.39,370.3,2163,927,549,327,132,4.2845,0.252427184,0.77983631,2.32,1,194670,834063.615,72208.5,0.086574332,10143.9,0.052108183,0.918518824
11,2023,Villages at Roll Hill,30,13,0,17,191.39,370.3,2262,901,1261,630,135,4.2845,0.612652608,0.359694036,2.51,1,203580,872238.51,170338,0.195288328,16906.5,0.083045977,0.638028341
11,2023,Walnut Hills,30,13,0,17,191.39,370.3,6259,3678,829,359,193,4.2845,0.347471452,0.790895394,1.714202261,0.69,563310,2413501.695,394369.5,0.163401377,8417.448,0.014942834,0.969239605
11,2023,West End,30,13,0,17,191.39,370.3,7764.890452,3592.871947,2249.151739,1322.796447,198,4.2845,0.433269674,0.699608129,2.182286781,1,698840.1406,2994180.583,480366.2617,0.160433297,33609.60148,0.048093404,0.908134831
11,2023,West Price Hill,30,13,0,17,191.39,370.3,18811.14342,7650.011933,5370.627021,3261.091031,1051.858812,4.2845,0.201424858,0.815275332,2.450516273,1,1693002.908,7253670.958,475496.8511,0.065552581,95316.19154,0.056300076,0.937127989
11,2023,Westwood,30,13,0,17,191.39,370.3,34059.55927,15074.63727,9471.291574,4788.13171,1273.849482,4.2845,0.213391444,0.823986694,2.266125449,1,3065360.334,13133536.35,992650.4411,0.075581353,133969.7843,0.043704416,0.943272463
11,2023,Winton Hills,30,13,0,17,191.39,370.3,5401,2699,2102,1050,281,4.2845,0.519081141,0.64571331,2,1,486090,2082652.605,432325.25,0.207583948,29415.1,0.060513691,0.913810949
11,2024,Avondale,30,17,0,13,192.1024,374.1014,12501,5950,3040,1641,623,4.395897,0.398991597,0.690806134,1.963373111,1,1125090,4945779.756,740097.2697,0.149642181,38261.6,0.034007591,0.874455906
11,2024,Bond Hill,30,17,0,13,192.1024,374.1014,6399,3191,1417,905,151,4.395897,0.162331558,0.850134085,1.980091999,1,575910,2531641.041,161487.1043,0.06378752,17846.4,0.030988175,0.944909781
11,2024,California,30,17,0,13,192.1024,374.1014,928.7965861,340.1422475,242.2645804,132.5860597,50.6742532,4.395897,0.02755102,0.976559214,2.72,0.13,83591.69275,367460.4714,2921.50311,0.007950523,402.6229075,0.004816542,0.98932628
11,2024,Camp Washington,30,17,0,13,192.1024,374.1014,1143,548,90,45,12,4.395897,0.313868613,0.876434088,1.55,1,102870,452205.9244,53621.20067,0.118576953,963.3,0.009364246,1.004375287
11,2024,Carthage,30,17,0,13,192.1024,374.1014,3183,979,1107,542,137,4.395897,0.269662921,0.733606197,3.25,1,286470,1259292.614,82302.308,0.065355984,11475.1,0.0400569,0.83901908
11,2024,Clifton,30,17,0,13,192.1024,374.1014,8028,4079,1068,501,166,4.395897,0.076244177,0.885250904,1.945491113,0.4,722520,3176123.5,96954.61283,0.030526084,4508.92,0.006240547,0.922017535
11,2024,College Hill,30,17,0,13,192.1024,374.1014,15930,7147,3555,1788,776,4.395897,0.226108857,0.804704983,2.172954947,1,1433700,6302397.529,503789.8853,0.079936228,43331.6,0.030223617,0.914864828
11,2024,Columbia Tusculum,30,17,0,13,192.1024,374.1014,1621.18273,765.9392659,265.8357539,148.7018748,29.49115395,4.395897,0.043383948,0.95904074,2.11,0.13,145906.4457,641389.7071,10359.3258,0.016151375,391.4900842,0.002683158,0.977875273
11,2024,Corryville,30,17,0,13,192.1024,374.1014,4277,1968,256,101,1,4.395897,0.018800813,0.67161011,2.086822289,1,384930,1692112.632,11534.79317,0.0068168,1723.8,0.004478217,0.682905127
11,2024,CUF,30,17,0,13,192.1024,374.1014,18282,6192,456,180,92,4.395897,0.066860465,0.782651708,2.153319783,1,1645380,7232921.006,129064.983,0.017844102,4596.8,0.002793762,0.803289572
11,2024,Downtown,30,17,0,13,192.1024,374.1014,6070.715026,3633.99852,282.6447076,85.00592154,0,4.395897,0.063479574,0.918821977,1.484669432,1,546364.3523,2401761.417,71916.2175,0.029943115,1436.600074,0.002629381,0.951394472
11,2024,East End,30,17,0,13,192.1024,374.1014,1323,707,71,36,24,4.395897,0.099009901,0.948525224,1.86,1,119070,523419.4558,21822.58167,0.04169234,1014,0.008515999,0.998733563
11,2024,East Price Hill,30,17,0,13,192.1024,374.1014,16286,6321,5352,2708,815,4.395897,0.332384116,0.71801936,2.593354997,1,1465740,6443242.069,654989.2012,0.101655222,59538.7,0.040620233,0.860294815
11,2024,East Walnut Hills,30,17,0,13,192.1024,374.1014,3934.501285,2474.03856,308.3309769,169.5122108,25.28534704,4.395897,0.021840688,0.93192842,1.586430218,1,354105.1157,1556609.616,16845.38213,0.010821841,3292.078728,0.009296897,0.952047158
11,2024,East Westwood,30,17,0,13,192.1024,374.1014,2601.088353,1064.265709,734.3991673,467.6568839,122.2488875,4.395897,0.419072549,0.699829171,2.409468638,1,234097.9518,1029070.484,139042.4367,0.13511459,9969.407536,0.042586479,0.877530241
11,2024,English Woods,30,17,0,13,192.1024,374.1014,496.1727924,239.8281623,148.874463,74.66348449,22.85155131,4.395897,0.324528302,0.687230934,2.04,1,44655.55131,196301.204,24263.91324,0.123605524,1648.004105,0.036904798,0.847741256
11,2024,Evanston,30,17,0,13,192.1024,374.1014,8404.596004,3388.064636,1664.030385,884.24248,395.266425,4.395897,0.120803737,0.830442821,2.18067287,0.36,756413.6404,3325116.453,127596.9059,0.038373665,7784.532178,0.010291369,0.879107856
11,2024,Hartwell,30,17,0,13,192.1024,374.1014,5439,2426,1243,558,243,4.395897,0.23577906,0.843932863,2.1,1,489510,2151835.54,178321.6673,0.082869561,13536.9,0.027653981,0.954456405
11,2024,Hyde Park,30,17,0,13,192.1024,374.1014,13303,6483,2448,1036,436,4.395897,0.016813204,0.938358409,2.031959221,0.65,1197270,5263075.601,33980.87717,0.006456468,16169.92,0.013505659,0.958320536
11,2024,Kennedy Heights,30,17,0,13,192.1024,374.1014,4649,2401,684,380,165,4.395897,0.101624323,0.871139734,1.93,1,418410,1839287.264,76067.28467,0.041356935,9210.5,0.022013097,0.934509766
11,2024,Linwood,30,17,0,13,192.1024,374.1014,708.0435701,334.5202007,116.1024558,64.9448112,12.88011619,4.395897,0.043383948,0.95904074,2.11,1,63723.92131,280123.7945,4524.384505,0.016151375,1315.241273,0.020639679,0.995831794
11,2024,Lower Price Hill,30,17,0,13,192.1024,374.1014,943.6703187,306.2191235,283.4800797,132.6444223,68.21713147,4.395897,0.571782178,0.509650105,2.42,1,84930.32869,373344.9771,54584.7105,0.146204486,3394.560259,0.039968764,0.695823355
11,2024,Madisonville,30,17,0,13,192.1024,374.1014,10748.04938,5684.800786,1490.818182,744.3058361,233.9118967,4.395897,0.106730738,0.887988151,1.899867134,1,967324.4444,4252258.623,189152.8336,0.044482909,16531.87969,0.017090315,0.949561375
11,2024,Millvale,30,17,0,13,192.1024,374.1014,2757.182901,987.6138753,1198.5459,1093.079888,0,4.395897,0.745995423,0.335307065,2.78,1,248146.4611,1090826.284,229684.3652,0.210559984,18473.05011,0.074444141,0.62031119
11,2024,Mt. Adams,30,17,0,13,192.1024,374.1014,1631,1016,90,58,15,4.395897,0,0.950534229,1.61,0.13,146790,645273.7206,0,0,160.381,0.001092588,0.951626818
11,2024,Mt. Airy,30,17,0,13,192.1024,374.1014,9099.048036,4234.088213,2055.363973,1319.365456,150.7451446,4.395897,0.287523462,0.802446372,2.132741899,1,818914.3232,3599863.017,379525.7779,0.105427839,24844.86915,0.030338789,0.938213
11,2024,Mt. Auburn,30,17,0,13,192.1024,374.1014,5046,2650,705,474,109,4.395897,0.103018868,0.81967643,1.783449688,1,454140,1996352.664,85108.0685,0.04263178,9852.7,0.021695292,0.884003502
11,2024,Mt. Lookout,30,17,0,13,192.1024,374.1014,5096.773699,2144.540533,1239.06179,682.353314,134.6287299,4.395897,0.015041788,0.965245402,2.387742194,0.13,458709.633,2016440.299,10056.38303,0.004987196,1794.90955,0.003912954,0.974145552
11,2024,Mt. Washington,30,17,0,13,192.1024,374.1014,11879.67519,5553.087735,2598.366801,1379.398705,642.950248,4.395897,0.115661466,0.905976425,2.117269253,0.45,1069170.768,4699964.569,200230.9988,0.042602661,15379.96379,0.014384946,0.962964032
11,2024,North Avondale - Paddock Hills,30,17,0,13,192.1024,374.1014,4878.90271,1839.896803,824.6386379,457.2453092,82.44822794,4.395897,0.066674624,0.919005919,2.27,1,439101.2439,1930243.841,38243.89564,0.019812987,9120.820778,0.020771567,0.959590472
11,2024,North Fairmount,30,17,0,13,192.1024,374.1014,1696.827208,820.1718377,509.125537,255.3365155,78.14844869,4.395897,0.324528302,0.687230934,2.04,1,152714.4487,671316.9868,82978.4881,0.123605524,5635.895895,0.036904798,0.847741256
11,2024,Northside,30,17,0,13,192.1024,374.1014,8550,4378,1275,664,146,4.395897,0.100502513,0.876720911,1.942498411,1,769500,3382642.742,137170.5133,0.040551286,13689,0.017789474,0.935061671
11,2024,Oakley,30,17,0,13,192.1024,374.1014,11411.95062,6598.199214,1267.181818,540.6941639,72.08810325,4.395897,0.015043046,0.952669194,1.708519196,1,1027075.556,4514918.353,30943.4901,0.00685361,10356.02031,0.010083017,0.969605821
11,2024,Over-the-Rhine,30,17,0,13,192.1024,374.1014,6291,3343,715,315,73,4.395897,0.169608136,0.868197339,1.784465385,0.65,566190,2488912.922,176762.9115,0.071020127,4262.18,0.007527826,0.946745292
11,2024,Pendleton,30,17,0,13,192.1024,374.1014,1146,596,210,132,31,4.395897,0.08557047,0.943748038,1.92,1,103140,453392.8166,15899.3095,0.035067405,2754.7,0.026708358,1.0055238
11,2024,Pleasant Ridge,30,17,0,13,192.1024,374.1014,7268.072573,3683.009425,1571.93968,901.1055608,227.2544769,4.395897,0.117650837,0.895783889,1.953138402,1,654126.5316,2875472.858,135084.6306,0.046978232,19069.28464,0.029152287,0.971914408
11,2024,Queensgate,30,17,0,13,192.1024,374.1014,301.3296813,97.78087649,90.51992032,42.35557769,21.78286853,4.395897,0.571782178,0.509650105,2.42,1,27119.67131,119215.2818,17429.809,0.146204486,1083.939741,0.039968764,0.695823355
11,2024,Riverside,30,17,0,13,192.1024,374.1014,2268.610778,840.8323353,659.8922156,318.1556886,109.9520958,4.395897,0.34436223,0.807189532,2.771670429,1,204174.9701,897532.1384,90267.83032,0.100573368,7235.021557,0.035435399,0.943198299
11,2024,Roselawn,30,17,0,13,192.1024,374.1014,7375,3604,1483,1030,148,4.395897,0.249167592,0.716173201,1.98616494,1,663750,2917776.634,279952.5477,0.095947217,19908.2,0.029993522,0.842113939
11,2024,Sayler Park,30,17,0,13,192.1024,374.1014,2713,1183,739,439,160,4.395897,0.22569738,0.862711366,2.297347551,1,244170,1073346.17,83237.5615,0.077549596,10123.1,0.041459229,0.981720191
11,2024,Sedamsville,30,17,0,13,192.1024,374.1014,715.3892216,196.1676647,256.1077844,77.84431138,56.04790419,4.395897,0.359126984,0.733303852,3.5,1,64385.02994,283029.96,21962.58968,0.077598109,2262.778443,0.035144481,0.846046441
11,2024,South Cumminsville,30,17,0,13,192.1024,374.1014,902.8170988,323.3861247,392.4540995,357.9201121,0,4.395897,0.745995423,0.335307065,2.78,1,81253.53889,357182.1879,75208.27585,0.210559984,6048.849895,0.074444141,0.62031119
11,2024,South Fairmount,30,17,0,13,192.1024,374.1014,2319,960,667,259,102,4.395897,0.2375,0.706564387,2.27,1,208710,917467.6629,71079.266,0.07747332,6100.9,0.02923147,0.813269176
11,2024,Spring Grove Village,30,17,0,13,192.1024,374.1014,1996,881,469,296,133,4.395897,0.238365494,0.769126803,2.25,1,179640,789678.9371,65467.745,0.082904256,7250.1,0.040359051,0.892390111
11,2024,Villages at Roll Hill,30,17,0,13,192.1024,374.1014,2196,895,1128,574,206,4.395897,0.612290503,0.413092065,2.45,1,197640,868805.0831,170839.6393,0.196637477,13182,0.066697025,0.676426567
11,2024,Walnut Hills,30,17,0,13,192.1024,374.1014,6176,3528,737,354,201,4.395897,0.306405896,0.805375246,1.741359925,0.69,555840,2443415.388,337003.0112,0.137922931,6471.855,0.011643378,0.954941554
11,2024,West End,30,17,0,13,192.1024,374.1014,6929.284974,3429.00148,2061.355292,1159.994078,178,4.395897,0.452993482,0.706312849,2.046430172,1,623635.6477,2741438.073,484247.8638,0.176640089,22612.09993,0.036258511,0.919211449
11,2024,West Price Hill,30,17,0,13,192.1024,374.1014,18669.39287,7441.500965,5187.970243,3128.862443,1039.131704,4.395897,0.184977762,0.814924436,2.495004634,1,1680245.358,7386185.53,429129.2826,0.058098904,70439.10109,0.041921914,0.914945253
11,2024,Westwood,30,17,0,13,192.1024,374.1014,34095.91165,15214.73429,9589.600833,5082.343116,1146.751113,4.395897,0.210256413,0.824646515,2.250008974,1,3068632.048,13489390.41,997290.5658,0.073931478,105271.6925,0.03430574,0.932883733
11,2024,Winton Hills,30,17,0,13,192.1024,374.1014,4681,2540,1351,691,121,4.395897,0.546850394,0.679619002,1.84,1,421290,1851947.447,433022.3705,0.23382001,13722.8,0.032573287,0.946012299
11,2025,Avondale,30,16,0,14,190.507,369.1508,12501,5950,3040,1641,623,4.510190322,0.398991597,0.683326044,1.963373111,1,1125090,5074370.029,730303.3327,0.14392,41204.8,0.036623559,0.863869602
11,2025,Bond Hill,30,16,0,14,190.507,369.1508,6399,3191,1417,905,151,4.510190322,0.162331558,0.845204216,1.980091999,1,575910,2597463.708,159350.0953,0.061348343,19219.2,0.033371881,0.93992444
11,2025,California,30,16,0,14,190.507,369.1508,928.7965861,340.1422475,242.2645804,132.5860597,50.6742532,4.510190322,0.02755102,0.975963749,2.72,0.13,83591.69275,377014.4436,2882.841952,0.007646503,433.5939004,0.005187045,0.988797297
11,2025,Camp Washington,30,16,0,14,190.507,369.1508,1143,548,90,45,12,4.510190322,0.313868613,0.872120275,1.55,1,102870,463963.2784,52911.61467,0.114042678,1037.4,0.010084573,0.996247525
11,2025,Carthage,30,16,0,14,190.507,369.1508,3183,979,1107,542,137,4.510190322,0.269662921,0.728993529,3.25,1,286470,1292034.222,81213.176,0.06285683,12357.8,0.043138199,0.834988559
11,2025,Clifton,30,16,0,14,190.507,369.1508,8028,4079,1068,501,166,4.510190322,0.076244177,0.88110128,1.945491113,0.4,722520,3258702.711,95671.58233,0.029358794,4855.76,0.006720589,0.917180663
11,2025,College Hill,30,16,0,14,190.507,369.1508,15930,7147,3555,1788,776,4.510190322,0.226108857,0.800750723,2.172954947,1,1433700,6466259.865,497123.0773,0.076879539,46664.8,0.032548511,0.910178772
11,2025,Columbia Tusculum,30,16,0,14,190.507,369.1508,1621.18273,765.9392659,265.8357539,148.7018748,29.49115395,4.510190322,0.043383948,0.957522593,2.11,0.13,145906.4457,658065.8395,10222.23763,0.015533761,421.6047061,0.002889555,0.975945909
11,2025,Corryville,30,16,0,14,190.507,369.1508,4277,1968,256,101,1,4.510190322,0.018800813,0.664814763,2.086822289,1,384930,1736107.561,11382.14967,0.006556132,1856.4,0.004822695,0.67619359
11,2025,CUF,30,16,0,14,190.507,369.1508,18282,6192,456,180,92,4.510190322,0.066860465,0.776454838,2.153319783,1,1645380,7420976.952,127357.026,0.01716176,4950.4,0.003008667,0.796625265
11,2025,Downtown,30,16,0,14,190.507,369.1508,6070.715026,3633.99852,282.6447076,85.00592154,0,4.510190322,0.063479574,0.916223742,1.484669432,1,546364.3523,2464207.214,70964.52786,0.028798117,1547.107772,0.002831641,0.947853501
11,2025,East End,30,16,0,14,190.507,369.1508,1323,707,71,36,24,4.510190322,0.099009901,0.947099586,1.86,1,119070,537028.3616,21533.79667,0.040098062,1092,0.009171076,0.996368724
11,2025,East Price Hill,30,16,0,14,190.507,369.1508,16286,6321,5352,2708,815,4.510190322,0.332384116,0.712789168,2.593354997,1,1465740,6610766.363,646321.5257,0.097768018,64118.6,0.043744866,0.854302052
11,2025,East Walnut Hills,30,16,0,14,190.507,369.1508,3934.501285,2474.03856,308.3309769,169.5122108,25.28534704,4.510190322,0.021840688,0.930047984,1.586430218,1,354105.1157,1597081.466,16622.46196,0.010408024,3545.315553,0.010012043,0.950468051
11,2025,East Westwood,30,16,0,14,190.507,369.1508,2601.088353,1064.265709,734.3991673,467.6568839,122.2488875,4.510190322,0.419072549,0.693822931,2.409468638,1,234097.9518,1055826.317,137202.4449,0.129947931,10736.28504,0.045862362,0.869633224
11,2025,English Woods,30,16,0,14,190.507,369.1508,496.1727924,239.8281623,148.874463,74.66348449,22.85155131,4.510190322,0.324528302,0.680023897,2.04,1,44655.55131,201405.0354,23942.82134,0.118878961,1774.773652,0.039743629,0.838646487
11,2025,Evanston,30,16,0,14,190.507,369.1508,8404.596004,3388.064636,1664.030385,884.24248,395.266425,4.510190322,0.120803737,0.8273407,2.18067287,0.36,756413.6404,3411569.48,125908.3764,0.036906291,8383.342345,0.011083013,0.875330004
11,2025,Hartwell,30,16,0,14,190.507,369.1508,5439,2426,1243,558,243,4.510190322,0.23577906,0.836564704,2.1,1,489510,2207783.265,175961.8813,0.079700704,14578.2,0.02978121,0.946046618
11,2025,Hyde Park,30,16,0,14,190.507,369.1508,13303,6483,2448,1036,436,4.510190322,0.016813204,0.936164064,2.031959221,0.65,1197270,5399915.567,33531.19767,0.006209578,17413.76,0.014544556,0.956918198
11,2025,Kennedy Heights,30,16,0,14,190.507,369.1508,4649,2401,684,380,165,4.510190322,0.101624323,0.867217647,1.93,1,418410,1887108.733,75060.66267,0.039775484,9919,0.023706412,0.930699543
11,2025,Linwood,30,16,0,14,190.507,369.1508,708.0435701,334.5202007,116.1024558,64.9448112,12.88011619,4.510190322,0.043383948,0.957522593,2.11,1,63723.92131,287407.0132,4464.51192,0.015533761,1416.413678,0.022227346,0.995283701
11,2025,Lower Price Hill,30,16,0,14,190.507,369.1508,943.6703187,306.2191235,283.4800797,132.6444223,68.21713147,4.510190322,0.571782178,0.501564864,2.42,1,84930.32869,383051.9465,53862.37407,0.140613759,3655.680279,0.043043284,0.685221907
11,2025,Madisonville,30,16,0,14,190.507,369.1508,10748.04938,5684.800786,1490.818182,744.3058361,233.9118967,4.510190322,0.106730738,0.884097488,1.899867134,1,967324.4444,4362817.348,186649.7154,0.042781923,17803.56274,0.018404955,0.945284366
11,2025,Millvale,30,16,0,14,190.507,369.1508,2757.182901,987.6138753,1198.5459,1093.079888,0,4.510190322,0.745995423,0.330463302,2.78,1,248146.4611,1119187.767,226644.8806,0.202508361,19894.05396,0.080170613,0.613142277
11,2025,Mt. Adams,30,16,0,14,190.507,369.1508,1631,1016,90,58,15,4.510190322,0,0.949892152,1.61,0.13,146790,662050.8374,0,0,172.718,0.001176633,0.951068785
11,2025,Mt. Airy,30,16,0,14,190.507,369.1508,9099.048036,4234.088213,2055.363973,1319.365456,150.7451446,4.510190322,0.287523462,0.797999977,2.132741899,1,818914.3232,3693459.455,374503.3954,0.101396374,26756.01293,0.032672542,0.932068893
11,2025,Mt. Auburn,30,16,0,14,190.507,369.1508,5046,2650,705,474,109,4.510190322,0.103018868,0.81645244,1.783449688,1,454140,2048257.833,83981.807,0.04100158,10610.6,0.023364161,0.88081818
11,2025,Mt. Lookout,30,16,0,14,190.507,369.1508,5096.773699,2144.540533,1239.06179,682.353314,134.6287299,4.510190322,0.015041788,0.964436361,2.387742194,0.13,458709.633,2068867.747,9923.303787,0.00479649,1932.979516,0.00421395,0.973446802
11,2025,Mt. Washington,30,16,0,14,190.507,369.1508,11879.67519,5553.087735,2598.366801,1379.398705,642.950248,4.510190322,0.115661466,0.902949553,2.117269253,0.45,1069170.768,4822163.648,197581.2798,0.040973574,16563.03793,0.01549148,0.959414608
11,2025,North Avondale - Paddock Hills,30,16,0,14,190.507,369.1508,4878.90271,1839.896803,824.6386379,457.2453092,82.44822794,4.510190322,0.066674624,0.916421748,2.27,1,439101.2439,1980430.181,37737.80229,0.019055356,9822.422377,0.02236938,0.957846483
11,2025,North Fairmount,30,16,0,14,190.507,369.1508,1696.827208,820.1718377,509.125537,255.3365155,78.14844869,4.510190322,0.324528302,0.680023897,2.04,1,152714.4487,688771.2285,81880.40799,0.118878961,6069.426348,0.039743629,0.838646487
11,2025,Northside,30,16,0,14,190.507,369.1508,8550,4378,1275,664,146,4.510190322,0.100502513,0.873118951,1.942498411,1,769500,3470591.453,135355.2933,0.039000642,14742,0.019157895,0.931277487
11,2025,Oakley,30,16,0,14,190.507,369.1508,11411.95062,6598.199214,1267.181818,540.6941639,72.08810325,4.510190322,0.015043046,0.951589023,1.708519196,1,1027075.556,4632306.231,30534.00528,0.006591534,11152.63726,0.010858634,0.969039191
11,2025,Over-the-Rhine,30,16,0,14,190.507,369.1508,6291,3343,715,315,73,4.510190322,0.169608136,0.865806618,1.784465385,0.65,566190,2553624.658,174423.753,0.068304382,4590.04,0.00810689,0.94221789
11,2025,Pendleton,30,16,0,14,190.507,369.1508,1146,596,210,132,31,4.510190322,0.08557047,0.941729513,1.92,1,103140,465181.0298,15688.909,0.033726459,2966.6,0.028762847,1.004218819
11,2025,Pleasant Ridge,30,16,0,14,190.507,369.1508,7268.072573,3683.009425,1571.93968,901.1055608,227.2544769,4.510190322,0.117650837,0.892514094,1.953138402,1,654126.5316,2950235.152,133297.0138,0.045181827,20536.15269,0.031394771,0.969090692
11,2025,Queensgate,30,16,0,14,190.507,369.1508,301.3296813,97.78087649,90.51992032,42.35557769,21.78286853,4.510190322,0.571782178,0.501564864,2.42,1,27119.67131,122314.8791,17199.15493,0.140613759,1167.319721,0.043043284,0.685221907
11,2025,Riverside,30,16,0,14,190.507,369.1508,2268.610778,840.8323353,659.8922156,318.1556886,109.9520958,4.510190322,0.34436223,0.804213119,2.771670429,1,204174.9701,920867.974,89073.28809,0.096727534,7791.561677,0.038161199,0.939101852
11,2025,Roselawn,30,16,0,14,190.507,369.1508,7375,3604,1483,1030,148,4.510190322,0.249167592,0.709520885,1.98616494,1,663750,2993638.826,276247.8487,0.092278282,21439.6,0.032300716,0.834099883
11,2025,Sayler Park,30,16,0,14,190.507,369.1508,2713,1183,739,439,160,4.510190322,0.22569738,0.859207145,2.297347551,1,244170,1101253.171,82136.053,0.074584169,10901.8,0.044648401,0.978439715
11,2025,Sedamsville,30,16,0,14,190.507,369.1508,715.3892216,196.1676647,256.1077844,77.84431138,56.04790419,4.510190322,0.359126984,0.73035819,3.5,1,64385.02994,290388.7389,21671.95191,0.074630828,2436.838323,0.037847902,0.842836919
11,2025,South Cumminsville,30,16,0,14,190.507,369.1508,902.8170988,323.3861247,392.4540995,357.9201121,0,4.510190322,0.745995423,0.330463302,2.78,1,81253.53889,366468.9247,74213.02138,0.202508361,6514.146041,0.080170613,0.613142277
11,2025,South Fairmount,30,16,0,14,190.507,369.1508,2319,960,667,259,102,4.510190322,0.2375,0.700960253,2.27,1,208710,941321.8221,70138.652,0.074510811,6570.2,0.031480044,0.806951108
11,2025,Spring Grove Village,30,16,0,14,190.507,369.1508,1996,881,469,296,133,4.510190322,0.238365494,0.766607052,2.25,1,179640,810210.5894,64601.39,0.079734073,7807.8,0.043463594,0.889804718
11,2025,Villages at Roll Hill,30,16,0,14,190.507,369.1508,2196,895,1128,574,206,4.510190322,0.612290503,0.404011237,2.45,1,197640,891394.0152,168578.8653,0.189118238,14196,0.071827565,0.66495704
11,2025,Walnut Hills,30,16,0,14,190.507,369.1508,6176,3528,737,354,201,4.510190322,0.306405896,0.802111614,1.741359925,0.69,555840,2506944.189,332543.3457,0.132648883,6969.69,0.012539022,0.947299518
11,2025,West End,30,16,0,14,190.507,369.1508,6929.284974,3429.00148,2061.355292,1159.994078,178,4.510190322,0.452993482,0.699636422,2.046430172,1,623635.6477,2812715.463,477839.6615,0.169885532,24351.49223,0.039047627,0.908569581
11,2025,West Price Hill,30,16,0,14,190.507,369.1508,18669.39287,7441.500965,5187.970243,3128.862443,1039.131704,4.510190322,0.184977762,0.81171887,2.495004634,1,1680245.358,7578226.353,423450.4816,0.055877254,75857.49348,0.045146676,0.912742801
11,2025,Westwood,30,16,0,14,190.507,369.1508,34095.91165,15214.73429,9589.600833,5082.343116,1146.751113,4.510190322,0.210256413,0.819990704,2.250008974,1,3068632.048,13840114.57,984093.1101,0.071104405,113369.515,0.036944643,0.928039752
11,2025,Winton Hills,30,16,0,14,190.507,369.1508,4681,2540,1351,691,121,4.510190322,0.546850394,0.672854039,1.84,1,421290,1900098.081,427292.051,0.224878945,14778.4,0.035078924,0.932811908
12,2019,Avondale,31,16,0,15,120.95,243.47,12570,5516,3724,1951,395,3.17,0.385605511,0.661131539,2.148326173,1,1169010,3705761.7,431550.575,0.116453947,45747,0.039133113,0.816718598
12,2019,Bond Hill,31,16,0,15,120.95,243.47,7174,3182,1642,974,210,3.17,0.166561911,0.861170719,2.209983273,1,667182,2114966.94,107532.5833,0.050843624,23088,0.03460525,0.946619593
12,2019,California,31,16,0,15,120.95,243.47,976,373,197,71,77,3.17,0,0.995655354,2.62,0.13,90768,287734.56,0,0,375.18,0.004133395,0.999788749
12,2019,Camp Washington,31,16,0,15,120.95,243.47,1396,446,230,90,47,3.17,0.311659193,0.850194744,2.36,1,129828,411554.76,28201.94167,0.068525369,2671.5,0.020577225,0.939297338
12,2019,Carthage,31,16,0,15,120.95,243.47,2940,1039,1017,569,245,3.17,0.26852743,0.798250225,2.82,1,273420,866741.4,56606.775,0.065309878,15873,0.058053544,0.921613647
12,2019,Clifton,31,16,0,15,120.95,243.47,8552,4156,1437,824,202,3.17,0.063282002,0.867285366,2.05898971,0.4,795336,2521215.12,53360.50833,0.0211646,8002.8,0.010062162,0.898512128
12,2019,College Hill,31,16,0,15,120.95,243.47,16403,7201,3858,2424,568,3.17,0.147896126,0.848234995,2.259642139,1,1525479,4835768.43,216079.625,0.044683617,58344,0.038246348,0.931164959
12,2019,Columbia Tusculum,31,16,0,15,120.95,243.47,1573,741.3396774,288.7216129,145.6293548,42.11580645,3.17,0,0.985060788,2.12,0.13,146289,463736.13,0,0,475.9339839,0.003253382,0.98831417
12,2019,Corryville,31,16,0,15,120.95,243.47,3984,1863,206,56,28,3.17,0.088030059,0.707081154,2.07188253,1,370512,1174523.04,33274.23333,0.028329996,1638,0.004420909,0.73983206
12,2019,CUF,31,16,0,15,120.95,243.47,16974,5547,607,271,122,3.17,0.07066883,0.757190222,2.238798162,1,1578582,5004104.94,79533.53333,0.015893658,7663.5,0.004854673,0.777938554
12,2019,Downtown,31,16,0,15,120.95,243.47,3857,2785.980015,161.0910437,42.35603257,9.401184308,3.17,0.105997329,0.894340912,1.355066114,1,358701,1137082.17,59915.21572,0.052692072,1009.265729,0.002813669,0.949846653
12,2019,East End,31,16,0,15,120.95,243.47,1601,747,314,157,70,3.17,0.096385542,0.906127111,2.13,1,148893,471990.81,14608.2,0.030950179,4426.5,0.029729403,0.966806693
12,2019,East Price Hill,31,16,0,15,120.95,243.47,13848,5640,3857,2225,513,3.17,0.322695035,0.787443661,2.411106297,1,1287864,4082528.88,369262.8333,0.090449534,53391,0.041457017,0.919350212
12,2019,East Walnut Hills,31,16,0,15,120.95,243.47,3905,2374.665167,354.968509,161.9228792,64.96015424,3.17,0.054825481,0.939804694,1.627011524,1,363165,1151233.05,26414.9042,0.02294488,4424.219152,0.012182394,0.974931968
12,2019,East Westwood,31,16,0,15,120.95,243.47,2503,1090.543121,808.9919768,456.4381182,169.6380157,3.17,0.33312742,0.744960522,2.271434279,1,232779,737909.43,73708.47627,0.099888243,12208.48461,0.052446675,0.89729544
12,2019,English Woods,31,16,0,15,120.95,243.47,474,204.5326969,158.8295943,87.10739857,25.11408115,3.17,0.369469027,0.633179512,2.26,1,44082,139739.94,15332.21819,0.109719656,2188.318854,0.049642005,0.792541173
12,2019,Evanston,31,16,0,15,120.95,243.47,8382,3597.707265,1822.861401,1000.732867,406.494777,3.17,0.188057913,0.833913829,2.158989501,0.36,779526,2471097.42,137271.9,0.055550987,9878.73806,0.01267275,0.902137566
12,2019,Hartwell,31,16,0,15,120.95,243.47,5397,2651,829,241,190,3.17,0.105620521,0.916339072,1.98,1,501921,1591089.57,56809.66667,0.035704883,8404.5,0.016744667,0.968788621
12,2019,Hyde Park,31,16,0,15,120.95,243.47,13291,6703,2567,1591,218,3.17,0.016261376,0.954528694,1.971784666,0.65,1236063,3918319.71,22115.19167,0.00564405,22929.075,0.018550086,0.97872283
12,2019,Kennedy Heights,31,16,0,15,120.95,243.47,5057,2619,865,427,34,3.17,0.107674685,0.909102727,1.92,1,470301,1490854.17,57215.45,0.03837763,8989.5,0.019114354,0.966594711
12,2019,Linwood,31,16,0,15,120.95,243.47,687,268,202,127,39,3.17,0.28358209,0.750871946,2.56,1,63891,202534.47,15419.76667,0.076134036,3237,0.050664413,0.877670395
12,2019,Lower Price Hill,31,16,0,15,120.95,243.47,761,249.3715139,284.9960159,83.37649402,51.54183267,3.17,0.531914894,0.52970774,2.29,1,70773,224350.41,26912.44792,0.119957204,2630.907371,0.037173885,0.686838829
12,2019,Madisonville,31,16,0,15,120.95,243.47,10838,5173,2288,1160,273,3.17,0.108061086,0.874742712,2.131092452,1,1007934,3195150.78,113416.4417,0.035496429,27943.5,0.027723541,0.937962682
12,2019,Millvale,31,16,0,15,120.95,243.47,2150,863.3146461,890.4344779,502.4702172,66.29292221,3.17,0.530541012,0.571131307,2.48,1,199950,633841.5,92929.21747,0.146612706,11090.88122,0.055468273,0.773212286
12,2019,Mt. Adams,31,16,0,15,120.95,243.47,1629,1030,92,46,26,3.17,0,0.971985466,1.58,0.13,151497,480245.49,0,0,182.52,0.001204776,0.973190242
12,2019,Mt. Airy,31,16,0,15,120.95,243.47,8950,3913.515048,2508.398814,1501.777465,430.7405486,3.17,0.277678133,0.769444247,2.274527374,1,832350,2638549.5,220481.8778,0.083561774,37684.10126,0.045274345,0.898280367
12,2019,Mt. Auburn,31,16,0,15,120.95,243.47,4641,2132,961,570,133,3.17,0.166041276,0.844227446,2.01,1,431613,1368213.21,71823.65,0.052494487,13708.5,0.031761092,0.928483024
12,2019,Mt. Lookout,31,16,0,15,120.95,243.47,4996,2118.660323,1233.278387,701.3706452,159.8841935,3.17,0,0.972236101,2.369967974,0.13,464628,1472870.76,0,0,2183.281016,0.004698987,0.976935088
12,2019,Mt. Washington,31,16,0,15,120.95,243.47,12297,5492.241856,3154.57833,1700.554633,391.2559107,3.17,0.160947887,0.892556094,2.225589981,0.45,1143621,3625278.57,179349.076,0.049471805,18355.63752,0.016050455,0.958078355
12,2019,North Avondale - Paddock Hills,31,16,0,15,120.95,243.47,4236,1513.627567,606.17009,288.3442539,103.5450687,3.17,0.20760095,0.852837131,2,1,393948,1248815.16,63754.75415,0.051052194,7641.841793,0.019398098,0.923287423
12,2019,North Fairmount,31,16,0,15,120.95,243.47,1621,699.4673031,543.1704057,297.8926014,85.88591885,3.17,0.369469027,0.633179512,2.26,1,150753,477887.01,52433.59848,0.109719656,7483.681146,0.049642005,0.792541173
12,2019,Northside,31,16,0,15,120.95,243.47,7865,3918,1410,678,239,3.17,0.164369576,0.88677349,2.006624285,1,731445,2318680.65,130662.2333,0.056351975,17881.5,0.024446814,0.967572279
12,2019,Oakley,31,16,0,15,120.95,243.47,12034,6473,1256,478,247,3.17,0.052216901,0.941124033,1.834845438,1,1119162,3547743.54,68577.38333,0.019329859,14137.5,0.012632219,0.973086112
12,2019,Over-the-Rhine,31,16,0,15,120.95,243.47,5200,2498,1076,598,132,3.17,0.325060048,0.812888983,1.860265385,0.65,483600,1533012,164748.0333,0.107466891,9252.75,0.019133065,0.939488939
12,2019,Pendleton,31,16,0,15,120.95,243.47,1083,571,238,111,49,3.17,0.218914186,0.824800105,1.9,1,100719,319279.23,25361.45833,0.079433474,3120,0.030977273,0.935210852
12,2019,Pleasant Ridge,31,16,0,15,120.95,243.47,7182,3534.503299,1409.428841,690.7728558,255.6503299,3.17,0.085550603,0.945230719,2.006922863,1,667926,2117325.42,61350.15652,0.028975308,18455.25212,0.027630684,1.001836711
12,2019,Queensgate,31,16,0,15,120.95,243.47,243,79.62848606,91.00398406,26.62350598,16.45816733,3.17,0.531914894,0.52970774,2.29,1,22599,71638.83,8593.59375,0.119957204,840.0926295,0.037173885,0.686838829
12,2019,Riverside,31,16,0,15,120.95,243.47,1772,929.6467066,299.6766467,135.7784431,49.7005988,3.17,0.179142163,0.85078079,1.920112867,1,164796,522403.32,33789.35948,0.064680599,3616.841317,0.021947385,0.937408774
12,2019,Roselawn,31,16,0,15,120.95,243.47,7627,3442,2060,1154,384,3.17,0.29110982,0.733542471,2.123861282,1,709311,2248515.87,203297.45,0.090414061,29991,0.042281876,0.866238408
12,2019,Sayler Park,31,16,0,15,120.95,243.47,3001,1169,690,395,136,3.17,0.127459367,0.870307156,2.56,1,279093,884724.81,30230.85833,0.034169787,10354.5,0.037100536,0.94157748
12,2019,Sedamsville,31,16,0,15,120.95,243.47,520,218.3532934,118.3233533,64.22155689,25.2994012,3.17,0.386809269,0.783156815,2.26,1,48360,153301.2,17136.44885,0.111782875,1745.658683,0.036097161,0.931036851
12,2019,South Cumminsville,31,16,0,15,120.95,243.47,704,282.6853539,291.5655221,164.5297828,21.70707779,3.17,0.530541012,0.571131307,2.48,1,65472,207546.24,30428.91586,0.146612706,3631.618781,0.055468273,0.773212286
12,2019,South Fairmount,31,16,0,15,120.95,243.47,1981,855,453,211,131,3.17,0.392982456,0.704799795,2.09,1,184233,584018.61,68171.6,0.116728472,6669,0.036198727,0.857726993
12,2019,Spring Grove Village,31,16,0,15,120.95,243.47,2171,862,599,373,70,3.17,0.212296984,0.889740215,2.51,1,201903,640032.51,37129.175,0.058011389,8638.5,0.042785397,0.990537001
12,2019,Villages at Roll Hill,31,16,0,15,120.95,243.47,2348,847,1244,487,48,3.17,0.710743802,0.410982508,2.77,1,218364,692213.88,122140.7833,0.176449486,10432.5,0.047775732,0.635207727
12,2019,Walnut Hills,31,16,0,15,120.95,243.47,6368,3492,1070,513,163,3.17,0.452176403,0.7327332,1.799605842,0.69,592224,1877350.08,320365.9417,0.17064795,9095.58,0.015358344,0.918739494
12,2019,West End,31,16,0,15,120.95,243.47,6695,3532.019985,1595.908956,1087.643967,210.5988157,3.17,0.363444591,0.744639173,1.909876027,1,622635,1973752.95,260450.7259,0.131957105,25315.73427,0.040659029,0.917255307
12,2019,West Price Hill,31,16,0,15,120.95,243.47,18343,7664.524854,5121.964782,2655.326325,847.0986757,3.17,0.237111692,0.852876947,2.387708663,1,1705899,5407699.83,368724.8572,0.068185156,68297.28752,0.04003595,0.961098054
12,2019,Westwood,31,16,0,15,120.95,243.47,32316,14259.45688,8629.008023,4229.561882,1379.361984,3.17,0.223270087,0.84579064,2.254729236,1,3005388,9527079.96,645948.2654,0.067801285,109374.0154,0.036392644,0.949984569
12,2019,Winton Hills,31,16,0,15,120.95,243.47,6008,2268,3018,1748,402,3.17,0.547619048,0.548176713,2.65,1,558744,1771218.48,251991.45,0.142270111,41925,0.075034363,0.765481187
12,2020,Avondale,31,17,0,14,191.79,382.91,12719,5968,3390,1896,515,3.33,0.358746649,0.698973421,1.999154336,1,1182867,3938947.11,683175.2583,0.173441084,43880.2,0.037096478,0.909510983
12,2020,Bond Hill,31,17,0,14,191.79,382.91,7276,3243,1799,1169,149,3.33,0.134443417,0.864866589,2.200033454,1,676668,2253304.44,139123.9667,0.061742197,23987.6,0.035449585,0.962058372
12,2020,California,31,17,0,14,191.79,382.91,930.8790896,329.3826458,241.5704125,113.1493599,52.40967283,3.33,0,0.971241403,2.8,0.13,86571.75533,288283.9453,0,0,391.7126714,0.004524717,0.97576612
12,2020,Camp Washington,31,17,0,14,191.79,382.91,1128,412,112,33,24,3.33,0.191747573,0.893005193,1.9,1,104904,349330.32,25208.24167,0.07216162,1037.4,0.009889041,0.975055854
12,2020,Carthage,31,17,0,14,191.79,382.91,3021,1040,911,537,286,3.33,0.225961538,0.806840928,2.9,1,280953,935573.49,74986.54167,0.080150349,14978.6,0.053313544,0.940304821
12,2020,Clifton,31,17,0,14,191.79,382.91,8476,4118,1379,751,212,3.33,0.050995629,0.875841693,2.075568288,0.4,788268,2624932.44,67009.25,0.02552799,7010.64,0.008893726,0.91026341
12,2020,College Hill,31,17,0,14,191.79,382.91,16199,7263,3660,2115,618,3.33,0.144292992,0.842489456,2.210749863,1,1506507,5016668.31,334408.0667,0.066659393,49740.6,0.033017172,0.942166021
12,2020,Columbia Tusculum,31,17,0,14,191.79,382.91,1533.955374,712.7721151,250.8824927,120.0414576,40.70609982,3.33,0.027389277,0.962334613,2.15,0.13,142657.8497,475050.6397,6229.407449,0.013113144,380.3287209,0.00266602,0.978113777
12,2020,Corryville,31,17,0,14,191.79,382.91,4310,1868,192,75,9,3.33,0.051391863,0.705229009,2.254939759,1,400830,1334763.9,30632.8,0.022949976,1528.8,0.003814086,0.731993071
12,2020,CUF,31,17,0,14,191.79,382.91,16792,5439,516,180,190,3.33,0.05846663,0.775875336,2.201993048,1,1561656,5200314.48,101471.15,0.019512503,6734,0.004312089,0.799699928
12,2020,Downtown,31,17,0,14,191.79,382.91,3914.909697,2723.126573,201.8201332,37.58771281,0,3.33,0.115489662,0.908709516,1.400396681,1,364086.6018,1212408.384,100352.0854,0.082770861,684.0963731,0.001878939,0.993359315
12,2020,East End,31,17,0,14,191.79,382.91,1462,703,201,94,47,3.33,0.086770982,0.935705267,2.06,1,135966,452766.78,19464.59167,0.042990326,2566.2,0.018873836,0.99756943
12,2020,East Price Hill,31,17,0,14,191.79,382.91,14788,6063,4110,2240,563,3.33,0.309252845,0.802082883,2.421629116,1,1375284,4579695.72,598296.875,0.130641185,51014.6,0.037093866,0.969817933
12,2020,East Walnut Hills,31,17,0,14,191.79,382.91,3730.882391,2345.219794,238.0109254,95.55205656,27.90938303,3.33,0.042030472,0.949114357,1.57315749,1,346972.0623,1155416.968,31453.08706,0.027222282,2246.998201,0.006476021,0.98281266
12,2020,East Westwood,31,17,0,14,191.79,382.91,2594.407483,1110.703775,825.609913,480.56864,143.2812563,3.33,0.331502393,0.719523199,2.316640032,1,241279.8959,803462.0533,117489.8577,0.146229504,11354.06811,0.047057663,0.912810367
12,2020,English Woods,31,17,0,14,191.79,382.91,452.0534606,217.202864,136.4305489,76.47350835,21.49403341,3.33,0.252083333,0.721772965,2.03,1,42040.97184,139996.4362,17471.29685,0.124798154,1783.00926,0.042411228,0.888982348
12,2020,Evanston,31,17,0,14,191.79,382.91,8305.282307,3343.437259,1505.62945,782.1793541,288.1667115,3.33,0.14225908,0.880456912,2.1611644,0.36,772391.2545,2572062.878,151770.9445,0.059007478,7012.907422,0.009079475,0.948543866
12,2020,Hartwell,31,17,0,14,191.79,382.91,5213,2384,1046,412,203,3.33,0.117449664,0.913793044,2.12,1,484809,1614413.97,89345.66667,0.055342476,11193,0.023087443,0.992222962
12,2020,Hyde Park,31,17,0,14,191.79,382.91,13423,6632,2497,1401,325,3.33,0.012665862,0.953415044,2.009787826,0.65,1248339,4156968.87,26803.7,0.006447895,20418.58,0.016356599,0.976219537
12,2020,Kennedy Heights,31,17,0,14,191.79,382.91,5020,2564,821,456,28,3.33,0.097113885,0.910703138,1.95,1,466860,1554643.8,79453.825,0.051107414,8808.8,0.018868183,0.980678736
12,2020,Linwood,31,17,0,14,191.79,382.91,669.9474518,311.2997095,109.5716926,52.42751518,17.77818854,3.33,0.027389277,0.962334613,2.15,1,62305.11302,207476.0264,2720.663012,0.013113144,1277.743808,0.020507848,0.995955605
12,2020,Lower Price Hill,31,17,0,14,191.79,382.91,858.0199203,279.690239,281.9641434,89.44023904,42.44621514,3.33,0.482384824,0.59529547,2.3,1,79795.85259,265720.1891,43051.31373,0.162017474,2400.333466,0.03008093,0.787393874
12,2020,Madisonville,31,17,0,14,191.79,382.91,10708.11111,5353.468575,1880.752525,960.5347924,350.6116723,3.33,0.083063405,0.887632225,2.036783539,1,995854.3333,3316194.93,141892.83,0.042787844,23862.86566,0.023962205,0.954382274
12,2020,Millvale,31,17,0,14,191.79,382.91,2172.59986,849.0014015,897.9677645,539.3833217,57.25297828,3.33,0.573203194,0.545278332,2.55,1,202051.787,672832.4506,155286.0602,0.230794546,10858.78066,0.053742562,0.82981544
12,2020,Mt. Adams,31,17,0,14,191.79,382.91,1617,975,115,69,28,3.33,0,0.968495181,1.66,0.13,150381,500768.73,0,0,229.502,0.001526137,0.970021318
12,2020,Mt. Airy,31,17,0,14,191.79,382.91,8806.992291,3766.476649,2421.760119,1321.154633,452.6658265,3.33,0.231938543,0.771281074,2.33455419,1,819050.283,2727437.442,278755.6415,0.102204229,32283.53236,0.039415812,0.912901115
12,2020,Mt. Auburn,31,17,0,14,191.79,382.91,4632,2374,708,325,162,3.33,0.136478517,0.876137822,1.804115492,1,430776,1434484.08,103385.7,0.072071696,8863.4,0.020575427,0.968784944
12,2020,Mt. Lookout,31,17,0,14,191.79,382.91,4936.097175,2131.928175,1133.545815,635.5310272,151.5157116,3.33,0.00888933,0.969493974,2.316645316,0.13,459057.0372,1528659.934,6047.237873,0.003955908,1862.152584,0.004056473,0.977506355
12,2020,Mt. Washington,31,17,0,14,191.79,382.91,12196.83526,5429.929707,3033.712291,1576.369099,438.2196687,3.33,0.151879582,0.908039547,2.222381882,0.45,1134305.679,3777237.912,263153.4466,0.069668221,16499.48201,0.014545887,0.992253655
12,2020,North Avondale - Paddock Hills,31,17,0,14,191.79,382.91,4209.835302,1701.342946,614.3596247,356.2685893,47.92390549,3.33,0.193256155,0.872082623,2.078163362,1,391514.6831,1303743.895,104915.7434,0.080472663,7356.303405,0.018789342,0.971344628
12,2020,North Fairmount,31,17,0,14,191.79,382.91,1545.946539,742.797136,466.5694511,261.5264916,73.50596659,3.33,0.252083333,0.721772965,2.03,1,143773.0282,478764.1838,59748.88648,0.124798154,6097.59074,0.042411228,0.888982348
12,2020,Northside,31,17,0,14,191.79,382.91,7789,3910,1374,665,222,3.33,0.135805627,0.900782894,1.987628735,1,724377,2412175.41,169437.675,0.070242684,16143.4,0.022285909,0.993311487
12,2020,Oakley,31,17,0,14,191.79,382.91,11666.88889,6491.531425,1354.247475,449.4652076,337.3883277,3.33,0.035326436,0.95188309,1.773530829,1,1085020.667,3613118.82,73174.95334,0.020252573,14320.73434,0.013198582,0.985334246
12,2020,Over-the-Rhine,31,17,0,14,191.79,382.91,5407,2800,872,458,96,3.33,0.251071429,0.865757332,1.735303846,0.65,502851,1674493.83,224321.4417,0.133963731,6553.82,0.013033324,1.012754388
12,2020,Pendleton,31,17,0,14,191.79,382.91,980,476,218,92,44,3.33,0.149159664,0.880294889,2.06,1,91140,303496.2,22655.50833,0.074648409,2475.2,0.027158218,0.982101516
12,2020,Pleasant Ridge,31,17,0,14,191.79,382.91,7044.73327,3555.784166,1513.62394,880.9359095,225.2940622,3.33,0.11101451,0.916917317,1.939781398,1,655160.1942,2181683.447,125959.4054,0.057734959,20133.38549,0.030730477,1.005382754
12,2020,Queensgate,31,17,0,14,191.79,382.91,273.9800797,89.30976096,90.03585657,28.55976096,13.55378486,3.33,0.482384824,0.59529547,2.3,1,25480.14741,84848.89088,13747.00294,0.162017474,766.4665339,0.03008093,0.787393874
12,2020,Riverside,31,17,0,14,191.79,382.91,1794.736527,917.6646707,227.8023952,131.2814371,36.76047904,3.33,0.14330832,0.87063014,1.913544018,1,166910.497,555811.955,41963.42026,0.075499312,3058.362874,0.01832337,0.964452823
12,2020,Roselawn,31,17,0,14,191.79,382.91,8119,3692,1820,1000,359,3.33,0.263001083,0.731864272,2.113471876,1,755067,2514373.11,309838.0083,0.123226743,24733.8,0.032757093,0.887848107
12,2020,Sayler Park,31,17,0,14,191.79,382.91,2993,1193,668,393,164,3.33,0.158424141,0.874458463,2.510073309,1,278349,926902.17,60308.325,0.065064391,10137.4,0.036419746,0.9759426
12,2020,Sedamsville,31,17,0,14,191.79,382.91,568.2634731,262.3353293,101.1976048,60.71856287,20.23952096,3.33,0.207715134,0.865068649,2.07,1,52848.50299,175985.515,17387.62974,0.098801482,1473.437126,0.027880395,0.991750526
12,2020,South Cumminsville,31,17,0,14,191.79,382.91,711.4001402,277.9985985,294.0322355,176.6166783,18.74702172,3.33,0.573203194,0.545278332,2.55,1,66160.21303,220313.5094,50847.15646,0.230794546,3555.619341,0.053742562,0.82981544
12,2020,South Fairmount,31,17,0,14,191.79,382.91,1843,853,423,199,54,3.33,0.296600234,0.745799126,1.94,1,171399,570758.67,80730.19167,0.141443654,4604.6,0.026864801,0.91410758
12,2020,Spring Grove Village,31,17,0,14,191.79,382.91,2239,889,645,434,64,3.33,0.282339708,0.824591244,2.51,1,208227,693395.91,80092.00833,0.115506895,9063.6,0.043527496,0.983625635
12,2020,Villages at Roll Hill,31,17,0,14,191.79,382.91,2382,844,1266,581,40,3.33,0.699052133,0.414767959,2.82,1,221526,737681.58,188264.0833,0.255210498,11302.2,0.051019745,0.720998202
12,2020,Walnut Hills,31,17,0,14,191.79,382.91,6382,3777,808,386,125,3.33,0.36457506,0.800911924,1.688450063,0.69,593526,1976441.58,439389.225,0.222313287,6417.138,0.01081189,1.034037101
12,2020,West End,31,17,0,14,191.79,382.91,7714.090303,3427.873427,2694.179867,1503.412287,292,3.33,0.479453827,0.679860872,2.280349515,1,717410.3982,2388976.626,524429.398,0.219520523,32676.50363,0.045547853,0.944929248
12,2020,West Price Hill,31,17,0,14,191.79,382.91,17977.5585,7434.568795,5158.830696,2798.855275,984.6436493,3.33,0.241029518,0.843703751,2.41101074,1,1671912.941,5567470.093,571796.4819,0.102703108,68859.68042,0.041186164,0.987593023
12,2020,Westwood,31,17,0,14,191.79,382.91,32214.59252,14285.29622,8935.390087,4066.43136,1436.718744,3.33,0.197181703,0.852091822,2.25775622,1,2995957.104,9976537.157,898817.1007,0.090093094,100157.3319,0.03343083,0.975615746
12,2020,Winton Hills,31,17,0,14,191.79,382.91,6204,2646,2954,1360,331,3.33,0.555933485,0.611866919,2.34,1,576972,1921316.76,469383.8417,0.244303205,30776.2,0.05334089,0.909511014
12,2021,Avondale,31,18,0,13,246.34,485.5,13427,5961,3578,1817,782,3.67,0.336017447,0.678530718,2.129065235,1,1248711,4582769.37,810380.4167,0.176832031,43923.1,0.035174752,0.890537501
12,2021,Bond Hill,31,18,0,13,246.34,485.5,7640,3312,1924,1160,158,3.67,0.125,0.873251239,2.280066908,1,710520,2607608.4,167497.5,0.064234147,22274.2,0.031349153,0.968834539
12,2021,California,31,18,0,13,246.34,485.5,930.8790896,333.8947368,238.0995733,113.4964438,53.10384068,3.67,0,0.974532007,2.77,0.13,86571.75533,317718.3421,0,0,366.020825,0.004227947,0.978759955
12,2021,Camp Washington,31,18,0,13,246.34,485.5,1190,461,124,39,34,3.67,0.21691974,0.894907014,1.87,1,110670,406158.9,40458.33333,0.099612081,1233.7,0.011147556,1.005666651
12,2021,Carthage,31,18,0,13,246.34,485.5,2889,1107,899,566,206,3.67,0.274616079,0.817363415,2.6,1,268677,986044.59,122993.3333,0.124734048,13046.8,0.048559423,0.990656886
12,2021,Clifton,31,18,0,13,246.34,485.5,8544,4182,1386,828,171,3.67,0.055475849,0.869871483,2.043306829,0.4,794592,2916152.64,93863.33333,0.032187387,6753.24,0.008499003,0.910557873
12,2021,College Hill,31,18,0,13,246.34,485.5,17085,7353,3947,2269,700,3.67,0.15871073,0.812452927,2.296748156,1,1588905,5831281.35,472148.75,0.080968268,50176.1,0.031579043,0.925000238
12,2021,Columbia Tusculum,31,18,0,13,246.34,485.5,1546.001056,742.6786374,243.4058622,126.2719831,30.32189068,3.67,0.035234899,0.96879115,2.08,0.13,143778.0982,527665.6205,10587.22043,0.02006426,344.0367407,0.002392831,0.991248242
12,2021,Corryville,31,18,0,13,246.34,485.5,4438,1936,161,85,5,3.67,0.048553719,0.710637046,2.253644578,1,412734,1514733.78,38030.83333,0.025107272,1521,0.003685182,0.739429501
12,2021,CUF,31,18,0,13,246.34,485.5,17351,5533,603,326,155,3.67,0.053677932,0.777781785,2.291218334,1,1613643,5922069.81,120161.25,0.020290414,8128.9,0.005037607,0.803109806
12,2021,Downtown,31,18,0,13,246.34,485.5,4608.323464,3019.737232,182.9837158,34.24870466,0,3.67,0.108420912,0.920791648,1.445595022,1,428574.0822,1572866.882,132461.6614,0.084216702,578.8031088,0.001350532,1.006358882
12,2021,East End,31,18,0,13,246.34,485.5,1497,707,222,117,41,3.67,0.111739745,0.96313056,2.09,1,139221,510941.07,31962.08333,0.062555322,2670.2,0.019179578,1.04486546
12,2021,East Price Hill,31,18,0,13,246.34,485.5,15139,6027,4271,2175,643,3.67,0.296996848,0.752217016,2.480657857,1,1407927,5167092.09,724204.1667,0.140157008,47624.2,0.033825759,0.926199783
12,2021,East Walnut Hills,31,18,0,13,246.34,485.5,3830.861183,2460.753213,256.2429306,125.5520566,25.67737789,3.67,0.026929441,0.946580765,1.542606914,1,356270.09,1307511.23,26810.40622,0.020504915,2555.777442,0.007173708,0.974259387
12,2021,East Westwood,31,18,0,13,246.34,485.5,2454.68656,1098.389607,811.9877463,519.3576096,102.613651,3.67,0.373575999,0.726996982,2.224302837,1,228285.8501,837809.0698,166013.4863,0.198151933,10511.3143,0.046044528,0.971193443
12,2021,English Woods,31,18,0,13,246.34,485.5,488.2539379,230.778043,135.073031,67.19713604,23.30405728,3.67,0.221568627,0.728074357,2.07,1,45407.61623,166645.9516,20687.63007,0.12414121,1529.470167,0.03368312,0.885898687
12,2021,Evanston,31,18,0,13,246.34,485.5,8672.297261,3470.777016,1628.718848,822.756491,335.9758535,3.67,0.14073521,0.866051248,2.181702458,0.36,806523.6453,2959941.778,197622.9901,0.066765837,7049.727584,0.008740881,0.941557966
12,2021,Hartwell,31,18,0,13,246.34,485.5,5084,2421,960,407,270,3.67,0.090458488,0.922572537,2.03,1,472812,1735220.04,88603.75,0.051061968,11441.3,0.024198413,0.997832917
12,2021,Hyde Park,31,18,0,13,246.34,485.5,14090,6696,2678,1434,361,3.67,0.009109916,0.950683326,2.093173576,0.65,1310370,4809057.9,24679.58333,0.005131896,19718.075,0.015047716,0.970862937
12,2021,Kennedy Heights,31,18,0,13,246.34,485.5,5042,2478,890,418,40,3.67,0.086763519,0.863439283,2.02,1,468906,1720885.02,86985.41667,0.050546908,7740.2,0.016506933,0.930493124
12,2021,Linwood,31,18,0,13,246.34,485.5,675.2083443,324.3612358,106.3063111,55.14866649,13.24293636,3.67,0.035234899,0.96879115,2.08,1,62794.37602,230455.36,4623.916359,0.02006426,1155.818088,0.018406395,1.007261806
12,2021,Lower Price Hill,31,18,0,13,246.34,485.5,857.2619522,274.3844622,282.7221116,110.6633466,18.94920319,3.67,0.497237569,0.566005899,2.41,1,79725.36155,292592.0769,55199.02888,0.188655241,2190.452092,0.027474972,0.782136113
12,2021,Madisonville,31,18,0,13,246.34,485.5,10328.1431,5116.823232,1645.746914,776.157688,339.3602694,3.67,0.089933637,0.863930384,2.048913084,1,960517.3081,3525098.521,186178.9424,0.052815245,18852.25348,0.019627188,0.936372816
12,2021,Millvale,31,18,0,13,246.34,485.5,2390.311843,890.4344779,964.2606868,522.8100911,59.51296426,3.67,0.611675127,0.483970406,2.67,1,222299.0014,815837.3351,220358.9918,0.270101627,9841.259636,0.044270373,0.798342406
12,2021,Mt. Adams,31,18,0,13,246.34,485.5,1611,940,134,89,31,3.67,0,0.947803977,1.71,0.13,149823,549850.41,0,0,263.64,0.001759676,0.949563653
12,2021,Mt. Airy,31,18,0,13,246.34,485.5,8782.733284,3929.412157,2344.556412,1316.05278,373.766642,3.67,0.226574217,0.744310778,2.229856983,1,816794.1954,2997634.697,360201.9513,0.120162057,28557.94823,0.034963456,0.899436291
12,2021,Mt. Auburn,31,18,0,13,246.34,485.5,4811,2573,712,390,151,3.67,0.158958414,0.860787614,1.750066796,1,447423,1642042.41,165474.5833,0.100773636,9142.9,0.020434578,0.981995827
12,2021,Mt. Lookout,31,18,0,13,246.34,485.5,5051.790599,2169.960127,1191.287827,626.5793504,164.435173,3.67,0.011706647,0.969539695,2.336911529,0.13,469816.5257,1724226.649,10277.61322,0.005960709,1737.858908,0.003699016,0.97919942
12,2021,Mt. Washington,31,18,0,13,246.34,485.5,12483.0966,5465.23091,3053.730015,1620.465724,681.9047985,3.67,0.130170228,0.909940127,2.261685777,0.45,1160927.984,4260605.702,287824.7721,0.067554895,17509.52782,0.015082355,0.992577377
12,2021,North Avondale - Paddock Hills,31,18,0,13,246.34,485.5,4352.841557,1743.469771,617.038221,334.6914524,117.3467686,3.67,0.155593612,0.880778935,2.099291785,1,404814.2648,1485668.352,109752.437,0.073874117,7639.445935,0.018871484,0.973524535
12,2021,North Fairmount,31,18,0,13,246.34,485.5,1669.746062,789.221957,461.926969,229.802864,79.69594272,3.67,0.221568627,0.728074357,2.07,1,155286.3838,569901.0284,70748.20326,0.12414121,5230.529833,0.03368312,0.885898687
12,2021,Northside,31,18,0,13,246.34,485.5,7965,4049,1390,654,270,3.67,0.097061003,0.896129559,1.963954228,1,740745,2718534.15,159001.25,0.058487862,15615.6,0.021080939,0.97569836
12,2021,Oakley,31,18,0,13,246.34,485.5,11310.8569,6355.176768,1271.253086,532.842312,163.6397306,3.67,0.033488522,0.946221026,1.75428702,1,1051909.692,3860508.569,86105.6409,0.022304222,11770.54652,0.011189693,0.979714941
12,2021,Over-the-Rhine,31,18,0,13,246.34,485.5,5712,2976,893,456,143,3.67,0.228158602,0.865310959,1.766196154,0.65,531216,1949562.72,274712.0833,0.14090959,6580.015,0.012386703,1.018607252
12,2021,Pendleton,31,18,0,13,246.34,485.5,1018,509,223,116,30,3.67,0.106090373,0.892919279,2,1,94674,347453.58,21847.5,0.062878903,2467.4,0.026062066,0.981860247
12,2021,Pleasant Ridge,31,18,0,13,246.34,485.5,7326.252592,3596.025448,1421.01131,749.3854854,189.8831291,3.67,0.111246761,0.906729328,2.000969089,1,681341.491,2500523.272,161852.0181,0.064727259,15873.63959,0.023297627,0.994754214
12,2021,Queensgate,31,18,0,13,246.34,485.5,273.7380478,87.61553785,90.27788845,35.33665339,6.050796813,3.67,0.497237569,0.566005899,2.41,1,25457.63845,93429.5331,17625.97112,0.188655241,699.4479084,0.027474972,0.782136113
12,2021,Riverside,31,18,0,13,246.34,485.5,1612.790419,737.7125749,260.4850299,139.6047904,32.31736527,3.67,0.210060228,0.823390031,2.149051919,1,149989.509,550461.498,62695.88074,0.113896941,2905.484431,0.019371251,0.956658223
12,2021,Roselawn,31,18,0,13,246.34,485.5,7056,3035,1647,887,249,3.67,0.228336079,0.749102912,2.200778812,1,656208,2408283.36,280376.25,0.11642162,19198.4,0.029256577,0.894781109
12,2021,Sayler Park,31,18,0,13,246.34,485.5,3122,1287,721,462,133,3.67,0.172494172,0.836237043,2.427624125,1,290346,1065569.82,89817.5,0.084290582,10055.5,0.034632817,0.955160443
12,2021,Sedamsville,31,18,0,13,246.34,485.5,570.2095808,206.2874251,147.5149701,72.39520958,18.68263473,3.67,0.203773585,0.785877964,2.64,1,53029.49102,194618.232,17007.03593,0.087386653,1539.215569,0.029025652,0.90229027
12,2021,South Cumminsville,31,18,0,13,246.34,485.5,782.688157,291.5655221,315.7393132,171.1899089,19.48703574,3.67,0.611675127,0.483970406,2.67,1,72789.9986,267139.2949,72154.75823,0.270101627,3222.440364,0.044270373,0.798342406
12,2021,South Fairmount,31,18,0,13,246.34,485.5,1948,879,467,238,64,3.67,0.360637088,0.72152678,2.02,1,181164,664871.88,128252.9167,0.192898693,5103.8,0.028172264,0.942597736
12,2021,Spring Grove Village,31,18,0,13,246.34,485.5,2167,885,569,353,63,3.67,0.246327684,0.829347783,2.44,1,201531,739618.77,88199.16667,0.119249498,7030.4,0.034884956,0.983482236
12,2021,Villages at Roll Hill,31,18,0,13,246.34,485.5,2556,861,1464,770,35,3.67,0.766550523,0.394923892,2.97,1,237708,872388.36,267025,0.30608501,13604.5,0.057231982,0.758240884
12,2021,Walnut Hills,31,18,0,13,246.34,485.5,6121,3661,769,356,74,3.67,0.356186834,0.781163163,1.662482726,0.69,569253,2089158.51,527576.6667,0.252530703,5014.23,0.008808438,1.042502304
12,2021,West End,31,18,0,13,246.34,485.5,8108.676536,3560.262768,2883.016284,1662.751295,282,3.67,0.4933898,0.676673033,2.308115011,1,754106.9178,2767572.388,710690.0052,0.25679184,32866.29689,0.043583073,0.977047945
12,2021,West Price Hill,31,18,0,13,246.34,485.5,19033.09943,7620.713062,5323.327424,2962.558573,1141.668963,3.67,0.227960123,0.832467257,2.488727035,1,1770078.247,6496187.167,702849.7284,0.108194193,69361.44536,0.039185525,0.979846975
12,2021,Westwood,31,18,0,13,246.34,485.5,33395.31344,14676.61039,9045.012254,4450.64239,1192.386349,3.67,0.209562557,0.822624938,2.291599517,1,3105764.15,11398154.43,1244364.014,0.109172412,95367.1857,0.030706513,0.962503863
12,2021,Winton Hills,31,18,0,13,246.34,485.5,6294,2662,3029,1366,361,3.67,0.51014275,0.569889451,2.36,1,585342,2148205.14,549424.1667,0.255759637,29186.3,0.049861961,0.875511049
12,2022,Avondale,31,19,0,12,215.47,420.83,12792,5700,3094,1540,797,4.1,0.34877193,0.690980596,2.096732697,1,1189656,4877589.6,697175.0333,0.142934337,36457.2,0.030645161,0.864560094
12,2022,Bond Hill,31,19,0,12,215.47,420.83,7287,3139,1780,1167,192,4.1,0.153552087,0.86942799,2.290075272,1,677691,2778533.1,169033.3833,0.060835476,21200.4,0.031283284,0.96154675
12,2022,California,31,19,0,12,215.47,420.83,929.4907539,341.8776671,256.1479374,125.2972973,57.61593172,4.1,0.023350254,0.969585022,2.71,0.13,86442.64011,354414.8245,2799.547131,0.007899069,370.9480284,0.004291262,0.981775353
12,2022,Camp Washington,31,19,0,12,215.47,420.83,1151,479,106,59,17,4.1,0.219206681,0.888968813,1.78,1,107043,438876.3,36822.625,0.083902059,1185.6,0.011075923,0.983946794
12,2022,Carthage,31,19,0,12,215.47,420.83,2759,1055,821,527,173,4.1,0.232227488,0.783555874,2.61,1,256587,1052006.7,85919.45833,0.081671969,10920,0.042558664,0.907786507
12,2022,Clifton,31,19,0,12,215.47,420.83,8311,4192,1066,556,124,4.1,0.070849237,0.872889824,1.977352666,0.4,772923,3168984.3,104155.425,0.032867132,4243.2,0.005489809,0.911246765
12,2022,College Hill,31,19,0,12,215.47,420.83,16578,7214,3674,1973,744,4.1,0.174383144,0.81169804,2.262897641,1,1541754,6321191.4,441170.1167,0.069792241,42385.2,0.027491545,0.908981827
12,2022,Columbia Tusculum,31,19,0,12,215.47,420.83,1527.30948,742.2632691,232.6062847,103.0113546,34.47557433,4.1,0.040850588,0.969597306,2.05,0.13,142039.7816,582363.1046,10633.63438,0.018259458,278.8234919,0.001962996,0.989819759
12,2022,Corryville,31,19,0,12,215.47,420.83,4593,1944,313,99,2,4.1,0.036522634,0.654416473,2.308411145,1,427149,1751310.9,24899.10833,0.014217412,1575.6,0.003688643,0.672322528
12,2022,CUF,31,19,0,12,215.47,420.83,17703,5839,590,332,135,4.1,0.047097106,0.778482266,2.260336397,1,1646379,6750153.9,96440.20833,0.014287113,7285.2,0.004424984,0.797194362
12,2022,Downtown,31,19,0,12,215.47,420.83,5257.262028,3281.935603,263.9726129,50.43523316,0,4.1,0.057514217,0.93358807,1.474933886,1,488925.3686,2004594.011,66195.84256,0.033022069,786.7896373,0.001609222,0.968219361
12,2022,East End,31,19,0,12,215.47,420.83,1430,707,161,88,24,4.1,0.101838755,0.944726758,2,1,132990,545259,25249.8,0.046307901,1747.2,0.01313783,1.004172489
12,2022,East Price Hill,31,19,0,12,215.47,420.83,15908,6082,5021,2667,762,4.1,0.29118711,0.723129086,2.611281774,1,1479444,6065720.4,621074.9417,0.102390961,53492.4,0.036157097,0.861677144
12,2022,East Walnut Hills,31,19,0,12,215.47,420.83,4012.088046,2493.270566,399.2056555,215.1201799,60.33868895,4.1,0.035380584,0.913265016,1.603667093,1,373124.1883,1529809.172,30935.69291,0.020221929,4297.158355,0.011516697,0.945003643
12,2022,East Westwood,31,19,0,12,215.47,420.83,2434.307438,1059.651077,735.5904287,462.9622519,116.2436471,4.1,0.373495044,0.696477431,2.276188574,1,226390.5917,928201.426,138794.7927,0.149530898,9035.612024,0.039911606,0.885919934
12,2022,English Woods,31,19,0,12,215.47,420.83,489.8377088,235.3031026,125.1178998,51.58568019,21.94653938,4.1,0.273076923,0.710655115,2.05,1,45554.90692,186775.1184,22533.99017,0.120647709,1147.102625,0.02518066,0.856483484
12,2022,Evanston,31,19,0,12,215.47,420.83,8354.011328,3434.786071,1417.954873,731.6112308,313.4879268,4.1,0.112565559,0.869583815,2.133520639,0.36,776923.0535,3185384.519,135590.9396,0.042566585,5869.276869,0.007554515,0.919704915
12,2022,Hartwell,31,19,0,12,215.47,420.83,5237,2448,965,379,237,4.1,0.100081699,0.917389358,2.04,1,487041,1996868.1,85919.45833,0.043027107,9609.6,0.019730577,0.980147042
12,2022,Hyde Park,31,19,0,12,215.47,420.83,13530,6580,2465,1297,355,4.1,0.013981763,0.94137498,2.039088857,0.65,1258290,5158989,32263.63333,0.006253867,16751.28,0.013312734,0.960941581
12,2022,Kennedy Heights,31,19,0,12,215.47,420.83,4714,2372,795,352,69,4.1,0.1306914,0.828223603,1.98,1,438402,1797448.2,108714.4167,0.060482642,6567.6,0.014980771,0.903687016
12,2022,Linwood,31,19,0,12,215.47,420.83,667.0448904,324.1798257,101.5896488,44.98970161,15.05703723,4.1,0.040850588,0.969597306,2.05,1,62035.17481,254344.2167,4644.187424,0.018259458,936.729126,0.015099968,1.002956731
12,2022,Lower Price Hill,31,19,0,12,215.47,420.83,877.7270916,288.0278884,288.0278884,91.71414343,47.75199203,4.1,0.621052632,0.517487295,2.37,1,81628.61952,334677.34,62731.89299,0.187439917,2175.671713,0.026653295,0.731580508
12,2022,Madisonville,31,19,0,12,215.47,420.83,10685.46577,5292.751964,1716.369809,732.0976431,342.6060606,4.1,0.099709447,0.845874785,2.041209633,1,993748.3165,4074368.098,185073.0992,0.045423755,16765.37778,0.016870849,0.908169389
12,2022,Millvale,31,19,0,12,215.47,420.83,2341.34548,890.4344779,1023.773651,662.1758935,74.57953749,4.1,0.602368866,0.476951667,2.62,1,217745.1296,892755.0315,188100.4917,0.210696647,11493.38472,0.052783659,0.740431973
12,2022,Mt. Adams,31,19,0,12,215.47,420.83,1643,977,114,80,16,4.1,0,0.941869806,1.68,0.13,152799,626475.9,0,0,194.688,0.001274144,0.94314395
12,2022,Mt. Airy,31,19,0,12,215.47,420.83,8913.806968,3893.991994,2475.059451,1374.247739,386.149444,4.1,0.250267048,0.711869148,2.277665922,1,828984.048,3398834.597,341762.3133,0.100552793,27462.19606,0.033127533,0.845549474
12,2022,Mt. Auburn,31,19,0,12,215.47,420.83,4705,2583,603,416,113,4.1,0.14324429,0.838284446,1.705475113,1,437565,1794016.5,129755.9167,0.072327048,8252.4,0.018859827,0.92947132
12,2022,Mt. Lookout,31,19,0,12,215.47,420.83,5009.64563,2186.556905,1170.804067,611.9989438,164.4673884,4.1,0.013461883,0.972702418,2.299967974,0.13,465897.0436,1910177.879,10322.66986,0.005404036,1574.673722,0.003379875,0.981486329
12,2022,Mt. Washington,31,19,0,12,215.47,420.83,12436.34362,5527.69696,3001.501673,1566.027132,764.2803732,4.1,0.114884969,0.901115514,2.223608197,0.45,1156579.957,4741977.823,222706.4955,0.046964896,16358.75869,0.014144079,0.962224489
12,2022,North Avondale - Paddock Hills,31,19,0,12,215.47,420.83,4240.900625,1687.943363,666.8394719,393.2685893,104.1733843,4.1,0.179003648,0.874775752,2.117322946,1,394403.7582,1617055.408,105960.7925,0.065527002,7760.094788,0.019675509,0.959978263
12,2022,North Fairmount,31,19,0,12,215.47,420.83,1675.162291,804.6968974,427.8821002,176.4143198,75.05346062,4.1,0.273076923,0.710655115,2.05,1,155790.0931,638739.3816,77062.44317,0.120647709,3922.897375,0.02518066,0.856483484
12,2022,Northside,31,19,0,12,215.47,420.83,8200,4053,1354,559,240,4.1,0.098198865,0.899673792,2.025715194,1,762600,3126660,139575.2833,0.044640378,12464.4,0.016344611,0.96065878
12,2022,Oakley,31,19,0,12,215.47,420.83,11265.53423,6513.248036,1219.630191,484.9023569,118.3939394,4.1,0.019999642,0.943024935,1.708637195,1,1047694.684,4295548.202,45682.01751,0.010634735,9411.422222,0.008982982,0.962642652
12,2022,Over-the-Rhine,31,19,0,12,215.47,420.83,5657,3047,795,406,143,4.1,0.208729898,0.875445421,1.708942308,0.65,526101,2157014.1,223039.9,0.103402152,5566.86,0.010581352,0.989428926
12,2022,Pendleton,31,19,0,12,215.47,420.83,1134,550,251,145,40,4.1,0.125454545,0.900215501,2.06,1,105462,432394.2,24197.725,0.055962187,2886,0.027365307,0.983542995
12,2022,Pleasant Ridge,31,19,0,12,215.47,420.83,7184.554194,3642.132893,1438.686145,853.2770971,149.8831291,4.1,0.135636621,0.887994463,1.938428014,1,668163.5401,2739470.514,173243.997,0.063239957,15649.29953,0.023421361,0.974655781
12,2022,Queensgate,31,19,0,12,215.47,420.83,280.2729084,91.97211155,91.97211155,29.28585657,15.24800797,4.1,0.621052632,0.517487295,2.37,1,26065.38048,106868.06,20031.34034,0.187439917,694.7282869,0.026653295,0.731580508
12,2022,Riverside,31,19,0,12,215.47,420.83,2008.023952,826.0538922,418.1976048,213.6107784,33.59281437,4.1,0.19557669,0.824574948,2.420248307,1,186746.2275,765659.5329,56656.65369,0.07399719,3856.376048,0.020650356,0.919222494
12,2022,Roselawn,31,19,0,12,215.47,420.83,7692,3558,1970,1287,248,4.1,0.24480045,0.708884333,2.11616494,1,715356,2932959.6,305452.4417,0.104144783,23946,0.033474242,0.846503358
12,2022,Sayler Park,31,19,0,12,215.47,420.83,2902,1186,710,402,133,4.1,0.15851602,0.861450757,2.442799067,1,269886,1106532.6,65930.03333,0.059582549,8346,0.030924168,0.951957474
12,2022,Sedamsville,31,19,0,12,215.47,420.83,556.9760479,196.9461078,158.8023952,65.38922156,21.40718563,4.1,0.322134387,0.747090832,2.69,1,51798.77246,212374.9671,22248.97131,0.104762683,1354.023952,0.026140078,0.877993593
12,2022,South Cumminsville,31,19,0,12,215.47,420.83,766.65452,291.5655221,335.226349,216.8241065,24.42046251,4.1,0.602368866,0.476951667,2.62,1,71298.87036,292325.3685,61591.97496,0.210696647,3763.415277,0.052783659,0.740431973
12,2022,South Fairmount,31,19,0,12,215.47,420.83,1926,888,474,242,77,4.1,0.30518018,0.712572081,1.98,1,179118,734383.8,95037.44167,0.129411136,4976.4,0.027782802,0.86976602
12,2022,Spring Grove Village,31,19,0,12,215.47,420.83,2220,922,515,362,65,4.1,0.245119306,0.782147981,2.4,1,206460,846486,79256.31667,0.093629802,6661.2,0.032263877,0.90804166
12,2022,Villages at Roll Hill,31,19,0,12,215.47,420.83,2503,864,1444,819,77,4.1,0.706018519,0.369700104,2.9,1,232779,954393.9,213921.9167,0.224144262,13977.6,0.060046654,0.65389102
12,2022,Walnut Hills,31,19,0,12,215.47,420.83,6431,3677,860,364,186,4.1,0.342398695,0.782790116,1.751691269,0.69,598083,2452140.3,441520.8083,0.18005528,5920.2,0.009898626,0.972744022
12,2022,West End,31,19,0,12,215.47,420.83,7764.737972,3603.064397,2293.027387,1263.564767,234,4.1,0.464949237,0.690893072,2.177132188,1,722120.6314,2960694.589,587493.4241,0.198430945,23362.01036,0.03235195,0.921675966
12,2022,West Price Hill,31,19,0,12,215.47,420.83,18961.63553,7517.694487,5411.251034,3232.174391,1144.64663,4.1,0.196647414,0.81024671,2.514935943,1,1763432.104,7230071.627,518439.8272,0.071706043,68278.40791,0.038719046,0.920671798
12,2022,Westwood,31,19,0,12,215.47,420.83,32780.69256,14571.34892,8579.409571,3879.037748,1322.756353,4.1,0.218389223,0.819417792,2.263472583,1,3048604.408,12499278.07,1115979.991,0.089283556,81147.98798,0.026618077,0.935319425
12,2022,Winton Hills,31,19,0,12,215.47,420.83,6741,2746,3304,1617,595,4.1,0.494901675,0.542016339,2.45,1,626913,2570343.3,476589.975,0.185418802,34507.2,0.055043044,0.782478185
12,2023,Avondale,31,20,0,11,193.17,373.9,12825,5866,3070,1560,841,4.2845,0.423968633,0.688056323,2.051463803,1,1192725,5110230.263,774907.75,0.151638519,34334.3,0.028786434,0.868481276
12,2023,Bond Hill,31,20,0,11,193.17,373.9,6723,3165,1495,1154,129,4.2845,0.165876777,0.861707486,2.105112908,1,625239,2678836.496,163581.25,0.061064291,18346.9,0.029343819,0.952115595
12,2023,California,31,20,0,11,193.17,373.9,954.8278805,335.9772404,260.6600284,135.3627312,45.46799431,4.2845,0.026859504,0.983597254,2.83,0.13,88798.99289,380459.285,2811.784732,0.007390501,336.1643186,0.003785677,0.994773432
12,2023,Camp Washington,31,20,0,11,193.17,373.9,1128,520,109,67,18,4.2845,0.309615385,0.86960362,1.61,1,104904,449461.188,50164.91667,0.111611231,1215.5,0.011586784,0.992801635
12,2023,Carthage,31,20,0,11,193.17,373.9,2962,1094,905,576,145,4.2845,0.174588665,0.808487356,2.7,1,275466,1180234.077,59512.41667,0.050424249,10310.3,0.037428576,0.89634018
12,2023,Clifton,31,20,0,11,193.17,373.9,8012,4101,1091,543,155,4.2845,0.058522312,0.895678177,1.940058466,0.4,745116,3192449.502,74780,0.02342402,3992.56,0.005358307,0.924460503
12,2023,College Hill,31,20,0,11,193.17,373.9,16324,7124,3721,2033,828,4.2845,0.20620438,0.813060802,2.238321039,1,1518132,6504436.554,457715.9167,0.070369803,40912.3,0.026949106,0.91037971
12,2023,Columbia Tusculum,31,20,0,11,193.17,373.9,1597.922102,755.1396884,284.111962,159.086084,25.33747029,4.2845,0.048954895,0.980076407,2.11,0.13,148606.7555,636705.6439,11518.54553,0.018090849,342.8433874,0.002307051,1.000474307
12,2023,Corryville,31,20,0,11,193.17,373.9,4442,1987,267,78,1,4.2845,0.023653749,0.686047929,2.159706325,1,413106,1769952.657,14644.41667,0.008273903,1129.7,0.002734649,0.697056481
12,2023,CUF,31,20,0,11,193.17,373.9,17903,6110,478,165,120,4.2845,0.052373159,0.77211139,2.154798515,1,1664979,7133602.526,99706.66667,0.013977043,4075.5,0.002447779,0.788536212
12,2023,Downtown,31,20,0,11,193.17,373.9,5501.109548,3389.128053,229.8482605,28.20355292,0,4.2845,0.072973797,0.934914516,1.449603319,1,511603.188,2191963.859,77060.0243,0.0351557,403.3108068,7.88E-04,0.970858543
12,2023,East End,31,20,0,11,193.17,373.9,1306,681,172,111,38,4.2845,0.114537445,0.955370044,1.9,1,121458,520386.801,24303.5,0.04670276,2130.7,0.01754269,1.019615494
12,2023,East Price Hill,31,20,0,11,193.17,373.9,15955,6112,5263,2574,882,4.2845,0.296138743,0.73184202,2.599238879,1,1483815,6357405.368,563965.8333,0.088710063,49420.8,0.033306578,0.853858661
12,2023,East Walnut Hills,31,20,0,11,193.17,373.9,3876.895887,2470.430591,361.3496144,200.8348329,39.33868895,4.2845,0.03423318,0.915068833,1.552788732,1,360551.3175,1544782.12,26350.81877,0.017057952,3434.481362,0.009525638,0.941652423
12,2023,East Westwood,31,20,0,11,193.17,373.9,2446.440728,1082.362735,662.7084265,423.8682901,112.1505178,4.2845,0.403008497,0.730271131,2.233280064,1,227518.9877,974805.103,135913.0797,0.139425901,7665.068953,0.033689799,0.903386831
12,2023,English Woods,31,20,0,11,193.17,373.9,494.8152745,231.9093079,114.9365155,56.78949881,23.98281623,4.2845,0.24195122,0.715299412,2.1,1,46017.82053,197163.352,17483.17136,0.088673535,1155.044105,0.025099931,0.829072878
12,2023,Evanston,31,20,0,11,193.17,373.9,8421.154843,3511.949534,1469.161852,755.5963693,308.2870928,4.2845,0.090933908,0.854076328,2.101616559,0.36,783167.4004,3355480.727,99505.7877,0.029654704,5476.872063,0.006993233,0.890724264
12,2023,Hartwell,31,20,0,11,193.17,373.9,5403,2462,852,527,174,4.2845,0.097887896,0.924583721,2.07,1,502479,2152871.276,75091.58333,0.034879737,10024.3,0.019949689,0.979413147
12,2023,Hyde Park,31,20,0,11,193.17,373.9,13559,6539,2522,1119,401,4.2845,0.011010858,0.940017258,2.057848168,0.65,1260987,5402698.802,22434,0.004152369,14128.4,0.011204239,0.955373866
12,2023,Kennedy Heights,31,20,0,11,193.17,373.9,4275,2222,492,333,67,4.2845,0.143564356,0.848252783,1.91,1,397575,1703410.088,99395.08333,0.058350649,5720,0.014387223,0.920990654
12,2023,Linwood,31,20,0,11,193.17,373.9,697.8846052,329.8035384,124.0844996,69.48006337,11.06601532,4.2845,0.048954895,0.980076407,2.11,1,64903.26829,278078.053,5030.668009,0.018090849,1151.808925,0.017746547,1.015913803
12,2023,Lower Price Hill,31,20,0,11,193.17,373.9,876.9691235,298.6394422,294.0916335,80.34462151,68.21713147,4.2845,0.631979695,0.466354618,2.32,1,81558.12849,349435.8015,58806.3887,0.168289535,2124.433068,0.026048085,0.660692239
12,2023,Madisonville,31,20,0,11,193.17,373.9,10561.56341,5445.440516,1620.369809,794.7861953,232.8462402,4.2845,0.096409902,0.87532009,1.957708987,1,982225.3973,4208344.715,163579.5015,0.038870271,14695.14383,0.014961071,0.929151433
12,2023,Millvale,31,20,0,11,193.17,373.9,2408.391731,825.648213,1009.460406,614.7161878,61.01962158,4.2845,0.515510949,0.498484702,2.9,1,223980.431,959644.1565,132619.4303,0.138196465,9663.022074,0.04314226,0.679823427
12,2023,Mt. Adams,31,20,0,11,193.17,373.9,1592,984,97,65,11,4.2845,0,0.934637005,1.62,0.13,148056,634345.932,0,0,141.284,9.54E-04,0.935591266
12,2023,Mt. Airy,31,20,0,11,193.17,373.9,8855.104818,4117.800593,2459.034396,1515.051742,311.7610082,4.2845,0.246881058,0.716394854,2.140346369,1,823524.7481,3528391.783,316757.7878,0.089773984,26123.42233,0.031721478,0.837890316
12,2023,Mt. Auburn,31,20,0,11,193.17,373.9,5192,2640,771,558,145,4.2845,0.15719697,0.793266802,1.851103211,1,482856,2068796.532,129307.0833,0.062503529,10052.9,0.020819665,0.876589995
12,2023,Mt. Lookout,31,20,0,11,193.17,373.9,5018.193293,2134.056773,1254.803538,660.4338527,168.5965144,4.2845,0.016816196,0.97521814,2.359967974,0.13,466691.9762,1999541.772,11181.70313,0.005592133,1541.167452,0.003302323,0.984112596
12,2023,Mt. Washington,31,20,0,11,193.17,373.9,11815.2445,5463.880907,2649.821269,1560.902515,620.874501,4.2845,0.13778012,0.908509681,2.133691957,0.45,1098817.738,4707884.6,234564.3472,0.049823725,14039.7351,0.012777128,0.971110534
12,2023,North Avondale - Paddock Hills,31,20,0,11,193.17,373.9,4209.94927,1687.619875,609.4885337,370.5687978,55.37421821,4.2845,0.135145368,0.902230071,2.084645892,1,391525.2821,1677490.071,71064.0602,0.042363327,6090.985129,0.015557067,0.960150465
12,2023,North Fairmount,31,20,0,11,193.17,373.9,1692.184726,793.0906921,393.0634845,194.2105012,82.01718377,4.2845,0.24195122,0.715299412,2.1,1,157373.1795,674265.3875,59789.49531,0.088673535,3950.055895,0.025099931,0.829072878
12,2023,Northside,31,20,0,11,193.17,373.9,8407,4175,1198,548,192,4.2845,0.123113772,0.879595765,2.010178004,1,781851,3349840.61,160153.8333,0.047809389,10582,0.013534548,0.940939703
12,2023,Oakley,31,20,0,11,193.17,373.9,11405.43659,6478.559484,1361.630191,602.2138047,115.1537598,4.2845,0.016825594,0.946980836,1.739411667,1,1060705.603,4544593.155,33964.33184,0.007473569,10258.35617,0.009671257,0.964125662
12,2023,Over-the-Rhine,31,20,0,11,193.17,373.9,6180,3155,840,328,149,4.2845,0.203486529,0.849835918,1.818869231,0.65,574740,2462473.53,200036.5,0.08123397,4433.715,0.007714297,0.938784185
12,2023,Pendleton,31,20,0,11,193.17,373.9,1163,558,238,154,36,4.2845,0.082437276,0.89748322,2.08,1,108159,463407.2355,14332.83333,0.030929239,2717,0.025120425,0.953532884
12,2023,Pleasant Ridge,31,20,0,11,193.17,373.9,7308.599434,3688.551367,1534.065033,828.6644675,150.332705,4.2845,0.131432997,0.883372961,1.952439432,1,679699.7474,2912173.568,151054.7777,0.051870115,13999.65957,0.020596829,0.955839905
12,2023,Queensgate,31,20,0,11,193.17,373.9,280.0308765,95.36055777,93.90836653,25.65537849,21.78286853,4.2845,0.631979695,0.466354618,2.32,1,26042.87151,111580.683,18777.8613,0.168289535,678.3669323,0.026048085,0.660692239
12,2023,Riverside,31,20,0,11,193.17,373.9,2088.550898,829.5508982,512.3952096,212.3473054,86.07784431,4.2845,0.216450716,0.830840211,2.513273138,1,194235.2335,832200.8581,55946.93313,0.06722768,4267.479641,0.021970677,0.920038569
12,2023,Roselawn,31,20,0,11,193.17,373.9,7449,3583,1509,1121,162,4.2845,0.234161317,0.728904,2.031551069,1,692757,2968117.367,261418.4167,0.088075499,18346.9,0.02648389,0.843463388
12,2023,Sayler Park,31,20,0,11,193.17,373.9,2745,1184,682,423,106,4.2845,0.199324324,0.857092042,2.314898367,1,255285,1093768.583,73533.66667,0.067229639,7564.7,0.029632372,0.953954052
12,2023,Sedamsville,31,20,0,11,193.17,373.9,590.4491018,200.4491018,187.6047904,48.65269461,38.92215569,4.2845,0.316504854,0.750546837,2.81,1,54911.76647,235269.4634,19767.81687,0.084022026,1252.320359,0.022806048,0.85737491
12,2023,South Cumminsville,31,20,0,11,193.17,373.9,788.6082691,270.351787,330.5395936,201.2838122,19.98037842,4.2845,0.515510949,0.498484702,2.9,1,73340.56903,314227.668,43425.153,0.138196465,3164.077926,0.04314226,0.679823427
12,2023,South Fairmount,31,20,0,11,193.17,373.9,1960,852,478,231,108,4.2845,0.253521127,0.718636272,2.13,1,182280,780978.66,67302,0.08617649,4847.7,0.026594799,0.831407561
12,2023,Spring Grove Village,31,20,0,11,193.17,373.9,2163,927,549,327,132,4.2845,0.252427184,0.77983631,2.32,1,201159,861865.7355,72910.5,0.084596123,6563.7,0.032629413,0.897061846
12,2023,Villages at Roll Hill,31,20,0,11,193.17,373.9,2262,901,1261,630,135,4.2845,0.612652608,0.359694036,2.51,1,210366,901313.127,171994,0.190826024,10939.5,0.052002225,0.602522284
12,2023,Walnut Hills,31,20,0,11,193.17,373.9,6259,3678,829,359,193,4.2845,0.347471452,0.790895394,1.714202261,0.69,582087,2493951.752,398203.5,0.159667684,5446.584,0.009356993,0.959920071
12,2023,West End,31,20,0,11,193.17,373.9,7764.890452,3592.871947,2249.151739,1322.796447,198,4.2845,0.433269674,0.699608129,2.182286781,1,722134.812,3093986.602,485036.309,0.156767424,21747.38919,0.030115415,0.886490968
12,2023,West Price Hill,31,20,0,11,193.17,373.9,18811.14342,7650.011933,5370.627021,3261.091031,1051.858812,4.2845,0.201424858,0.815275332,2.450516273,1,1749436.338,7495459.99,480119.5588,0.064054716,61675.18276,0.035254317,0.914584365
12,2023,Westwood,31,20,0,11,193.17,373.9,34059.55927,15074.63727,9471.291574,4788.13171,1273.849482,4.2845,0.213391444,0.823986694,2.266125449,1,3167539.012,13571320.9,1002300.837,0.073854332,86686.33105,0.027367092,0.925208118
12,2023,Winton Hills,31,20,0,11,193.17,373.9,5401,2699,2102,1050,281,4.2845,0.519081141,0.64571331,2,1,502293,2152074.359,436528.25,0.202840691,19033.3,0.037892824,0.886446825
12,2024,Avondale,31,16,0,15,187.9335,368.4889,12501,5950,3040,1641,623,4.395897,0.398991597,0.690806134,1.963373111,1,1162593,5110639.081,728993.8738,0.14264241,44148,0.037973736,0.87142228
12,2024,Bond Hill,31,16,0,15,187.9335,368.4889,6399,3191,1417,905,151,4.395897,0.162331558,0.850134085,1.980091999,1,595107,2616029.076,159064.3752,0.060803749,20592,0.034602181,0.945540015
12,2024,California,31,16,0,15,187.9335,368.4889,928.7965861,340.1422475,242.2645804,132.5860597,50.6742532,4.395897,0.02755102,0.976559214,2.72,0.13,86378.0825,379709.1537,2877.672917,0.007578624,464.5648933,0.005378273,0.989516111
12,2024,Camp Washington,31,16,0,15,187.9335,368.4889,1143,548,90,45,12,4.395897,0.313868613,0.876434088,1.55,1,106299,467279.4552,52816.74233,0.113030311,1111.5,0.010456354,0.999920754
12,2024,Carthage,31,16,0,15,187.9335,368.4889,3183,979,1107,542,137,4.395897,0.269662921,0.733606197,3.25,1,296019,1301269.034,81067.558,0.062298845,13240.5,0.044728548,0.840633589
12,2024,Clifton,31,16,0,15,187.9335,368.4889,8028,4079,1068,501,166,4.395897,0.076244177,0.885250904,1.945491113,0.4,746604,3281994.284,95500.03992,0.029098174,5202.6,0.006968353,0.92131743
12,2024,College Hill,31,16,0,15,187.9335,368.4889,15930,7147,3555,1788,776,4.395897,0.226108857,0.804704983,2.172954947,1,1481490,6512477.447,496231.7187,0.076197073,49998,0.033748456,0.914650512
12,2024,Columbia Tusculum,31,16,0,15,187.9335,368.4889,1621.18273,765.9392659,265.8357539,148.7018748,29.49115395,4.395897,0.043383948,0.95904074,2.11,0.13,150769.9939,662769.364,10203.90881,0.015395867,451.719328,0.002996082,0.977432689
12,2024,Corryville,31,16,0,15,187.9335,368.4889,4277,1968,256,101,1,4.395897,0.018800813,0.67161011,2.086822289,1,397761,1748516.387,11361.74108,0.006497932,1989,0.00500049,0.683108532
12,2024,CUF,31,16,0,15,187.9335,368.4889,18282,6192,456,180,92,4.395897,0.066860465,0.782651708,2.153319783,1,1700226,7474018.373,127128.6705,0.017009414,5304,0.003119585,0.802780707
12,2024,Downtown,31,16,0,15,187.9335,368.4889,6070.715026,3633.99852,282.6447076,85.00592154,0,4.395897,0.063479574,0.918821977,1.484669432,1,564576.4974,2481820.131,70837.28604,0.028542474,1657.61547,0.002936033,0.950300484
12,2024,East End,31,16,0,15,187.9335,368.4889,1323,707,71,36,24,4.395897,0.099009901,0.948525224,1.86,1,123039,540866.771,21495.18583,0.039742108,1170,0.00950918,0.997776513
12,2024,East Price Hill,31,16,0,15,187.9335,368.4889,16286,6321,5352,2708,815,4.395897,0.332384116,0.71801936,2.593354997,1,1514598,6658016.804,645162.6491,0.096900123,68698.5,0.04535758,0.860277064
12,2024,East Walnut Hills,31,16,0,15,187.9335,368.4889,3934.501285,2474.03856,308.3309769,169.5122108,25.28534704,4.395897,0.021840688,0.93192842,1.586430218,1,365908.6195,1608496.603,16592.65731,0.010315631,3798.552378,0.01038115,0.952625201
12,2024,East Westwood,31,16,0,15,187.9335,368.4889,2601.088353,1064.265709,734.3991673,467.6568839,122.2488875,4.395897,0.419072549,0.699829171,2.409468638,1,241901.2169,1063372.833,136956.4362,0.128794372,11503.16254,0.04755314,0.876176684
12,2024,English Woods,31,16,0,15,187.9335,368.4889,496.1727924,239.8281623,148.874463,74.66348449,22.85155131,4.395897,0.324528302,0.687230934,2.04,1,46144.06969,202844.5775,23899.89104,0.117823663,1901.543198,0.041208832,0.846263428
12,2024,Evanston,31,16,0,15,187.9335,368.4889,8404.596004,3388.064636,1664.030385,884.24248,395.266425,4.395897,0.120803737,0.830442821,2.18067287,0.36,781627.4284,3435953.668,125682.6184,0.036578671,8982.152513,0.011491604,0.878513095
12,2024,Hartwell,31,16,0,15,187.9335,368.4889,5439,2426,1243,558,243,4.395897,0.23577906,0.843932863,2.1,1,505827,2223563.392,175646.3757,0.078993195,15619.5,0.030879135,0.953805193
12,2024,Hyde Park,31,16,0,15,187.9335,368.4889,13303,6483,2448,1036,436,4.395897,0.016813204,0.938358409,2.031959221,0.65,1237179,5438511.455,33471.07508,0.006154455,18657.6,0.01508076,0.959593625
12,2024,Kennedy Heights,31,16,0,15,187.9335,368.4889,4649,2401,684,380,165,4.395897,0.101624323,0.871139734,1.93,1,432357,1900596.839,74926.07633,0.039422393,10627.5,0.024580381,0.935142508
12,2024,Linwood,31,16,0,15,187.9335,368.4889,708.0435701,334.5202007,116.1024558,64.9448112,12.88011619,4.395897,0.043383948,0.95904074,2.11,1,65848.05202,289461.2543,4456.506897,0.015395867,1517.586084,0.023046788,0.997483394
12,2024,Lower Price Hill,31,16,0,15,187.9335,368.4889,943.6703187,306.2191235,283.4800797,132.6444223,68.21713147,4.395897,0.571782178,0.509650105,2.42,1,87761.33964,385789.8096,53765.797,0.139365519,3916.800299,0.044630133,0.693645757
12,2024,Madisonville,31,16,0,15,187.9335,368.4889,10748.04938,5684.800786,1490.818182,744.3058361,233.9118967,4.395897,0.106730738,0.887988151,1.899867134,1,999568.5926,4394000.577,186315.0461,0.042402144,19075.24579,0.019083479,0.949473773
12,2024,Millvale,31,16,0,15,187.9335,368.4889,2757.182901,987.6138753,1198.5459,1093.079888,0,4.395897,0.745995423,0.335307065,2.78,1,256418.0098,1127187.16,226238.4986,0.200710678,21315.05781,0.083126212,0.619143954
12,2024,Mt. Adams,31,16,0,15,187.9335,368.4889,1631,1016,90,58,15,4.395897,0,0.950534229,1.61,0.13,151683,666782.8447,0,0,185.055,0.001220011,0.951754241
12,2024,Mt. Airy,31,16,0,15,187.9335,368.4889,9099.048036,4234.088213,2055.363973,1319.365456,150.7451446,4.395897,0.287523462,0.802446372,2.132741899,1,846211.4673,3719858.451,373831.898,0.10049627,28667.15671,0.03387706,0.936819701
12,2024,Mt. Auburn,31,16,0,15,187.9335,368.4889,5046,2650,705,474,109,4.395897,0.103018868,0.81967643,1.783449688,1,469278,2062897.752,83831.22475,0.040637605,11368.5,0.024225512,0.884539547
12,2024,Mt. Lookout,31,16,0,15,187.9335,368.4889,5096.773699,2144.540533,1239.06179,682.353314,134.6287299,4.395897,0.015041788,0.965245402,2.387742194,0.13,473999.9541,2083654.976,9905.510964,0.004753911,2071.049481,0.004369303,0.974368616
12,2024,Mt. Washington,31,16,0,15,187.9335,368.4889,11879.67519,5553.087735,2598.366801,1379.398705,642.950248,4.395897,0.115661466,0.905976425,2.117269253,0.45,1104809.793,4856630.055,197227.0098,0.040609848,17746.11206,0.016062595,0.962648868
12,2024,North Avondale - Paddock Hills,31,16,0,15,187.9335,368.4889,4878.90271,1839.896803,824.6386379,457.2453092,82.44822794,4.395897,0.066674624,0.919005919,2.27,1,453737.9521,1994585.302,37670.13712,0.0188862,10524.02397,0.023194057,0.961086176
12,2024,North Fairmount,31,16,0,15,187.9335,368.4889,1696.827208,820.1718377,509.125537,255.3365155,78.14844869,4.395897,0.324528302,0.687230934,2.04,1,157804.9303,693694.2197,81733.59363,0.117823663,6502.956802,0.041208832,0.846263428
12,2024,Northside,31,16,0,15,187.9335,368.4889,8550,4378,1275,664,146,4.395897,0.100502513,0.876720911,1.942498411,1,795150,3495397.5,135112.5967,0.03865443,15795,0.019864177,0.935239518
12,2024,Oakley,31,16,0,15,187.9335,368.4889,11411.95062,6598.199214,1267.181818,540.6941639,72.08810325,4.395897,0.015043046,0.952669194,1.708519196,1,1061311.407,4665415.632,30479.25677,0.006533021,11949.25421,0.011258952,0.970461166
12,2024,Over-the-Rhine,31,16,0,15,187.9335,368.4889,6291,3343,715,315,73,4.395897,0.169608136,0.868197339,1.784465385,0.65,585063,2571876.687,174111.0053,0.067698038,4917.9,0.008405761,0.944301138
12,2024,Pendleton,31,16,0,15,187.9335,368.4889,1146,596,210,132,31,4.395897,0.08557047,0.943748038,1.92,1,106578,468505.9105,15660.77825,0.033427067,3178.5,0.029823228,1.006998332
12,2024,Pleasant Ridge,31,16,0,15,187.9335,368.4889,7268.072573,3683.009425,1571.93968,901.1055608,227.2544769,4.395897,0.117650837,0.895783889,1.953138402,1,675930.7493,2971321.953,133058.0077,0.044780744,22003.02074,0.032552182,0.973116815
12,2024,Queensgate,31,16,0,15,187.9335,368.4889,301.3296813,97.78087649,90.51992032,42.35557769,21.78286853,4.395897,0.571782178,0.509650105,2.42,1,28023.66036,123189.1245,17168.31625,0.139365519,1250.699701,0.044630133,0.693645757
12,2024,Riverside,31,16,0,15,187.9335,368.4889,2268.610778,840.8323353,659.8922156,318.1556886,109.9520958,4.395897,0.34436223,0.807189532,2.771670429,1,210980.8024,927449.8763,88913.57664,0.095868875,8348.101796,0.039568064,0.942626471
12,2024,Roselawn,31,16,0,15,187.9335,368.4889,7375,3604,1483,1030,148,4.395897,0.249167592,0.716173201,1.98616494,1,685875,3015035.855,275752.5268,0.09145912,22971,0.033491525,0.841123846
12,2024,Sayler Park,31,16,0,15,187.9335,368.4889,2713,1183,739,439,160,4.395897,0.22569738,0.862711366,2.297347551,1,252309,1109124.376,81988.78025,0.073922079,11680.5,0.046294425,0.98292787
12,2024,Sedamsville,31,16,0,15,187.9335,368.4889,715.3892216,196.1676647,256.1077844,77.84431138,56.04790419,4.395897,0.359126984,0.733303852,3.5,1,66531.1976,292464.292,21633.09336,0.073968323,2610.898204,0.039243217,0.846515392
12,2024,South Cumminsville,31,16,0,15,187.9335,368.4889,902.8170988,323.3861247,392.4540995,357.9201121,0,4.395897,0.745995423,0.335307065,2.78,1,83961.99019,369088.2608,74079.95489,0.200710678,6979.442186,0.083126212,0.619143954
12,2024,South Fairmount,31,16,0,15,187.9335,368.4889,2319,960,667,259,102,4.395897,0.2375,0.706564387,2.27,1,215667,948049.9183,70012.891,0.073849372,7039.5,0.032640599,0.813054357
12,2024,Spring Grove Village,31,16,0,15,187.9335,368.4889,1996,881,469,296,133,4.395897,0.238365494,0.769126803,2.25,1,185628,816001.5683,64485.5575,0.079026267,8365.5,0.045065938,0.893219008
12,2024,Villages at Roll Hill,31,16,0,15,187.9335,368.4889,2196,895,1128,574,206,4.395897,0.612290503,0.413092065,2.45,1,204228,897765.2525,168276.5977,0.187439419,15210,0.074475586,0.675007071
12,2024,Walnut Hills,31,16,0,15,187.9335,368.4889,6176,3528,737,354,201,4.395897,0.306405896,0.805375246,1.741359925,0.69,574368,2524862.568,331947.0841,0.131471348,7467.525,0.01300129,0.949847883
12,2024,West End,31,16,0,15,187.9335,368.4889,6929.284974,3429.00148,2061.355292,1159.994078,178,4.395897,0.452993482,0.706312849,2.046430172,1,644423.5026,2832819.342,476982.8786,0.168377443,26090.88453,0.040487171,0.915177464
12,2024,West Price Hill,31,16,0,15,187.9335,368.4889,18669.39287,7441.500965,5187.970243,3128.862443,1039.131704,4.395897,0.184977762,0.814924436,2.495004634,1,1736253.537,7632391.714,422691.2204,0.055381227,81275.88587,0.04681107,0.917116733
12,2024,Westwood,31,16,0,15,187.9335,368.4889,34095.91165,15214.73429,9589.600833,5082.343116,1146.751113,4.395897,0.210256413,0.824646515,2.250008974,1,3170919.783,13939036.76,982328.5975,0.070473205,121467.3375,0.038306657,0.933426378
12,2024,Winton Hills,31,16,0,15,187.9335,368.4889,4681,2540,1351,691,121,4.395897,0.546850394,0.679619002,1.84,1,435333,1913679.029,426525.9017,0.222882675,15834,0.036372156,0.938873834
12,2025,Avondale,31,16,0,15,185.0728,358.3328,12501,5950,3040,1641,623,4.510190322,0.398991597,0.683326044,1.963373111,1,1162593,5243515.697,708901.7227,0.135195881,44148,0.037973736,0.856495661
12,2025,Bond Hill,31,16,0,15,185.0728,358.3328,6399,3191,1417,905,151,4.510190322,0.162331558,0.845204216,1.980091999,1,595107,2684045.832,154680.3253,0.05762954,20592,0.034602181,0.937435936
12,2025,California,31,16,0,15,185.0728,358.3328,928.7965861,340.1422475,242.2645804,132.5860597,50.6742532,4.510190322,0.02755102,0.975963749,2.72,0.13,86378.0825,389581.5917,2798.359989,0.007182988,464.5648933,0.005378273,0.98852501
12,2025,Camp Washington,31,16,0,15,185.0728,358.3328,1143,548,90,45,12,4.510190322,0.313868613,0.872120275,1.55,1,106299,479428.721,51361.03467,0.107129657,1111.5,0.010456354,0.989706287
12,2025,Carthage,31,16,0,15,185.0728,358.3328,3183,979,1107,542,137,4.510190322,0.269662921,0.728993529,3.25,1,296019,1335102.029,78833.216,0.059046585,13240.5,0.044728548,0.832768662
12,2025,Clifton,31,16,0,15,185.0728,358.3328,8028,4079,1068,501,166,4.510190322,0.076244177,0.88110128,1.945491113,0.4,746604,3367326.135,92867.91733,0.027579128,5202.6,0.006968353,0.91564876
12,2025,College Hill,31,16,0,15,185.0728,358.3328,15930,7147,3555,1788,776,4.510190322,0.226108857,0.800750723,2.172954947,1,1481490,6681801.86,482554.8373,0.072219268,49998,0.033748456,0.906718446
12,2025,Columbia Tusculum,31,16,0,15,185.0728,358.3328,1621.18273,765.9392659,265.8357539,148.7018748,29.49115395,4.510190322,0.043383948,0.957522593,2.11,0.13,150769.9939,680001.3675,9922.673962,0.014592138,451.719328,0.002996082,0.975110814
12,2025,Corryville,31,16,0,15,185.0728,358.3328,4277,1968,256,101,1,4.510190322,0.018800813,0.664814763,2.086822289,1,397761,1793977.813,11048.59467,0.006158713,1989,0.00500049,0.675973967
12,2025,CUF,31,16,0,15,185.0728,358.3328,18282,6192,456,180,92,4.510190322,0.066860465,0.776454838,2.153319783,1,1700226,7668342.85,123624.816,0.016121451,5304,0.003119585,0.795695875
12,2025,Downtown,31,16,0,15,185.0728,358.3328,6070.715026,3633.99852,282.6447076,85.00592154,0,4.510190322,0.063479574,0.916223742,1.484669432,1,564576.4974,2546347.455,68884.90549,0.027052438,1657.61547,0.002936033,0.946212213
12,2025,East End,31,16,0,15,185.0728,358.3328,1323,707,71,36,24,4.510190322,0.099009901,0.947099586,1.86,1,123039,554929.307,20902.74667,0.037667404,1170,0.00950918,0.994276171
12,2025,East Price Hill,31,16,0,15,185.0728,358.3328,16286,6321,5352,2708,815,4.510190322,0.332384116,0.712789168,2.593354997,1,1514598,6831125.241,627381.0107,0.091841532,68698.5,0.04535758,0.84998828
12,2025,East Walnut Hills,31,16,0,15,185.0728,358.3328,3934.501285,2474.03856,308.3309769,169.5122108,25.28534704,4.510190322,0.021840688,0.930047984,1.586430218,1,365908.6195,1650317.515,16135.3391,0.009777112,3798.552378,0.01038115,0.950206247
12,2025,East Westwood,31,16,0,15,185.0728,358.3328,2601.088353,1064.265709,734.3991673,467.6568839,122.2488875,4.510190322,0.419072549,0.693822931,2.409468638,1,241901.2169,1091020.527,133181.714,0.122070768,11503.16254,0.04755314,0.86344684
12,2025,English Woods,31,16,0,15,185.0728,358.3328,496.1727924,239.8281623,148.874463,74.66348449,22.85155131,4.510190322,0.324528302,0.680023897,2.04,1,46144.06969,208118.5365,23241.17464,0.111672776,1901.543198,0.041208832,0.832905505
12,2025,Evanston,31,16,0,15,185.0728,358.3328,8404.596004,3388.064636,1664.030385,884.24248,395.266425,4.510190322,0.120803737,0.8273407,2.18067287,0.36,781627.4284,3525288.463,122218.6192,0.034669112,8982.152513,0.011491604,0.873501415
12,2025,Hartwell,31,16,0,15,185.0728,358.3328,5439,2426,1243,558,243,4.510190322,0.23577906,0.836564704,2.1,1,505827,2281376.04,170805.3013,0.07486942,15619.5,0.030879135,0.942313259
12,2025,Hyde Park,31,16,0,15,185.0728,358.3328,13303,6483,2448,1036,436,4.510190322,0.016813204,0.936164064,2.031959221,0.65,1237179,5579912.752,32548.56267,0.005833167,18657.6,0.01508076,0.957077991
12,2025,Kennedy Heights,31,16,0,15,185.0728,358.3328,4649,2401,684,380,165,4.510190322,0.101624323,0.867217647,1.93,1,432357,1950012.357,72861.00267,0.03736438,10627.5,0.024580381,0.929162409
12,2025,Linwood,31,16,0,15,185.0728,358.3328,708.0435701,334.5202007,116.1024558,64.9448112,12.88011619,4.510190322,0.043383948,0.957522593,2.11,1,65848.05202,296987.2469,4333.678965,0.014592138,1517.586084,0.023046788,0.995161519
12,2025,Lower Price Hill,31,16,0,15,185.0728,358.3328,943.6703187,306.2191235,283.4800797,132.6444223,68.21713147,4.510190322,0.571782178,0.501564864,2.42,1,87761.33964,395820.3447,52283.93198,0.132090057,3916.800299,0.044630133,0.678285055
12,2025,Madisonville,31,16,0,15,185.0728,358.3328,10748.04938,5684.800786,1490.818182,744.3058361,233.9118967,4.510190322,0.106730738,0.884097488,1.899867134,1,999568.5926,4508244.592,181179.9274,0.040188575,19075.24579,0.019083479,0.943369542
12,2025,Millvale,31,16,0,15,185.0728,358.3328,2757.182901,987.6138753,1198.5459,1093.079888,0,4.510190322,0.745995423,0.330463302,2.78,1,256418.0098,1156494.026,220003.0304,0.190232743,21315.05781,0.083126212,0.603822257
12,2025,Mt. Adams,31,16,0,15,185.0728,358.3328,1631,1016,90,58,15,4.510190322,0,0.949892152,1.61,0.13,151683,684119.1986,0,0,185.055,0.001220011,0.951112163
12,2025,Mt. Airy,31,16,0,15,185.0728,358.3328,9099.048036,4234.088213,2055.363973,1319.365456,150.7451446,4.510190322,0.287523462,0.797999977,2.132741899,1,846211.4673,3816574.77,363528.5371,0.095249945,28667.15671,0.03387706,0.927126982
12,2025,Mt. Auburn,31,16,0,15,185.0728,358.3328,5046,2650,705,474,109,4.510190322,0.103018868,0.81645244,1.783449688,1,469278,2116533.094,81520.712,0.038516153,11368.5,0.024225512,0.879194105
12,2025,Mt. Lookout,31,16,0,15,185.0728,358.3328,5096.773699,2144.540533,1239.06179,682.353314,134.6287299,4.510190322,0.015041788,0.964436361,2.387742194,0.13,473999.9541,2137830.005,9632.500407,0.004505737,2071.049481,0.004369303,0.973311402
12,2025,Mt. Washington,31,16,0,15,185.0728,358.3328,11879.67519,5553.087735,2598.366801,1379.398705,642.950248,4.510190322,0.115661466,0.902949553,2.117269253,0.45,1104809.793,4982902.436,191791.1412,0.038489845,17746.11206,0.016062595,0.957501993
12,2025,North Avondale - Paddock Hills,31,16,0,15,185.0728,358.3328,4878.90271,1839.896803,824.6386379,457.2453092,82.44822794,4.510190322,0.066674624,0.916421748,2.27,1,453737.9521,2046444.52,36631.89234,0.017900262,10524.02397,0.023194057,0.957516067
12,2025,North Fairmount,31,16,0,15,185.0728,358.3328,1696.827208,820.1718377,509.125537,255.3365155,78.14844869,4.510190322,0.324528302,0.680023897,2.04,1,157804.9303,711730.2694,79480.8947,0.111672776,6502.956802,0.041208832,0.832905505
12,2025,Northside,31,16,0,15,185.0728,358.3328,8550,4378,1275,664,146,4.510190322,0.100502513,0.873118951,1.942498411,1,795150,3586277.835,131388.6933,0.036636507,15795,0.019864177,0.929619634
12,2025,Oakley,31,16,0,15,185.0728,358.3328,11411.95062,6598.199214,1267.181818,540.6941639,72.08810325,4.510190322,0.015043046,0.951589023,1.708519196,1,1061311.407,4786716.438,29639.2033,0.00619197,11949.25421,0.011258952,0.969039945
12,2025,Over-the-Rhine,31,16,0,15,185.0728,358.3328,6291,3343,715,315,73,4.510190322,0.169608136,0.865806618,1.784465385,0.65,585063,2638745.48,169312.248,0.064163918,4917.9,0.008405761,0.938376297
12,2025,Pendleton,31,16,0,15,185.0728,358.3328,1146,596,210,132,31,4.510190322,0.08557047,0.941729513,1.92,1,106578,480687.0641,15229.144,0.031682034,3178.5,0.029823228,1.003234775
12,2025,Pleasant Ridge,31,16,0,15,185.0728,358.3328,7268.072573,3683.009425,1571.93968,901.1055608,227.2544769,4.510190322,0.117650837,0.892514094,1.953138402,1,675930.7493,3048576.324,129390.7319,0.042443002,22003.02074,0.032552182,0.967509278
12,2025,Queensgate,31,16,0,15,185.0728,358.3328,301.3296813,97.78087649,90.51992032,42.35557769,21.78286853,4.510190322,0.571782178,0.501564864,2.42,1,28023.66036,126392.0417,16695.13202,0.132090057,1250.699701,0.044630133,0.678285055
12,2025,Riverside,31,16,0,15,185.0728,358.3328,2268.610778,840.8323353,659.8922156,318.1556886,109.9520958,4.510190322,0.34436223,0.804213119,2.771670429,1,210980.8024,951563.5731,86462.98675,0.09086412,8348.101796,0.039568064,0.934645303
12,2025,Roselawn,31,16,0,15,185.0728,358.3328,7375,3604,1483,1030,148,4.510190322,0.249167592,0.709520885,1.98616494,1,685875,3093426.787,268152.3787,0.086684573,22971,0.033491525,0.829696983
12,2025,Sayler Park,31,16,0,15,185.0728,358.3328,2713,1183,739,439,160,4.510190322,0.22569738,0.859207145,2.297347551,1,252309,1137961.61,79729.048,0.070063038,11680.5,0.046294425,0.975564608
12,2025,Sedamsville,31,16,0,15,185.0728,358.3328,715.3892216,196.1676647,256.1077844,77.84431138,56.04790419,4.510190322,0.359126984,0.73035819,3.5,1,66531.1976,300068.3635,21036.85325,0.070106868,2610.898204,0.039243217,0.839708275
12,2025,South Cumminsville,31,16,0,15,185.0728,358.3328,902.8170988,323.3861247,392.4540995,357.9201121,0,4.510190322,0.745995423,0.330463302,2.78,1,83961.99019,378684.5556,72038.20159,0.190232743,6979.442186,0.083126212,0.603822257
12,2025,South Fairmount,31,16,0,15,185.0728,358.3328,2319,960,667,259,102,4.510190322,0.2375,0.700960253,2.27,1,215667,972699.2162,68083.232,0.069994127,7039.5,0.032640599,0.803594979
12,2025,Spring Grove Village,31,16,0,15,185.0728,358.3328,1996,881,469,296,133,4.510190322,0.238365494,0.766607052,2.25,1,185628,837217.6091,62708.24,0.074900766,8365.5,0.045065938,0.886573756
12,2025,Villages at Roll Hill,31,16,0,15,185.0728,358.3328,2196,895,1128,574,206,4.510190322,0.612290503,0.404011237,2.45,1,204228,921107.1491,163638.6453,0.177654299,15210,0.074475586,0.656141122
12,2025,Walnut Hills,31,16,0,15,185.0728,358.3328,6176,3528,737,354,201,4.510190322,0.306405896,0.802111614,1.741359925,0.69,574368,2590508.995,322798.1307,0.124607995,7467.525,0.01300129,0.939720898
12,2025,West End,31,16,0,15,185.0728,358.3328,6929.284974,3429.00148,2061.355292,1159.994078,178,4.510190322,0.452993482,0.699636422,2.046430172,1,644423.5026,2906472.645,463836.5238,0.159587438,26090.88453,0.040487171,0.899711031
12,2025,West Price Hill,31,16,0,15,185.0728,358.3328,18669.39287,7441.500965,5187.970243,3128.862443,1039.131704,4.510190322,0.184977762,0.81171887,2.495004634,1,1736253.537,7830833.898,411041.2241,0.052490096,81275.88587,0.04681107,0.911020037
12,2025,Westwood,31,16,0,15,185.0728,358.3328,34095.91165,15214.73429,9589.600833,5082.343116,1146.751113,4.510190322,0.210256413,0.819990704,2.250008974,1,3170919.783,14301451.72,955254.166,0.06679421,121467.3375,0.038306657,0.925091571
12,2025,Winton Hills,31,16,0,15,185.0728,358.3328,4681,2540,1351,691,121,4.510190322,0.546850394,0.672854039,1.84,1,435333,1963434.683,414770.216,0.21124727,15834,0.036372156,0.920473465
